-3.719838,-3.757801,-3.893669,-3.659014,-3.696090,-4.234180,-4.865579,-4.501892,-4.777721,-4.692929,-4.537953,-5.175435,-4.621516,-4.476372,-5.243191,-5.209196,-5.112308,-4.677143,-4.296938,-3.873558,-3.638438,-3.680202,-3.875257,-3.988597,-3.865436,-3.723708,-3.834359,-4.153643,-4.462380,-4.916101,-5.981554,-5.569581,-4.744932,-4.226003,-3.787194,-3.485661,-3.289724,-3.090211,-2.825765,-2.557406,-2.353075,-2.253808,-2.309014,-2.508463,-2.776962,-3.021534,-3.181322,-3.193633,-3.096250,-2.953718,-2.876927,-2.832803,-2.570380,-2.305571,-2.258316,-2.486944,-2.897892,-3.208184,-3.406928,-3.700304,-4.290972,-4.751487,-4.885397,-6.587312,-5.452841,-5.375960,-5.681609,-3.899736,-3.267256,-3.156400,-3.451767,-4.176741,-4.803718,-4.298277,-4.580621,-4.954164,-4.179698,-4.824800,-5.066913,-4.551211,-4.938780,-5.188198,-4.771870,-5.189867,-5.144169,-5.024265,-5.200462,-5.101569,-5.148932,-5.136845,-5.099056,-4.997986,-5.108718,-5.580013,-5.683377,-5.495492,-5.416857,-5.383460,-5.407384,-5.447418,-5.379671,-5.357267,-5.618402,-5.609796,-5.353264,-5.467567,-5.591571,-5.650283,-5.629181,-5.531486,-5.586159,-5.680298,-5.716128,-5.686357,-5.677113,-5.720487,-5.780955,-5.821198,-5.797329,-5.771754,-5.744757,-5.750610,-5.792314,-5.900559,-5.851500,-5.872928,-5.895102,-5.856078,-5.882027,-5.861145,-5.982359,-6.104873,-6.001875,-5.867120,-5.787806,-5.873832,-6.011635,-6.063456,-6.036622,-6.058468,-6.105222,-6.100382,-6.129940,-6.181350
-3.702186,-3.718919,-4.194457,-3.572180,-3.596485,-4.283768,-5.593761,-4.368644,-4.991652,-4.743510,-4.356555,-5.751901,-4.476576,-4.163748,-5.473693,-4.951501,-5.836317,-4.644868,-4.621567,-3.918214,-3.557438,-3.855235,-4.078648,-4.435878,-4.147069,-3.769537,-3.855300,-4.680154,-4.632291,-5.197206,-6.154850,-5.682596,-5.058956,-4.691932,-4.011185,-3.711631,-3.539665,-3.291048,-2.906261,-2.213361,-1.738171,-1.775440,-2.159745,-2.489543,-2.845004,-3.068680,-3.590858,-3.689721,-3.642467,-3.258691,-2.864400,-2.863211,-3.194972,-1.803578,-1.098205,-1.555059,-3.327537,-3.556025,-3.980242,-4.121688,-4.506948,-3.400395,-3.634732,-4.158838,-4.757738,-5.297143,-5.429626,-3.817947,-2.836668,-3.334746,-5.363720,-6.039863,-7.235909,-6.898953,-5.261950,-2.971679,-1.923955,-2.777574,-2.021065,-2.419697,-4.730163,-2.736862,-1.909181,-2.439721,-5.187110,-7.002027,-6.954002,-8.288142,-8.178478,-7.584585,-7.059101,-8.193436,-6.609452,-7.050612,-7.825708,-8.472650,-8.834580,-8.033188,-7.884659,-5.747354,-5.025841,-6.213061,-5.349671,-5.698576,-7.101524,-6.045069,-5.074488,-5.520854,-6.988410,-7.882110,-6.443101,-6.525990,-7.827776,-7.228915,-6.174813,-6.487731,-7.330751,-7.579792,-8.038558,-5.940194,-4.913054,-4.379538,-4.345005,-5.580218,-5.358276,-5.709070,-6.366215,-6.719851,-7.440554,-8.099574,-6.293767,-7.366479,-5.867402,-6.385078,-7.456691,-7.714094,-7.989862,-7.130030,-5.767764,-5.996375,-7.574878,-8.209235,-8.951674,-7.159634
-3.774923,-3.770218,-5.017203,-3.595747,-3.625023,-4.542172,-6.216156,-4.269228,-4.782387,-4.618846,-4.390490,-5.040212,-4.361857,-4.018406,-4.556599,-4.701079,-5.440342,-4.719347,-4.818715,-3.985709,-3.690369,-5.117365,-4.550653,-5.594563,-5.604928,-4.450460,-4.150110,-5.213324,-4.904758,-5.988821,-5.875370,-5.334033,-6.403575,-6.697141,-5.096443,-5.862796,-6.090413,-5.580121,-4.485265,-3.222021,-2.353123,-2.732191,-4.882701,-4.616313,-5.266947,-4.892419,-5.007065,-7.054994,-6.477146,-5.522521,-5.738975,-5.489663,-5.081815,-1.972107,-1.188583,-1.808651,-4.931580,-7.402162,-5.837987,-5.307110,-4.485039,-3.639566,-3.343071,-3.658061,-4.618556,-5.288444,-5.662999,-4.321401,-3.049794,-3.127789,-4.325342,-5.756686,-6.530881,-7.354934,-5.610413,-2.985109,-2.027452,-2.088237,-2.023387,-2.543431,-5.783032,-2.897366,-2.023143,-2.609781,-5.915367,-6.563397,-6.982421,-7.650645,-6.805667,-6.260159,-6.275786,-6.408689,-5.709959,-5.879650,-7.249379,-7.652845,-7.448008,-7.376340,-8.403011,-6.592824,-6.101284,-6.215485,-5.760534,-6.221316,-8.529844,-6.599780,-5.489285,-5.794187,-7.275386,-6.259505,-5.627256,-6.480889,-7.871714,-8.017155,-6.960080,-7.130794,-7.492057,-7.887970,-8.768137,-6.805380,-5.742407,-5.202875,-5.298487,-6.095512,-5.641192,-5.978034,-7.123520,-7.661850,-8.042020,-8.215652,-7.066357,-6.914654,-8.766286,-7.949569,-7.927524,-8.517737,-9.153479,-7.115296,-5.881934,-6.168933,-7.948356,-8.868423,-8.072647,-8.726594
-3.909877,-3.891748,-5.631682,-3.737353,-3.730078,-5.105488,-5.037038,-4.181612,-4.296622,-4.509386,-4.687510,-4.697894,-4.378956,-4.061053,-4.209147,-4.589846,-5.131569,-5.006708,-4.453424,-3.754676,-3.713169,-4.351956,-4.443088,-5.923366,-6.118879,-5.340252,-4.584391,-4.304519,-4.608903,-4.779004,-4.886127,-4.890996,-4.949220,-5.239695,-5.307075,-6.250767,-6.406984,-5.863400,-6.436554,-4.337883,-3.399332,-3.784324,-4.964891,-5.630778,-5.174860,-4.686722,-5.735145,-6.261602,-6.062129,-5.942802,-6.013764,-5.279613,-5.545585,-2.077936,-1.303309,-1.929972,-5.549315,-5.631141,-6.512806,-7.256179,-6.295673,-6.069788,-6.160042,-5.320032,-5.766683,-6.378194,-6.533396,-4.118167,-2.961900,-3.260258,-4.945140,-6.304029,-6.308617,-7.082623,-5.588233,-3.200763,-2.162897,-2.552340,-2.252809,-2.737384,-5.035691,-2.859999,-2.063221,-2.617054,-5.401843,-6.212534,-6.253686,-5.920313,-5.735547,-5.788343,-6.513401,-6.378983,-5.434803,-6.229595,-7.865774,-6.846295,-6.992692,-8.589630,-8.111797,-6.514139,-6.231850,-6.999081,-6.028670,-6.698359,-7.459882,-6.872437,-6.143642,-6.789697,-8.020519,-6.990797,-6.487954,-7.403095,-7.606794,-7.193577,-6.384857,-6.985733,-7.469604,-7.160699,-8.081790,-6.754117,-5.970575,-6.383510,-6.343895,-6.178345,-5.601301,-6.034452,-8.478868,-7.877822,-8.947156,-7.407090,-7.210415,-8.809737,-7.405184,-7.437384,-8.451339,-8.920872,-7.581886,-6.793036,-5.963790,-6.270436,-8.481487,-8.289047,-7.645300,-7.331945
-3.988003,-4.034063,-4.788002,-3.957734,-3.865031,-5.933666,-4.764552,-4.164378,-4.032331,-4.593746,-5.176024,-4.869019,-4.664509,-4.274349,-4.362487,-4.588592,-5.592784,-5.501182,-4.456087,-3.747913,-3.772573,-4.025195,-4.308860,-4.968275,-4.858224,-4.606715,-4.192815,-4.343551,-5.009738,-4.273839,-5.194635,-4.925754,-4.805879,-4.775729,-5.493804,-4.816544,-4.630972,-4.349370,-4.604383,-5.133573,-4.027628,-4.871537,-5.731245,-5.243770,-5.269763,-4.721086,-4.968336,-5.930784,-6.293579,-6.264157,-5.862167,-5.570216,-6.412652,-2.161864,-1.397971,-2.011137,-5.123880,-6.123908,-6.395551,-6.965549,-5.662810,-5.796119,-6.430384,-6.177625,-6.130412,-6.910001,-6.435288,-4.261842,-3.047101,-3.331164,-5.200573,-5.426048,-6.351161,-5.560222,-5.630393,-3.365706,-2.290258,-2.705982,-2.452816,-2.915779,-6.307036,-2.994366,-2.139595,-2.703866,-5.969637,-6.305392,-7.495734,-7.132590,-7.751217,-7.205526,-7.206001,-6.090978,-5.371384,-5.919701,-7.809968,-8.287509,-8.214976,-7.335323,-7.347502,-6.530872,-5.661289,-5.873037,-5.829315,-6.163649,-7.500116,-6.688414,-5.861926,-6.151770,-7.588571,-7.576801,-7.004189,-8.011065,-8.181139,-6.783669,-5.963171,-6.222816,-7.279476,-7.859868,-7.818113,-6.700541,-5.757417,-6.138196,-7.496399,-6.934138,-5.858210,-6.155125,-7.412553,-7.372515,-7.753297,-7.157485,-7.483831,-6.012955,-5.605694,-6.539309,-8.243611,-8.049475,-7.312124,-6.575371,-6.285793,-6.896523,-9.124310,-9.026876,-9.230500,-7.314676
-3.936787,-4.156914,-4.721318,-4.217728,-3.993882,-4.981157,-4.927891,-4.277343,-3.955505,-4.771971,-5.560243,-5.637255,-5.168125,-4.798904,-4.850225,-4.866464,-5.196761,-5.813207,-4.777337,-3.973532,-4.353971,-4.327704,-4.544027,-4.614645,-4.361313,-3.835123,-3.621118,-4.218038,-4.806806,-4.308398,-4.537014,-4.571721,-5.047713,-4.855760,-4.104708,-3.741500,-3.309535,-2.826944,-2.424090,-2.132526,-2.078529,-2.230504,-2.414206,-2.794414,-3.006320,-3.083310,-2.930504,-2.851875,-2.755316,-2.683251,-2.763759,-3.006082,-2.687211,-1.634571,-2.659399,-1.672205,-1.801943,-2.625707,-6.628995,-2.744632,-2.128551,-1.937596,-2.133614,-2.735187,-3.802624,-3.949624,-4.020828,-4.347079,-3.119452,-3.488030,-6.120710,-5.364693,-5.539627,-5.549025,-4.762313,-3.265600,-2.706069,-2.694808,-2.745640,-3.713615,-4.144886,-2.922549,-2.508169,-3.002930,-4.327675,-4.858303,-4.915194,-5.016988,-5.052253,-5.262167,-5.628942,-6.451933,-6.157819,-5.942270,-7.450353,-7.060025,-9.664094,-7.700894,-8.042946,-6.161972,-5.396582,-5.701811,-5.973785,-6.146156,-6.753742,-5.882856,-5.381868,-5.785134,-6.737082,-7.260257,-6.638693,-6.809378,-6.364143,-7.096957,-6.063245,-6.050459,-6.738724,-8.339432,-6.877493,-7.264692,-6.125082,-7.117933,-7.694843,-6.913693,-6.403463,-6.473426,-7.280168,-7.451119,-6.813363,-7.820414,-6.041238,-5.710814,-6.296363,-6.935846,-6.707906,-6.722407,-6.529099,-6.679849,-6.442365,-6.807574,-7.134459,-7.793816,-7.192030,-8.019740
-3.855763,-4.321199,-5.052536,-4.668716,-4.142452,-4.427927,-5.280914,-4.447548,-4.022081,-4.857257,-5.518794,-5.548364,-5.263885,-5.252546,-4.764126,-4.780982,-4.720377,-5.593654,-4.799311,-4.513360,-5.283914,-4.662123,-6.179218,-4.626864,-4.768198,-3.666188,-3.446420,-4.084595,-5.727709,-4.430186,-4.830436,-4.529185,-4.585747,-5.136981,-4.042111,-3.617175,-3.775421,-2.855906,-2.261398,-1.904737,-1.493950,-1.584834,-2.086861,-2.471914,-2.737088,-3.388480,-3.328766,-3.001725,-3.557104,-2.830966,-2.597072,-2.623828,-2.951197,-1.424220,-0.719125,-1.091358,-2.598223,-2.830511,-3.311844,-2.902963,-2.898651,-1.790745,-1.817228,-2.948653,-3.719239,-4.177946,-4.064469,-4.049235,-3.314152,-3.864735,-4.666135,-4.713695,-4.765475,-5.303796,-5.932375,-5.289933,-4.445534,-2.991676,-2.293938,-2.784980,-4.586207,-4.426996,-4.573001,-4.194235,-5.593968,-5.009409,-5.422702,-6.248600,-6.594325,-6.083757,-5.295199,-5.523887,-4.764205,-5.400550,-7.215647,-7.476131,-6.418283,-6.456675,-6.803885,-7.014940,-6.327509,-5.407520,-4.839485,-5.234698,-6.729255,-5.860391,-5.545696,-6.108378,-6.950999,-5.651337,-5.389547,-6.134576,-7.482755,-6.992224,-6.240195,-6.254161,-6.461739,-6.818889,-7.600085,-6.817111,-6.325159,-5.662208,-5.549227,-6.809062,-6.894991,-7.544774,-6.377054,-6.158822,-6.249527,-6.682665,-6.693313,-6.842794,-6.648861,-6.120532,-5.422138,-5.816635,-7.830736,-7.207122,-6.093218,-6.796913,-7.590534,-7.602650,-7.320361,-8.244786
-3.791027,-4.429096,-5.280705,-5.320505,-4.415761,-4.260272,-5.089764,-4.422163,-4.208230,-4.988967,-5.483747,-5.090744,-4.893087,-4.583224,-4.281751,-4.321183,-4.761146,-5.520618,-4.650404,-6.297933,-4.272455,-4.201187,-4.383236,-4.780070,-4.939834,-4.030585,-3.653783,-4.150494,-5.049740,-4.916788,-5.461531,-4.791729,-4.625692,-5.170086,-4.483713,-4.877990,-4.863436,-3.498459,-3.333434,-3.616255,-2.022532,-2.287723,-4.285299,-5.027329,-4.141953,-4.644871,-4.194804,-4.589343,-4.443778,-4.112340,-6.291426,-6.012259,-4.111469,-1.575919,-0.798492,-1.437534,-4.996492,-4.880670,-4.205183,-3.567678,-4.711949,-2.908401,-2.764908,-2.875375,-3.696241,-3.820238,-4.338608,-3.874295,-3.044420,-3.559193,-5.009320,-5.674206,-5.100634,-5.369954,-6.057906,-6.526692,-4.898962,-3.355601,-2.390937,-2.819031,-4.268766,-3.953586,-3.586275,-3.509459,-3.816113,-4.418309,-4.755620,-5.250467,-5.913294,-6.707416,-6.376163,-6.508026,-5.456986,-5.246778,-5.756744,-6.581539,-7.178661,-7.007767,-7.677686,-8.067407,-6.950414,-6.084920,-4.985063,-5.491271,-6.613319,-7.023369,-7.392293,-6.649657,-6.459159,-7.061503,-5.903101,-5.927166,-6.074851,-6.149259,-6.493500,-7.424314,-9.694853,-7.328282,-6.617381,-7.633190,-6.038792,-5.522714,-5.902606,-6.077203,-5.386621,-5.867487,-6.934211,-6.540322,-9.787043,-6.374475,-5.411786,-5.826397,-8.573793,-7.098844,-7.600971,-8.459595,-7.748700,-7.373794,-7.082953,-7.840036,-8.502318,-7.179955,-6.766471,-6.930980
-3.762644,-4.076180,-4.917503,-4.947180,-5.060644,-4.318328,-4.577963,-4.415636,-4.522176,-5.170075,-5.779138,-4.945616,-4.747010,-4.263810,-4.074220,-4.233062,-4.853001,-6.474117,-4.424663,-4.295459,-3.762126,-3.843358,-4.344502,-4.624764,-4.773688,-5.071397,-4.185420,-4.545574,-5.558087,-5.710676,-5.188392,-5.012952,-4.975287,-5.377089,-5.020057,-6.025991,-4.957429,-4.900476,-4.521806,-3.593884,-2.761107,-3.005151,-3.779861,-4.189832,-4.483538,-6.109613,-5.180439,-5.074151,-4.991090,-4.688210,-4.707674,-5.826542,-4.444793,-1.708957,-0.927612,-1.552337,-4.956567,-4.718807,-5.300274,-4.096454,-3.090013,-2.235986,-1.845191,-2.018386,-2.675110,-2.971631,-2.750073,-1.390489,-0.772489,-1.079472,-2.393868,-4.380841,-5.979064,-6.324536,-5.554273,-5.740439,-6.392828,-3.453850,-2.601619,-3.160266,-6.891505,-6.598894,-6.621942,-6.846872,-6.742685,-6.127384,-6.763536,-6.306328,-6.114351,-4.912502,-4.725188,-4.129318,-2.812629,-3.063796,-4.736527,-6.192853,-7.328132,-7.057998,-8.289701,-7.746043,-6.331790,-6.626687,-5.718505,-5.741516,-7.305672,-6.664779,-6.037515,-6.256114,-6.851022,-6.662016,-5.969596,-6.569744,-7.690965,-7.756019,-9.264146,-6.409812,-5.780434,-6.153979,-7.383399,-7.742087,-8.954715,-9.129637,-7.845430,-6.754413,-6.501585,-7.024985,-7.577173,-7.226964,-7.311159,-7.248207,-6.199816,-6.452576,-8.304469,-8.916168,-8.263000,-7.041346,-6.960773,-7.931793,-9.132129,-6.752949,-5.323114,-5.466713,-7.001224,-7.868314
-3.796610,-3.707259,-4.232563,-4.496014,-5.587283,-4.569484,-4.393716,-4.524693,-5.026761,-5.465467,-5.640615,-4.874358,-5.230439,-4.092557,-4.230163,-4.425623,-5.056728,-5.705746,-4.234737,-3.706457,-3.560149,-3.986505,-4.931340,-5.139495,-5.093583,-5.022633,-4.864522,-6.148348,-5.614436,-5.627189,-5.045536,-4.889274,-4.790834,-4.564439,-4.221169,-4.655375,-4.389855,-4.454650,-4.448279,-3.707849,-3.871768,-3.387040,-3.476535,-3.626707,-3.467247,-3.963056,-4.464517,-4.698658,-5.874780,-4.539937,-3.699679,-3.569799,-3.530113,-1.773734,-1.143754,-1.520218,-3.257831,-3.287903,-3.404546,-3.655497,-3.541047,-4.491398,-3.306861,-4.864108,-4.198407,-5.495836,-4.335326,-1.910562,-0.702143,-0.979545,-2.966480,-4.596541,-5.646256,-6.001783,-6.476247,-6.555616,-6.017982,-3.793532,-2.830778,-3.308426,-5.895156,-7.314385,-8.362287,-7.239352,-6.622329,-6.315643,-7.463172,-7.537752,-7.062496,-6.268277,-6.254491,-4.158172,-2.978909,-3.311505,-5.510021,-7.212687,-6.879879,-7.357833,-7.879410,-7.735411,-7.476238,-6.492039,-5.537274,-5.926282,-7.512428,-7.206034,-6.134742,-6.447703,-7.953509,-7.158617,-6.489866,-6.919290,-8.564275,-9.422298,-8.439507,-6.934119,-5.813695,-6.192663,-9.432752,-8.078761,-8.013766,-8.130096,-8.699356,-7.224651,-6.455554,-7.039920,-8.553511,-9.462996,-9.270474,-7.276026,-6.441415,-6.846381,-8.846019,-8.952082,-8.652004,-7.964181,-7.440946,-8.105267,-8.470582,-6.867068,-5.489599,-5.668946,-7.437384,-8.139748
-3.861937,-3.568292,-3.724762,-4.057689,-4.607016,-5.156797,-4.402293,-4.653435,-5.526527,-5.619605,-5.288282,-4.678386,-5.520400,-4.016602,-4.647875,-4.719143,-4.798561,-5.312150,-4.088207,-3.648016,-3.773058,-4.336076,-6.232887,-5.673879,-5.003410,-4.902403,-6.000216,-5.663559,-5.198807,-4.780859,-4.603292,-4.391150,-4.138951,-4.033026,-4.029969,-3.857706,-3.743074,-3.536244,-3.100707,-2.422375,-2.075374,-1.985520,-2.104737,-2.365415,-2.565384,-2.832707,-3.057169,-3.205004,-3.150425,-2.744760,-2.270879,-1.994502,-1.939673,-1.658169,-1.099724,-1.646370,-1.827475,-1.767592,-1.907820,-2.342000,-3.837629,-1.842403,-1.365124,-1.681268,-2.792729,-4.678556,-4.393720,-1.916463,-0.781982,-1.080493,-3.099811,-4.819332,-5.819036,-5.655524,-5.115366,-4.562609,-3.951945,-3.154137,-2.709148,-2.939407,-3.292605,-3.807891,-4.627565,-5.383060,-6.540163,-5.303961,-5.620524,-5.904582,-5.646212,-5.401658,-5.412621,-4.096068,-3.198153,-3.651545,-6.297432,-7.516649,-7.485732,-7.095322,-7.255019,-7.484268,-6.278940,-5.758960,-5.419799,-5.980732,-6.817978,-6.566236,-6.303851,-5.901958,-6.221935,-7.640785,-6.684927,-8.238402,-6.567109,-6.761412,-7.514335,-7.023162,-6.169243,-6.213346,-6.792749,-6.907081,-6.888092,-6.486564,-6.694530,-7.245351,-7.064968,-8.708073,-7.135705,-8.051907,-8.041893,-6.905356,-6.520733,-7.398861,-7.351648,-6.284595,-5.710021,-5.747269,-6.593281,-8.488420,-7.172586,-6.477660,-6.175945,-7.101995,-7.545950,-8.532749
-3.926801,-3.632354,-3.466830,-3.625243,-4.059842,-5.677888,-4.539231,-4.608578,-5.127522,-5.079697,-4.884412,-4.471976,-4.580612,-4.093301,-4.441348,-4.603253,-4.667535,-4.805925,-4.247108,-3.983842,-4.476015,-4.687881,-5.072105,-5.207975,-4.596373,-5.058282,-7.223155,-5.949982,-4.821565,-4.825710,-5.044734,-5.002516,-4.310523,-4.559103,-5.427290,-4.192024,-4.543400,-4.225009,-3.420141,-2.511628,-1.843235,-1.972954,-2.993865,-3.384517,-3.619681,-4.472057,-4.359587,-5.011515,-4.677444,-4.143207,-3.632404,-3.660071,-4.598218,-1.687035,-0.830378,-1.436205,-5.032810,-6.698281,-5.472250,-5.408935,-4.472629,-3.333798,-2.794676,-3.147752,-4.265860,-5.622324,-4.280846,-2.218401,-0.955593,-1.217060,-3.202729,-4.910112,-6.004381,-7.296909,-6.958230,-5.974192,-5.653489,-2.997012,-2.050447,-2.525918,-5.102175,-5.609569,-6.296355,-8.358107,-7.526432,-6.552600,-7.245174,-6.937648,-6.816537,-6.579424,-6.349739,-4.278973,-3.178269,-3.495147,-5.421724,-7.275146,-9.572144,-8.291444,-7.284329,-8.678246,-7.058797,-6.245983,-5.144568,-5.626218,-7.667186,-7.853343,-6.319239,-6.564680,-8.001089,-6.401310,-6.126276,-7.153528,-7.673625,-8.401531,-8.309805,-7.669366,-6.861207,-6.772285,-7.612600,-8.113073,-8.554365,-8.594220,-8.100926,-9.261176,-7.660550,-9.038488,-7.889618,-7.754024,-10.093668,-7.593103,-6.445330,-6.791202,-9.328024,-8.759100,-8.651745,-7.955424,-7.723295,-8.613954,-8.902894,-7.725065,-6.132425,-6.264943,-8.145787,-8.918780
-3.980958,-3.912189,-3.400494,-3.325571,-3.692172,-4.596241,-5.089169,-4.475568,-4.563634,-4.793391,-4.546884,-4.343728,-4.501819,-4.294936,-4.268890,-4.459157,-4.742767,-4.915907,-4.706784,-4.740026,-4.722857,-4.889791,-5.252666,-5.285822,-4.394698,-4.629163,-5.929774,-5.697577,-5.051344,-5.324556,-6.099337,-6.026765,-4.832905,-4.920828,-6.267895,-4.404285,-4.121888,-4.069619,-3.252826,-2.902781,-2.148436,-4.683026,-2.621210,-3.219678,-3.196760,-3.587540,-3.883351,-3.766968,-3.688076,-3.755235,-3.745388,-3.740603,-3.940494,-1.795448,-1.002249,-1.509076,-3.651256,-3.412583,-3.344748,-3.269400,-3.185727,-3.285858,-3.641397,-3.554719,-4.071336,-4.348959,-5.455806,-2.322460,-1.079890,-1.324934,-3.395174,-5.144609,-5.452273,-6.253746,-6.823337,-7.098244,-6.073914,-3.086437,-2.203061,-2.721736,-5.346264,-6.118167,-7.121489,-7.940552,-7.599025,-6.679134,-7.019345,-7.190352,-7.476230,-6.889565,-6.512108,-4.491959,-3.332719,-3.653511,-5.790536,-7.168577,-8.281500,-7.789802,-7.699173,-7.732739,-8.714711,-6.413357,-5.426211,-5.850415,-7.863610,-7.853071,-6.665676,-6.993371,-9.468060,-7.001588,-6.263584,-6.943789,-8.681442,-8.112927,-8.250838,-7.518009,-6.626828,-7.075923,-9.136666,-9.329891,-8.482272,-7.450405,-7.495711,-8.069043,-7.690213,-7.851500,-8.200260,-8.733598,-9.061137,-8.638575,-7.456800,-7.555367,-8.324262,-8.415046,-9.005707,-7.679709,-7.237213,-7.884392,-8.532442,-7.726592,-6.314538,-6.477893,-8.044868,-9.308933
-3.973932,-4.675962,-3.457417,-3.228857,-3.448653,-4.081639,-6.372592,-4.282401,-4.351418,-4.891889,-4.440403,-4.316061,-5.027924,-4.683782,-4.428775,-4.748741,-4.870944,-5.675771,-4.730826,-4.702079,-4.406566,-4.590004,-5.473049,-5.517460,-4.600120,-4.245418,-4.653581,-5.829139,-5.084469,-6.043476,-5.461708,-5.634274,-5.092873,-5.288321,-4.969132,-4.219667,-4.080091,-3.888396,-3.119977,-2.177331,-1.768297,-1.926755,-2.257051,-2.498793,-2.846059,-3.290372,-3.452215,-3.555366,-3.499589,-3.213518,-3.053522,-3.081083,-3.711668,-1.812075,-1.134762,-1.824341,-3.043902,-2.783700,-2.521886,-2.147130,-1.589255,-0.950528,-0.706530,-1.023635,-1.911445,-2.750144,-2.849454,-2.706844,-1.172263,-1.356134,-2.715336,-4.043474,-4.365366,-5.088826,-3.629305,-1.361682,-0.497235,-0.724675,-1.745751,-2.580473,-4.504831,-4.007862,-3.281430,-3.034703,-3.035537,-1.069675,-0.186093,-0.588379,-2.884564,-2.943259,-2.963600,-3.385197,-3.424901,-4.076562,-4.441570,-5.374246,-6.719072,-6.055761,-7.824258,-3.870679,-2.557317,-2.690681,-4.331908,-5.188048,-7.019197,-6.345377,-6.189935,-5.958540,-4.709537,-2.367891,-1.363876,-1.820068,-4.881176,-4.236523,-3.177826,-3.692570,-5.910108,-6.348266,-6.363408,-6.719870,-7.448047,-7.105402,-7.324181,-3.747890,-2.763702,-3.125361,-4.995973,-7.343920,-6.889001,-6.884863,-6.434764,-4.006217,-3.502265,-3.751317,-3.573179,-4.043102,-5.971873,-4.023577,-2.960790,-3.336892,-6.051263,-3.789421,-3.127352,-3.697684
-3.915935,-5.595452,-3.589950,-3.350471,-3.314740,-3.805765,-4.758891,-4.146957,-4.310002,-5.497696,-4.583851,-4.386086,-6.729339,-5.798932,-4.663584,-6.756938,-5.014034,-5.011924,-4.416079,-4.234959,-4.816805,-4.490940,-4.870906,-5.450528,-4.968874,-4.492447,-3.879200,-4.075723,-4.561375,-5.449173,-5.503558,-6.431615,-5.367500,-6.715277,-5.562180,-4.670793,-5.106424,-4.967690,-3.966773,-2.837325,-2.085584,-2.458874,-4.015872,-3.985340,-4.317855,-5.165823,-5.904006,-6.440272,-5.698566,-5.628396,-5.992453,-5.900411,-5.004923,-1.964518,-1.189354,-1.812839,-5.061467,-6.036064,-6.623815,-5.363519,-4.366596,-3.267465,-2.798870,-3.161414,-4.137449,-5.232216,-4.624732,-2.506247,-1.242734,-1.503397,-3.493864,-5.023198,-6.310925,-4.996333,-4.062377,-1.514873,-0.505240,-0.965588,-2.622266,-3.055451,-5.284250,-7.355409,-6.394995,-7.069040,-3.985586,-1.174675,-0.232543,-0.718366,-3.314131,-4.489452,-6.654673,-4.430830,-3.277908,-3.573398,-5.391042,-8.642249,-7.923959,-8.886613,-6.033231,-3.405988,-2.478216,-2.966885,-5.412094,-6.467069,-7.438736,-8.072070,-8.266025,-7.569469,-5.903989,-3.054107,-2.097592,-2.562325,-5.218521,-4.936322,-3.572356,-3.939065,-6.433803,-7.213710,-8.981114,-8.708465,-8.205964,-8.884065,-6.238106,-4.145741,-3.050329,-3.427224,-5.811485,-6.868019,-7.498559,-9.085043,-9.890087,-5.127819,-4.492465,-4.964994,-5.277219,-5.983444,-6.398680,-4.163730,-3.063593,-3.428931,-5.346664,-4.069049,-3.396060,-3.887545
-3.845240,-4.314791,-3.794749,-3.715528,-3.331341,-3.650509,-4.368322,-4.167675,-4.241310,-5.714775,-5.188055,-4.442009,-4.584279,-5.014854,-4.456299,-4.936529,-5.224898,-5.040862,-4.366684,-4.136864,-5.045596,-4.356988,-4.436707,-4.555161,-4.601575,-4.287302,-3.792518,-3.611027,-3.941249,-5.058096,-5.496865,-4.964355,-5.246271,-6.830274,-6.379157,-5.832659,-5.148210,-6.816779,-5.254611,-4.218320,-2.979245,-3.220162,-5.044811,-5.401044,-5.353844,-4.908171,-5.327412,-6.387885,-5.948143,-5.853156,-6.082948,-6.164671,-5.373097,-2.066713,-1.294942,-1.918640,-5.464718,-5.593261,-7.785927,-6.256265,-5.749573,-6.303835,-4.811861,-4.560540,-5.168172,-6.400468,-4.813865,-2.587253,-1.320353,-1.579944,-3.605466,-5.019490,-5.900876,-6.081622,-3.972867,-1.455349,-0.486539,-0.975904,-2.904403,-3.203952,-5.800253,-6.292413,-5.591700,-5.337067,-3.875778,-1.355879,-0.406048,-0.878935,-3.186986,-4.442577,-5.584202,-4.357213,-3.190039,-3.483882,-4.813253,-5.072832,-4.924753,-4.988736,-5.459629,-3.655827,-2.726293,-3.163505,-5.126235,-7.310324,-7.044733,-7.353700,-6.942674,-7.207202,-6.704000,-4.545311,-3.321892,-3.631350,-6.151805,-4.521678,-3.397101,-3.814090,-6.449003,-7.534815,-7.339636,-7.242295,-7.483602,-7.605149,-7.195482,-4.970951,-3.760684,-4.057611,-6.184984,-6.751171,-8.085573,-8.001166,-6.909864,-4.469424,-3.950367,-4.726894,-4.266652,-4.758649,-6.532779,-4.340723,-3.274191,-3.636567,-6.189137,-4.400239,-3.643840,-4.264727
-3.765272,-3.981420,-4.118442,-4.442634,-3.485292,-3.662285,-4.312692,-4.435162,-4.108136,-4.602953,-5.921503,-4.453508,-4.108414,-4.122688,-4.058276,-4.447143,-5.255541,-5.024175,-4.568314,-4.529647,-4.021899,-3.977093,-4.863133,-4.334796,-4.000994,-4.173172,-4.567850,-3.724977,-3.826424,-4.490165,-4.770677,-5.622477,-4.836576,-5.130573,-5.556870,-5.846251,-5.489619,-5.380386,-4.788862,-4.186111,-3.754813,-3.854836,-5.224337,-5.263107,-5.698312,-4.804709,-5.192424,-5.756644,-5.892749,-6.206812,-5.692296,-6.365488,-5.061487,-2.186647,-1.404147,-2.025030,-5.527648,-5.388569,-6.860170,-6.924704,-6.691051,-5.615233,-5.600068,-5.593057,-6.467258,-6.927905,-4.891098,-2.673539,-1.415954,-1.680088,-3.713288,-5.499185,-6.567173,-5.186825,-4.210042,-1.407923,-0.480585,-0.919974,-2.573455,-3.723192,-5.129028,-6.806635,-6.749405,-7.154709,-4.382913,-1.541915,-0.616849,-1.122032,-3.814960,-5.127419,-7.459360,-4.466845,-3.344798,-3.679465,-5.565161,-7.593374,-7.525827,-7.337146,-6.733590,-4.024685,-3.027725,-3.473919,-6.151108,-6.878322,-7.734773,-7.792914,-7.592079,-7.576997,-6.498647,-3.933287,-2.929533,-3.362094,-6.196137,-4.460568,-3.350994,-3.766140,-6.138994,-7.524657,-7.438826,-7.675869,-6.595978,-6.475548,-7.492905,-4.451246,-3.394989,-3.799632,-6.248333,-7.124886,-7.954259,-7.179839,-7.215542,-4.630907,-4.049026,-4.711199,-5.607347,-5.954578,-6.761889,-4.518607,-3.444633,-3.805462,-5.971180,-4.602819,-3.925858,-4.976698
-3.731050,-3.929461,-4.739018,-6.590396,-3.649669,-3.915529,-4.424250,-5.248088,-3.965936,-4.199877,-4.860884,-4.505105,-4.069261,-3.739661,-3.832558,-4.576916,-5.197512,-4.780501,-4.538413,-4.530850,-3.733259,-3.825740,-4.679162,-4.189442,-3.915589,-4.851653,-5.745289,-4.196852,-4.158720,-5.619979,-4.436049,-4.730752,-4.337052,-4.121584,-4.202546,-4.210993,-4.225926,-4.002192,-3.211232,-2.818809,-2.683401,-2.591422,-2.944534,-3.269258,-3.353280,-3.384047,-3.808851,-3.983875,-4.208508,-4.082122,-3.907775,-4.068239,-4.297398,-2.220176,-1.468287,-2.107200,-4.226664,-3.795818,-3.401110,-3.070264,-3.017420,-2.806172,-2.571269,-2.505955,-2.548681,-2.520306,-2.117589,-2.547854,-1.762211,-2.422425,-2.473416,-3.175870,-3.727510,-3.954518,-3.893614,-1.461484,-0.502475,-1.050320,-3.614946,-3.315699,-5.245369,-4.699563,-5.394741,-4.996366,-3.947033,-1.501858,-0.782677,-1.380131,-3.782900,-5.206273,-6.017644,-5.877656,-4.420390,-4.408666,-4.730972,-5.730502,-6.057820,-5.877057,-7.202464,-4.341675,-3.418350,-3.914318,-7.080639,-7.893552,-7.965453,-6.747973,-6.327734,-6.410820,-5.992133,-3.477662,-2.535210,-3.006321,-5.755318,-4.621200,-3.467150,-3.890237,-5.802656,-7.347309,-7.867008,-6.729936,-7.716133,-6.902422,-7.103352,-4.202719,-3.306279,-3.791323,-6.641283,-6.911785,-8.768941,-8.335670,-8.291262,-5.224266,-4.579547,-6.147628,-5.150681,-6.490015,-6.460484,-4.685048,-3.653027,-4.018992,-6.264996,-4.814317,-4.323658,-5.462874
-3.832148,-4.012456,-6.275150,-4.693856,-3.728924,-4.465823,-4.696709,-5.270348,-3.895710,-4.011257,-4.731589,-4.616618,-4.458019,-3.635775,-3.786688,-5.343016,-5.134264,-5.159729,-4.280114,-3.862009,-3.923654,-4.091728,-4.206760,-4.305818,-4.044939,-5.273339,-4.662528,-5.236162,-4.549613,-4.776004,-4.680205,-4.412119,-4.344350,-4.382084,-4.164131,-4.335557,-4.354575,-3.958188,-3.341097,-2.469666,-2.047407,-2.189640,-2.693277,-3.069663,-3.458767,-3.525619,-4.007360,-4.421273,-4.549206,-4.308402,-3.988757,-4.124358,-4.347695,-2.450582,-1.596865,-2.240445,-4.864989,-3.933307,-3.936780,-3.378720,-2.653133,-1.716397,-1.301702,-1.602198,-2.661363,-3.425348,-2.675409,-0.618759,0.333616,0.009527,-1.862696,-3.286402,-4.110947,-4.554627,-3.733053,-1.508549,-0.661560,-0.958058,-2.982473,-3.253751,-3.630159,-3.035277,-2.179163,-2.455301,-4.388252,-4.476017,-5.678902,-5.855726,-6.686742,-8.049907,-6.454340,-3.759702,-2.728499,-3.080150,-4.942762,-8.427013,-7.742417,-8.933745,-6.953856,-4.269189,-3.325029,-3.748182,-5.882107,-7.863072,-9.173437,-5.552042,-4.569982,-5.003468,-7.299932,-4.892058,-4.270380,-5.036825,-6.647788,-4.808611,-3.683087,-4.055541,-5.567706,-6.764732,-7.962319,-6.315646,-5.457824,-5.988981,-7.745908,-4.888158,-3.894579,-4.348988,-7.020066,-8.150218,-9.317676,-6.990145,-6.564566,-5.139630,-4.530412,-5.403927,-7.141748,-5.844558,-5.400044,-5.055217,-3.783877,-4.541339,-3.903333,-4.042534,-5.901463,-6.532864
-4.138080,-4.092548,-5.193537,-4.201458,-3.749206,-4.828743,-5.020963,-4.651223,-3.935234,-3.931473,-5.291733,-4.711747,-5.624650,-3.705109,-3.821864,-5.618814,-5.727159,-6.159637,-4.355939,-3.568275,-4.306910,-4.365763,-4.504295,-5.138739,-4.359569,-4.134126,-4.184098,-4.765310,-4.777961,-4.934178,-5.268390,-4.937522,-5.501287,-4.948543,-4.695526,-4.256177,-4.225243,-3.989048,-3.653784,-3.898484,-2.461909,-3.497084,-4.220323,-4.180363,-4.548268,-4.281384,-6.023855,-5.211140,-4.895638,-4.474494,-4.588337,-4.072801,-3.486242,-2.719262,-2.261113,-2.240569,-2.751505,-3.105793,-3.270946,-3.384302,-3.442425,-3.291127,-3.303849,-5.018062,-4.432628,-5.272657,-3.270685,-0.908145,0.261903,-0.053839,-2.171377,-3.671371,-4.759143,-6.139173,-5.385384,-4.640033,-4.113184,-4.125628,-3.525315,-3.826951,-4.666745,-5.769115,-5.278564,-5.931204,-7.061458,-6.457408,-7.233170,-6.793593,-7.189706,-8.045737,-6.223651,-4.093973,-2.976289,-3.350720,-5.691659,-6.906510,-7.510197,-8.015161,-7.985782,-8.343712,-7.246596,-8.393896,-7.111641,-7.791724,-7.599629,-6.871682,-6.458876,-6.731195,-7.829366,-5.260866,-4.603548,-5.362750,-7.735207,-7.905550,-6.594728,-6.418923,-5.586531,-5.983022,-8.569888,-8.399137,-8.657324,-8.637771,-7.781885,-6.425189,-5.583850,-6.262582,-8.590085,-8.007776,-8.326512,-6.672320,-5.820687,-6.280755,-8.899913,-7.612321,-7.541470,-6.022095,-5.683647,-6.952704,-7.240648,-5.388897,-4.034981,-4.229805,-6.052211,-6.631769
-4.586591,-4.170892,-4.672384,-4.076087,-3.769102,-4.482739,-5.155201,-4.635351,-4.077997,-3.956841,-5.238653,-4.797848,-4.782468,-3.862409,-3.998734,-4.650454,-5.538696,-6.465991,-4.444203,-3.569821,-3.743838,-4.172364,-5.304101,-5.643270,-5.345290,-4.042141,-3.795847,-4.126053,-5.196697,-5.590686,-5.091689,-4.962041,-4.570242,-4.371033,-3.909049,-3.441107,-3.158931,-2.828510,-2.271551,-1.853196,-1.502887,-1.622241,-1.794716,-2.061499,-2.325584,-2.578417,-2.862131,-3.022552,-2.930741,-2.772991,-2.693363,-2.443560,-2.166589,-1.734685,-1.485120,-1.603932,-1.809306,-2.302807,-2.448187,-2.638304,-2.768536,-3.948503,-3.914117,-3.015063,-2.912568,-2.781553,-2.589625,-1.113245,0.141278,-0.144003,-2.173098,-3.467546,-4.389400,-4.379643,-4.412965,-4.359836,-3.798593,-3.460154,-3.275784,-3.230458,-3.322906,-3.616280,-4.063018,-4.813976,-5.577948,-5.296272,-5.372045,-5.726279,-6.551797,-6.588308,-7.598109,-4.205773,-3.083552,-3.428118,-5.642436,-7.008851,-7.796718,-7.745893,-7.748253,-7.390078,-7.658113,-7.705250,-7.180506,-8.398567,-8.164761,-6.061847,-5.228799,-5.737118,-9.007383,-5.570195,-4.795708,-5.418880,-8.328129,-8.319501,-7.453503,-6.717507,-5.556686,-5.874981,-7.482472,-8.655776,-8.531373,-8.422647,-8.210109,-6.035811,-5.326786,-6.033537,-8.679728,-9.101146,-8.333078,-7.113533,-5.905057,-6.233839,-8.487850,-8.034316,-7.561913,-6.177996,-5.883951,-6.952332,-7.779644,-5.635442,-4.299846,-4.497691,-6.252213,-7.306323
-4.682978,-4.408954,-4.471312,-4.114281,-3.860848,-4.255962,-5.472771,-4.877347,-4.491030,-4.075855,-4.433119,-4.888212,-4.554051,-4.001148,-4.602165,-4.402182,-4.787285,-5.350877,-4.446649,-3.856053,-3.500576,-3.922897,-5.886662,-5.040408,-5.731917,-4.238474,-3.959421,-4.264094,-4.967455,-6.457321,-4.808744,-5.965902,-4.335158,-4.440472,-4.216879,-3.756442,-3.390563,-3.226514,-2.444942,-1.695814,-1.155988,-1.256971,-1.922112,-2.457239,-2.708291,-3.376675,-3.508205,-4.321885,-4.046354,-3.556448,-3.260469,-3.327742,-3.850950,-1.549597,-0.698229,-1.196174,-3.398113,-3.676320,-4.481679,-4.121253,-3.360144,-2.629965,-2.252329,-2.598619,-3.554988,-4.263392,-4.064488,-1.202338,-0.004635,-0.313580,-2.315959,-4.813929,-4.570635,-7.256058,-5.793178,-3.346982,-2.212168,-4.377942,-1.572630,-1.991546,-4.843600,-1.989904,-1.126348,-1.647510,-4.493689,-5.268431,-6.828032,-6.628953,-5.801710,-5.607230,-6.152166,-4.518481,-3.357976,-3.738699,-6.280442,-6.267325,-6.541014,-6.860103,-7.181592,-5.717195,-4.800893,-5.083099,-4.549023,-5.071712,-7.085004,-4.098261,-3.194826,-3.659877,-5.776448,-6.831294,-5.371081,-5.952620,-8.418381,-6.506629,-5.566639,-6.296094,-6.261175,-6.440609,-5.813364,-3.456122,-2.484271,-2.958330,-5.745597,-5.986979,-4.833851,-5.798209,-7.298046,-7.779401,-7.760420,-5.014477,-4.043673,-4.181440,-4.874271,-5.839879,-7.057602,-6.256610,-6.211243,-4.840520,-4.060920,-5.034390,-4.590963,-4.752443,-6.041070,-4.964831
-4.364488,-4.706176,-4.433516,-4.346706,-4.036691,-4.100019,-7.467260,-5.393716,-5.055253,-4.360059,-4.053785,-5.315979,-4.648730,-4.310706,-5.082766,-4.292814,-4.381480,-5.528498,-4.525845,-4.850136,-3.588577,-3.815864,-4.717227,-4.963335,-4.904175,-4.749550,-4.630712,-5.128420,-5.407696,-5.578768,-4.446582,-4.246122,-4.174422,-4.318928,-4.087257,-4.483662,-4.002681,-3.722566,-2.694372,-4.333056,-1.636879,-1.760997,-3.574682,-2.931636,-3.014332,-3.164290,-3.661033,-4.014487,-3.973452,-3.800766,-3.852537,-4.017220,-3.950982,-1.691403,-0.862402,-1.493854,-3.762260,-3.586720,-3.504935,-3.180564,-2.623501,-2.484037,-3.033216,-2.388036,-2.739520,-3.224290,-3.383619,-1.123416,-0.060979,-0.426453,-2.725677,-3.829336,-3.772490,-4.076817,-3.746459,-3.881747,-3.665432,-2.818683,-1.816584,-2.168155,-4.488065,-2.127123,-1.245495,-1.784712,-4.768540,-5.250527,-5.140282,-5.716585,-6.027716,-5.859394,-7.200580,-4.479257,-3.390464,-3.760345,-5.724909,-8.352035,-8.255368,-8.150336,-8.949196,-6.575149,-6.574270,-5.985229,-5.215198,-5.825099,-7.049645,-4.306575,-3.367670,-3.850036,-6.515899,-6.125165,-5.245625,-5.764941,-7.749956,-7.190774,-5.844540,-6.544062,-6.233632,-6.183274,-6.431536,-3.700908,-2.710463,-3.153183,-5.579937,-6.433436,-6.304593,-6.931264,-10.140547,-9.843451,-7.558789,-5.327459,-4.391639,-4.856148,-7.194790,-8.250543,-7.675131,-6.424421,-6.241923,-5.945327,-5.252285,-6.089675,-4.787071,-5.024694,-6.700117,-5.447882
-4.074831,-4.589862,-4.311489,-4.648106,-4.121129,-4.045359,-5.316033,-6.340189,-5.315545,-4.624166,-3.793209,-4.731316,-4.485772,-5.008852,-4.147884,-3.961706,-4.302429,-6.052093,-4.531200,-4.634089,-3.657266,-4.200256,-4.559461,-5.040998,-5.481903,-6.710780,-5.265073,-5.572619,-5.198100,-4.999920,-4.142345,-3.929323,-4.942686,-4.558053,-4.156076,-4.792087,-4.592861,-3.859753,-3.543316,-2.480773,-1.803877,-1.975274,-2.835984,-3.284186,-3.586693,-3.536387,-4.146298,-4.914405,-4.889421,-4.714705,-4.229450,-4.737789,-4.748092,-1.735271,-0.952195,-1.525967,-4.470856,-4.400045,-4.526625,-4.409913,-3.534006,-2.524632,-2.153846,-2.569878,-3.919555,-4.716202,-3.861969,-1.268877,-0.124125,-0.443627,-2.606556,-4.037010,-5.290816,-5.577644,-5.129497,-2.745245,-1.701198,-2.046862,-1.941209,-2.438460,-5.007079,-2.270682,-1.398596,-1.933298,-4.716383,-6.973259,-6.939596,-7.414301,-7.543087,-7.319714,-7.378003,-4.556229,-3.489427,-3.857169,-6.043702,-6.653216,-7.546118,-7.261042,-7.208428,-3.971190,-3.068126,-3.613914,-5.919883,-5.783976,-6.808915,-4.333108,-3.419199,-3.915689,-6.452319,-6.163722,-5.406630,-5.994127,-8.472244,-6.294076,-5.115145,-5.344728,-6.011732,-6.562785,-6.379170,-4.011505,-3.000802,-3.415127,-6.286549,-4.149663,-3.100175,-3.532024,-5.958783,-7.531843,-6.915732,-5.272031,-4.300519,-4.365552,-4.715082,-5.633241,-8.027214,-6.483082,-6.314089,-5.205976,-4.618229,-4.933805,-4.894072,-5.174408,-7.194106,-5.500805
-3.920981,-4.247684,-4.132680,-4.339113,-3.991029,-4.079988,-4.972645,-5.312185,-4.961059,-4.261787,-3.643375,-3.924591,-4.143123,-4.273620,-3.743433,-3.807355,-4.432031,-5.675783,-4.322646,-3.752103,-3.718915,-4.906180,-4.922935,-5.277739,-6.098696,-5.826031,-5.185044,-5.097156,-4.802975,-4.196372,-4.487388,-4.438018,-3.936003,-4.063592,-4.191275,-3.514104,-3.381510,-2.914196,-2.621215,-2.881299,-2.069223,-3.105569,-2.891162,-3.254265,-3.417154,-3.892305,-4.636957,-4.951311,-4.929450,-4.518755,-4.570474,-4.403430,-4.391908,-1.817877,-1.088732,-1.650980,-5.172979,-5.874087,-5.657449,-5.997403,-6.287652,-5.585928,-5.351165,-5.789043,-6.591458,-5.408404,-3.774675,-1.328834,-0.190998,-0.525987,-2.651584,-4.312798,-5.051729,-7.117151,-4.897807,-2.831562,-1.726259,-2.281729,-2.235497,-2.596427,-4.973895,-2.395611,-1.524744,-2.059222,-4.978168,-5.964422,-7.340174,-7.117945,-7.515029,-7.762383,-7.103708,-4.717767,-3.597912,-3.951702,-6.063822,-7.632741,-7.296618,-6.635606,-6.865101,-4.254757,-3.324894,-3.828383,-6.071719,-6.420044,-7.151644,-4.448890,-3.540171,-4.026274,-6.571604,-6.057204,-5.434497,-6.169805,-7.754763,-6.074035,-5.003238,-5.288607,-6.036593,-6.409178,-6.734938,-4.081547,-3.097033,-3.525763,-6.504170,-4.274021,-3.230913,-3.675513,-6.147257,-7.574275,-8.032043,-5.524917,-4.547889,-4.818759,-5.765302,-6.755768,-8.375575,-6.685731,-6.482875,-5.744379,-5.193944,-5.628252,-5.177343,-5.351123,-8.003788,-6.976585
-3.913179,-3.945677,-4.095797,-4.058919,-3.730347,-4.132366,-5.203528,-4.650998,-4.494754,-4.077681,-3.614683,-3.680207,-4.050982,-3.726021,-3.530194,-4.287371,-4.149019,-4.853137,-3.845723,-3.635283,-3.978682,-4.729941,-5.039894,-5.003519,-6.026300,-6.682598,-4.976698,-4.893154,-4.822214,-3.960521,-4.414077,-4.524369,-3.972991,-3.483663,-3.191351,-2.813433,-2.419134,-1.960277,-1.420755,-0.917751,-0.727425,-0.865258,-1.097182,-1.449623,-1.781218,-2.165883,-2.449705,-2.547700,-2.467337,-2.212150,-1.941871,-1.775664,-1.548813,-1.249134,-1.811909,-1.189001,-1.442041,-1.964926,-2.144084,-2.121466,-1.950803,-1.942260,-2.161659,-2.467395,-2.988087,-3.359013,-2.471828,-1.094833,-0.305987,-0.614989,-2.179870,-3.085773,-4.519929,-5.796624,-4.077802,-2.657887,-2.113796,-2.295503,-3.537342,-2.818183,-2.581815,-2.176933,-1.981581,-2.368109,-3.324666,-4.038134,-4.247860,-4.356550,-5.088805,-4.593105,-4.187269,-5.589422,-3.464532,-3.753814,-5.691943,-7.250963,-6.600622,-5.746511,-5.396680,-4.415251,-4.084500,-4.642159,-5.874652,-6.262802,-6.429389,-4.648015,-3.920113,-4.234157,-6.022826,-5.988249,-5.166655,-5.506494,-5.792733,-6.040705,-5.071311,-4.814075,-5.452412,-5.586189,-5.162446,-4.050947,-3.265376,-3.706938,-8.183333,-4.739164,-3.507741,-4.017730,-5.982349,-7.179805,-6.719756,-6.025996,-5.191216,-5.236053,-4.724699,-5.521960,-7.528386,-6.689736,-6.272765,-6.288074,-5.409898,-5.833191,-5.418455,-5.431667,-7.166112,-6.359036
-4.006953,-3.825838,-4.167489,-4.089171,-3.484823,-4.061400,-5.061152,-4.466650,-4.220637,-4.224350,-3.747449,-3.624204,-4.614330,-3.492067,-3.369469,-5.448534,-3.891077,-3.902208,-3.675303,-4.003049,-4.495685,-5.017844,-5.453374,-4.745409,-5.281763,-5.116698,-4.399645,-4.001053,-4.126407,-4.406787,-4.294740,-5.439725,-4.631001,-3.920543,-3.317893,-3.370760,-2.818092,-2.358212,-1.828418,-0.907967,-0.492576,-0.811222,-1.632017,-1.937894,-2.392536,-3.054523,-3.341728,-3.845185,-3.744087,-3.396053,-2.843139,-2.916710,-3.747864,-1.746199,-0.838598,-1.427729,-5.304222,-5.502186,-4.994531,-4.307592,-3.432402,-2.480196,-2.070910,-2.444543,-3.547730,-4.529484,-4.069430,-3.303988,-3.205295,-4.348679,-4.218838,-4.857085,-5.809389,-6.217605,-6.239622,-6.161921,-5.458258,-3.042444,-2.042688,-2.485909,-4.818870,-5.715384,-7.090495,-6.389583,-6.404454,-6.756382,-6.759620,-6.658026,-7.127346,-6.618358,-6.356495,-5.844740,-4.855399,-5.065557,-6.792968,-8.559483,-7.655465,-7.096921,-7.421278,-7.410478,-7.198514,-6.216961,-5.031523,-5.392234,-6.943745,-7.698576,-5.939840,-5.975748,-7.116488,-5.655581,-4.874449,-5.477531,-7.760594,-7.142234,-7.673416,-7.937364,-7.177196,-7.269624,-7.432382,-7.619212,-6.646766,-5.304550,-5.210923,-6.545457,-7.351951,-7.243112,-7.085882,-7.198702,-8.778643,-7.180375,-6.946178,-8.468231,-9.507014,-7.866791,-7.291904,-8.292619,-8.607068,-8.997875,-7.818230,-7.899469,-9.561524,-8.354535,-8.027987,-7.818133
-4.157241,-3.933065,-4.208182,-4.378448,-3.317864,-3.702521,-4.497281,-4.945019,-4.001636,-4.831808,-3.952169,-3.714125,-5.598647,-3.426454,-3.260609,-3.878427,-3.876151,-3.789257,-3.782224,-4.951480,-6.094618,-5.371904,-6.091947,-4.953961,-4.414874,-4.207655,-3.709921,-3.507166,-4.112732,-5.259764,-4.701183,-5.914608,-4.989064,-4.381753,-3.435797,-3.221694,-3.347341,-3.063035,-2.733015,-2.058054,-1.234317,-2.174106,-2.135421,-2.466489,-2.722779,-3.427613,-3.952125,-3.912223,-3.305907,-3.044626,-2.853461,-3.256580,-3.498844,-1.622067,-1.350731,-1.393510,-2.314249,-2.715809,-2.822216,-2.603766,-2.496627,-2.541166,-2.619776,-2.973817,-3.328794,-3.822474,-4.675870,-5.742280,-5.177002,-5.235894,-5.602859,-7.146191,-7.007215,-5.632561,-5.837415,-5.338045,-5.127931,-3.016809,-2.214760,-2.660617,-4.791824,-5.821388,-6.705333,-6.473252,-7.929245,-6.773660,-6.974967,-6.635116,-6.300825,-6.689625,-7.529476,-5.447178,-4.895023,-5.453181,-6.753032,-7.022414,-6.755352,-7.967107,-7.771383,-7.762521,-7.284318,-6.683205,-5.485192,-5.984646,-8.166895,-7.278735,-6.356375,-6.575488,-7.403765,-5.941272,-5.141061,-5.750276,-7.139659,-7.496073,-7.414182,-7.657967,-7.205702,-7.791439,-8.226842,-7.842160,-8.052652,-6.717157,-6.603078,-8.345889,-8.286790,-8.408026,-8.567265,-8.656782,-8.321354,-8.369286,-7.863231,-8.256026,-9.828938,-8.732442,-8.807253,-8.981881,-8.133723,-8.309459,-8.492091,-8.484167,-8.510054,-8.875499,-9.985845,-8.856504
-4.397399,-4.273491,-4.216091,-4.380814,-3.229053,-3.397441,-4.077781,-5.555690,-3.855369,-4.651056,-4.142405,-3.996027,-4.191743,-3.483330,-3.289940,-3.634083,-4.022858,-4.510738,-3.802947,-4.959838,-4.714792,-4.636221,-5.552019,-4.797900,-4.460467,-4.059547,-3.670389,-3.589996,-4.024083,-4.950880,-5.001253,-5.379722,-4.844203,-3.869135,-3.299276,-3.160526,-3.130713,-2.816710,-2.599654,-1.866018,-1.211192,-1.334123,-1.420054,-1.652175,-2.042650,-2.507019,-2.772569,-2.747766,-2.513849,-2.142124,-1.913283,-2.011861,-2.086598,-1.139396,-0.799378,-0.875418,-1.589495,-2.303572,-2.283808,-1.786654,-1.221219,-0.937966,-1.010137,-0.985838,-1.407898,-1.895064,-2.031301,-2.088236,-2.150258,-2.338554,-2.793847,-3.374989,-4.036166,-4.931141,-5.829889,-3.038760,-2.286577,-2.012896,-1.400800,-1.384885,-2.021147,-2.180461,-2.093427,-2.281561,-3.195728,-1.341634,-0.868315,-1.138825,-2.014474,-3.091578,-3.421597,-4.273989,-5.187075,-4.139517,-4.336641,-5.004130,-5.340410,-5.209164,-5.474826,-5.081534,-4.544378,-3.711703,-3.743613,-4.690814,-5.377278,-5.985791,-4.974175,-4.614325,-3.604685,-2.749629,-2.474872,-2.648241,-3.122529,-3.802710,-5.020350,-5.554922,-5.072808,-4.588687,-5.231461,-5.653549,-6.882443,-4.122167,-3.293799,-3.961060,-3.481230,-3.244673,-3.993459,-4.770114,-4.974034,-5.459187,-5.228246,-4.428629,-4.816005,-3.770590,-3.086066,-3.559218,-4.810230,-4.508435,-3.880203,-3.983235,-5.332878,-4.725733,-3.926647,-4.385071
-4.762114,-4.826823,-4.290758,-3.868752,-3.236890,-3.301786,-3.772949,-4.300372,-3.794871,-4.033606,-4.533453,-4.347937,-4.073044,-3.658798,-3.528831,-3.945866,-4.440355,-5.945879,-3.847922,-3.669209,-3.722528,-4.013033,-4.902181,-4.880776,-5.049447,-4.527640,-4.300023,-4.285678,-4.199180,-6.104363,-5.124766,-5.690672,-4.848367,-4.348957,-4.114408,-4.260691,-5.263596,-3.909323,-3.253659,-2.105453,-1.317031,-1.411287,-2.243382,-3.042020,-3.258982,-4.280971,-4.581670,-5.356591,-5.331113,-4.206246,-3.707664,-3.918738,-5.008588,-1.369880,-0.540893,-1.125750,-4.381399,-4.785028,-6.387536,-4.824705,-3.588621,-2.554624,-2.166578,-2.533885,-3.680325,-5.006485,-5.756679,-4.686302,-3.647978,-3.857383,-5.417472,-6.087635,-6.015094,-6.497503,-5.465713,-3.070529,-2.056308,-2.041690,-1.138245,-1.623328,-4.351071,-5.061182,-6.397582,-7.217430,-3.950598,-1.001171,-0.118125,-0.644540,-3.369174,-4.452297,-7.081576,-5.434463,-4.379835,-4.805068,-6.655974,-8.124689,-7.670424,-6.416391,-6.722033,-4.471700,-3.554399,-4.255779,-4.695236,-4.868998,-6.631708,-8.092924,-7.381057,-7.398158,-7.040965,-3.097324,-2.257574,-2.805692,-5.497992,-4.992806,-4.097875,-4.415945,-6.251437,-7.984347,-7.191077,-8.660761,-8.211575,-5.397674,-5.156940,-4.304062,-3.267535,-3.675321,-6.670425,-6.625694,-7.092775,-6.949123,-6.090816,-5.570774,-5.045318,-4.689383,-3.756841,-4.136337,-6.320645,-6.572150,-5.299866,-5.527982,-7.327435,-5.297781,-4.683071,-5.238655
-5.260746,-5.244506,-4.380499,-3.503896,-3.377118,-3.420435,-3.590970,-3.940625,-3.836816,-3.863302,-5.150392,-4.553087,-4.725960,-4.069484,-4.048800,-4.817362,-4.890964,-4.914096,-4.072999,-3.253810,-3.191675,-3.720919,-5.797942,-5.064062,-5.485020,-4.783029,-5.038825,-5.094940,-4.859983,-4.849817,-5.232917,-5.727693,-5.847227,-5.711272,-6.102011,-5.876909,-4.961999,-6.028964,-4.681495,-3.192381,-2.222671,-2.564063,-4.363491,-4.590529,-5.077585,-4.752476,-6.043286,-6.298656,-7.403328,-7.104480,-6.650794,-5.601657,-4.366522,-1.492792,-0.658624,-1.231312,-4.215528,-5.058779,-5.960402,-6.505232,-6.611509,-5.978412,-6.290905,-6.091761,-7.158258,-7.010600,-7.590468,-4.785494,-3.625985,-3.904490,-5.740791,-7.615625,-8.120933,-7.134831,-5.572307,-3.120428,-2.073877,-2.283488,-1.356437,-1.807164,-4.329696,-6.060385,-6.128144,-7.736387,-4.160017,-1.115135,-0.244239,-0.791810,-3.717890,-4.655922,-7.984242,-6.096567,-5.171413,-5.493172,-7.290151,-8.217555,-8.627270,-6.723790,-7.234148,-4.349213,-3.490749,-3.884896,-4.883419,-5.537608,-7.473802,-7.796386,-7.121802,-7.354471,-6.304231,-3.510955,-2.587458,-3.086061,-5.628763,-4.987660,-4.044981,-4.437336,-6.611151,-8.691283,-7.797925,-8.159865,-7.932051,-6.320210,-7.289675,-4.231375,-3.192621,-3.577800,-5.957968,-6.930171,-9.161631,-8.094134,-8.459656,-6.259861,-5.890992,-4.927579,-3.974147,-4.393564,-6.652148,-5.379618,-4.319839,-4.699138,-6.967721,-5.521979,-4.837453,-5.255624
-6.229774,-5.108321,-4.212401,-3.328717,-3.691211,-3.720722,-3.578348,-3.966031,-4.067038,-3.982143,-4.518115,-4.536225,-5.799956,-4.873582,-4.866393,-5.325470,-5.384099,-5.044461,-4.378563,-3.171932,-3.074661,-3.657576,-4.941937,-5.407897,-5.962536,-4.882779,-4.602794,-5.493864,-5.865668,-5.307782,-5.590086,-5.440652,-5.646248,-5.412152,-6.370100,-6.076011,-5.397539,-6.128192,-5.463972,-4.315702,-3.119114,-3.351861,-4.506738,-6.084506,-5.384537,-4.769948,-5.526736,-6.268993,-6.560446,-6.726291,-7.399743,-5.999883,-4.582969,-1.594460,-0.779876,-1.366477,-4.271643,-5.538183,-5.760964,-7.092734,-6.899887,-6.654721,-6.285215,-6.861127,-7.581590,-6.851669,-7.711001,-4.925310,-3.736772,-4.022541,-6.071990,-6.433728,-7.292444,-6.576659,-6.062621,-3.155300,-2.264666,-1.931891,-1.546886,-2.038421,-4.451776,-5.868186,-6.968329,-7.236473,-4.138370,-1.217771,-0.347564,-0.898556,-3.783649,-4.929207,-7.565897,-6.667133,-5.362628,-5.600721,-6.889576,-8.105494,-7.861393,-7.038871,-7.531593,-4.604455,-3.694256,-4.316911,-5.402899,-5.666411,-9.279770,-8.551040,-7.764365,-7.993407,-6.544127,-3.909579,-2.972088,-3.465631,-6.155210,-5.184009,-4.151715,-4.529751,-6.502000,-8.787412,-9.526563,-7.741754,-7.571794,-7.341619,-7.020789,-4.309794,-3.265471,-3.661680,-5.954867,-7.320475,-8.105352,-8.431380,-8.111743,-6.282143,-5.766075,-5.403787,-4.173122,-4.600526,-6.692424,-6.120864,-5.028660,-5.349060,-7.461641,-5.801673,-5.118959,-5.431102
-7.402653,-4.929981,-3.906690,-3.285305,-4.095234,-4.059178,-3.750585,-4.389378,-4.518703,-4.288805,-4.156670,-4.408043,-4.696398,-5.864367,-5.608981,-5.374377,-5.469690,-5.140563,-4.278141,-3.337379,-3.297837,-3.994774,-4.323621,-5.773751,-6.913516,-5.155919,-4.538457,-5.317301,-7.853611,-5.755924,-6.054911,-5.277197,-6.087865,-4.947460,-4.911119,-5.127421,-4.797209,-4.390277,-4.082258,-4.159780,-3.221710,-3.368278,-3.838420,-4.266165,-3.993914,-4.734751,-5.091407,-4.721819,-4.880841,-5.270328,-5.601603,-6.485009,-5.077677,-1.694891,-0.919794,-1.505144,-4.782754,-5.240407,-5.247681,-5.201097,-5.539828,-4.577972,-4.705254,-4.449574,-4.566468,-4.361099,-4.407098,-3.779554,-3.732266,-4.352216,-4.820488,-4.813971,-4.772068,-4.681924,-4.293833,-2.831829,-2.754993,-2.637686,-1.694190,-2.217368,-4.402054,-4.931787,-5.500954,-5.964946,-4.176501,-1.293288,-0.440298,-1.006434,-4.027812,-4.895424,-7.009134,-6.114006,-5.498929,-5.955539,-7.599668,-8.409274,-7.883125,-6.592010,-5.299419,-4.158496,-4.206656,-3.850993,-4.404291,-6.907611,-6.072224,-6.253458,-6.460351,-6.348291,-6.061424,-4.618416,-3.610088,-4.062503,-6.933803,-4.966136,-3.814993,-3.975417,-4.893777,-5.851659,-5.958867,-4.953348,-4.820718,-4.718377,-4.768960,-3.997983,-3.141895,-3.510105,-5.392591,-6.264653,-5.461201,-5.409870,-4.966240,-4.632231,-4.988970,-5.141621,-4.568389,-4.932034,-5.563705,-4.649551,-4.276975,-5.085079,-4.977514,-5.167400,-5.534072,-5.329171
-6.037475,-4.688024,-3.704595,-3.361440,-4.028045,-4.224186,-4.100850,-6.308220,-4.868113,-4.502771,-4.246889,-4.363470,-4.308370,-5.150390,-6.796031,-5.588854,-7.833218,-4.830699,-4.231713,-3.845073,-3.578449,-6.019074,-4.131536,-4.975719,-5.908783,-5.515948,-4.564362,-4.982590,-6.375483,-5.985281,-5.166771,-5.167774,-4.993458,-4.969113,-4.861398,-4.434958,-4.264064,-3.790340,-3.294993,-2.680651,-2.228638,-2.246989,-2.657709,-3.023678,-3.388227,-3.947899,-3.972548,-3.953104,-4.088350,-3.939769,-3.770579,-3.881411,-3.867854,-1.904571,-1.055280,-1.676277,-3.945806,-3.420518,-3.160646,-2.602597,-1.913247,-1.307879,-1.038646,-1.142334,-1.530122,-1.825166,-1.559701,-0.734497,-0.456068,-0.737069,-1.611051,-3.322670,-3.879768,-4.529308,-5.865541,-3.391213,-2.377701,-3.641244,-1.927440,-2.372727,-4.916111,-6.161047,-6.681894,-6.166313,-4.463209,-1.382704,-0.533167,-1.084898,-4.015615,-4.302970,-4.128948,-3.703832,-3.699155,-4.648195,-5.806034,-5.930372,-6.833559,-6.980350,-7.084359,-4.782001,-3.757797,-4.262119,-5.848965,-6.262711,-7.122137,-6.207259,-6.020008,-6.919588,-6.118593,-4.621947,-3.821523,-4.199231,-6.149670,-4.393412,-3.448779,-3.962615,-6.527683,-6.542539,-6.587948,-7.191478,-7.385036,-6.439140,-5.771496,-4.119789,-3.056197,-3.481702,-5.760291,-6.014095,-6.917748,-7.567163,-5.567149,-4.974420,-5.075087,-6.369217,-4.725694,-5.137800,-5.752436,-5.014049,-3.915730,-4.478965,-4.275517,-4.334402,-5.452223,-5.436393
-5.270086,-4.348668,-3.676493,-3.565178,-3.791992,-4.360811,-4.589319,-4.792986,-4.555188,-4.182721,-4.512438,-4.524765,-4.045174,-4.684396,-6.038074,-5.699906,-6.501730,-4.751523,-4.390490,-4.229918,-3.626772,-4.199008,-4.444519,-4.502764,-5.215781,-5.511307,-4.528409,-5.022449,-6.195375,-6.294823,-4.679401,-5.303017,-4.704670,-5.205585,-5.606788,-4.459142,-5.324138,-3.776048,-4.556639,-2.904968,-2.179962,-2.854315,-3.254022,-4.149351,-3.833295,-4.822548,-5.477672,-4.616151,-4.842920,-5.136271,-3.962169,-4.345057,-4.067801,-1.861955,-1.205308,-1.620803,-3.740458,-3.669065,-3.750206,-3.932885,-4.656595,-3.089790,-2.552848,-2.947823,-3.774528,-4.625138,-3.597526,-1.250814,-0.019554,-0.294617,-2.300674,-3.902998,-5.142141,-6.932168,-6.083863,-3.350693,-2.423692,-2.249574,-2.050077,-2.574955,-4.983696,-7.177709,-6.141733,-7.952482,-4.510191,-1.518914,-0.655806,-1.202856,-4.033592,-5.289462,-6.662625,-5.281849,-4.026068,-4.269650,-6.222075,-7.707557,-8.749302,-8.025194,-7.416069,-4.660019,-3.728799,-4.179394,-6.097595,-6.503245,-8.318886,-6.794100,-5.930487,-6.453269,-7.071907,-4.522110,-3.603532,-4.093680,-7.372059,-4.588633,-3.545642,-3.909279,-5.453088,-6.372021,-7.923581,-8.882648,-8.295571,-7.989972,-6.688201,-4.047760,-3.050709,-3.488778,-6.018857,-7.260543,-7.866784,-6.304505,-5.286139,-5.673673,-6.927433,-5.787297,-4.862270,-5.199995,-7.339516,-5.151267,-4.108449,-4.272625,-4.402384,-4.696983,-5.763515,-5.947990
-4.696540,-4.013232,-3.901183,-3.856790,-3.798425,-4.571546,-4.915655,-4.405951,-4.209553,-3.903110,-4.417974,-4.450362,-3.987326,-4.378810,-5.328273,-6.316449,-5.728344,-5.047429,-4.059359,-3.790614,-3.785412,-4.040612,-5.803183,-4.444585,-4.789801,-5.292732,-4.814346,-4.492286,-4.856342,-4.652653,-4.403739,-4.243899,-4.168543,-4.459524,-5.381551,-4.496905,-3.785256,-3.406387,-2.999158,-3.167216,-1.927652,-1.882915,-2.059596,-2.471164,-2.983484,-2.868133,-2.925697,-3.139675,-3.361806,-2.842385,-2.337833,-2.412785,-2.683862,-1.816061,-2.107604,-1.558690,-3.443821,-1.876755,-2.211147,-4.046942,-1.931350,-1.974675,-2.854290,-2.532615,-3.151658,-5.063164,-3.116274,-1.378886,-0.130474,-0.419908,-2.511941,-4.059984,-4.764349,-5.579371,-4.510736,-3.295396,-2.428295,-3.401255,-3.835806,-4.099902,-4.011283,-4.930710,-5.064550,-3.968497,-3.757369,-1.542105,-0.890209,-1.496662,-3.968601,-4.738062,-5.857852,-4.952121,-4.402374,-4.873964,-5.856182,-6.606484,-6.822203,-7.790985,-7.049720,-4.726373,-3.803518,-4.233987,-7.146767,-7.395620,-7.332212,-6.257924,-5.407369,-5.768909,-6.936738,-4.497669,-3.628904,-4.183835,-6.779527,-4.772635,-3.717115,-4.202859,-6.234850,-6.052762,-7.154555,-9.154077,-8.967919,-8.515926,-6.407532,-4.242246,-3.218302,-3.650806,-6.041174,-7.976386,-9.950982,-7.866106,-7.130445,-5.897828,-5.589378,-5.799498,-5.222490,-5.667301,-7.406360,-5.289366,-4.174361,-4.780293,-4.907825,-4.982818,-6.285143,-6.683342
-4.221345,-3.783715,-4.554992,-4.155657,-4.122432,-4.316071,-4.686608,-4.613117,-3.990293,-3.857578,-4.240385,-4.285189,-4.234672,-4.224882,-4.943479,-6.624387,-5.514455,-5.151980,-3.745824,-3.587039,-5.001572,-4.001420,-4.897704,-4.728332,-4.655356,-6.795941,-6.324370,-4.207218,-3.995588,-4.639380,-4.867133,-4.334026,-4.309994,-4.616736,-5.154336,-4.604463,-4.095164,-3.887125,-3.369260,-2.262558,-1.511836,-1.440222,-1.967606,-2.531504,-2.986743,-3.204170,-3.627364,-3.813763,-3.642514,-3.111467,-2.721376,-2.723902,-3.100032,-1.617925,-0.792645,-1.190937,-2.918423,-3.154885,-3.694095,-3.544834,-2.915565,-2.254130,-2.009597,-2.417952,-3.453511,-3.956553,-5.083151,-1.377508,-0.221787,-0.534279,-2.671789,-4.287936,-4.949898,-5.159282,-5.925707,-5.136878,-4.270236,-2.413158,-1.395420,-1.882885,-6.032365,-4.299320,-4.896131,-4.815717,-4.812898,-4.761444,-6.424632,-6.016202,-7.546668,-5.599146,-5.819177,-4.355902,-3.420257,-3.611331,-4.790347,-6.376019,-5.881835,-6.404541,-6.933043,-7.785513,-7.431904,-5.227964,-4.626735,-5.170486,-7.008141,-7.067191,-6.262763,-6.723956,-6.245522,-5.264173,-5.360916,-5.793128,-6.901526,-6.828135,-6.633197,-5.939631,-5.743251,-6.423629,-7.471892,-7.256648,-6.772416,-5.734885,-5.620654,-6.935059,-6.418229,-6.428087,-6.879219,-7.151327,-7.141810,-6.352546,-5.400180,-5.602334,-6.803226,-7.034389,-6.837760,-8.049840,-8.319093,-7.920248,-7.794413,-6.516809,-5.140974,-5.346585,-6.844568,-6.866858
-3.860551,-3.689955,-5.858369,-4.408491,-4.706560,-3.918969,-4.274015,-5.964403,-3.883040,-3.998536,-4.375444,-4.340106,-4.899511,-4.328339,-4.572402,-5.371075,-5.815045,-4.786596,-3.690082,-3.500657,-4.179050,-3.824801,-4.475108,-5.632036,-4.435770,-4.691438,-4.799962,-4.014036,-3.855871,-4.547291,-4.934039,-5.951013,-5.003227,-6.340088,-4.995215,-4.431956,-4.534310,-4.300102,-3.477378,-3.418613,-1.878352,-2.217267,-3.380313,-4.047212,-3.667244,-4.370829,-5.174640,-4.521565,-4.682676,-4.827866,-5.584635,-4.306387,-4.762645,-1.715901,-0.882696,-1.486920,-4.457110,-5.287477,-4.850967,-4.399784,-5.396197,-4.242608,-5.150810,-4.713418,-5.105769,-5.117772,-3.741612,-1.483337,-0.304953,-0.625094,-2.733569,-4.508323,-5.356526,-6.817191,-6.873317,-5.805387,-5.726600,-2.518544,-1.597394,-2.076903,-4.580785,-5.853288,-6.888825,-6.230124,-5.963018,-6.780089,-8.936205,-7.614542,-9.353835,-7.951649,-7.359217,-5.600077,-4.402884,-4.751721,-6.992994,-7.747130,-7.600274,-7.291693,-7.436658,-8.621367,-8.876261,-6.392981,-5.369689,-5.871702,-7.788842,-7.219965,-6.209634,-6.494226,-8.131477,-6.707996,-6.070433,-6.845366,-8.833396,-7.552627,-6.933899,-7.117050,-7.429166,-7.211781,-7.125963,-7.401479,-7.881721,-6.132586,-6.190252,-7.590004,-7.038243,-8.137808,-7.974813,-9.460508,-8.470886,-6.837262,-5.918461,-6.135870,-7.488305,-9.131341,-9.863361,-8.083212,-8.644967,-8.503446,-8.035069,-6.723838,-5.279375,-5.501426,-7.211613,-7.824019
-3.644471,-3.675436,-4.658230,-4.558640,-4.547358,-3.682674,-3.952140,-4.848608,-3.909556,-4.311575,-4.919164,-4.676401,-7.000310,-4.608720,-4.448653,-4.935705,-6.127278,-4.563827,-3.908675,-3.621237,-3.468967,-3.818786,-4.662919,-5.150349,-4.351136,-4.113795,-4.274967,-4.375175,-4.167569,-4.571509,-5.285154,-5.338805,-4.998916,-5.286307,-4.620341,-4.374013,-4.551819,-3.849683,-3.260989,-2.824800,-2.064585,-2.129000,-2.859058,-3.229046,-3.416176,-4.080970,-4.002609,-4.276362,-4.252007,-4.142978,-4.061184,-4.264520,-4.242301,-1.792677,-0.992270,-1.569408,-3.992666,-3.735873,-3.537113,-3.127338,-2.551174,-1.882255,-1.589086,-1.790067,-2.450158,-2.940128,-2.900675,-1.866796,-0.490893,-0.764290,-2.485476,-4.206685,-3.878710,-4.542473,-4.055620,-1.599054,-0.914755,-0.969372,-1.359986,-2.162485,-4.868424,-5.023078,-4.746052,-5.284749,-5.922240,-5.710485,-5.043208,-5.660175,-6.374039,-6.503809,-6.007384,-5.314923,-4.191558,-4.664244,-5.599305,-6.018245,-7.542684,-8.965535,-7.267865,-4.649032,-3.525963,-3.688954,-4.935154,-6.420396,-7.381197,-7.388794,-6.199497,-6.346521,-6.672385,-6.852710,-7.233807,-6.519790,-6.537061,-5.367569,-3.974807,-4.292511,-6.749481,-6.405994,-6.036307,-6.763959,-7.049615,-7.252420,-6.876147,-4.070097,-3.174953,-3.591211,-5.945316,-7.633113,-6.791674,-7.584577,-5.487804,-4.076038,-3.660321,-4.463062,-6.471404,-6.615305,-6.381213,-3.840755,-2.685214,-3.030025,-6.156741,-5.358158,-8.241100,-6.639318
-3.553648,-3.719804,-4.287335,-4.648759,-4.138475,-3.536357,-3.793630,-4.267035,-4.008645,-4.722411,-5.750773,-5.070800,-5.975974,-4.827360,-4.653376,-4.895034,-5.338401,-4.445835,-4.232631,-4.107991,-3.294977,-4.074002,-5.008843,-4.955069,-4.683496,-3.998729,-4.635090,-5.748902,-4.857840,-5.971102,-5.579829,-5.507686,-4.321069,-4.643584,-4.032386,-4.835584,-4.581512,-3.782027,-4.494981,-3.120271,-2.737944,-2.378107,-3.944910,-5.638696,-3.611066,-4.514078,-4.901476,-4.709913,-6.199123,-4.890020,-5.128581,-5.057611,-4.896114,-1.941533,-1.144732,-1.762388,-5.008725,-4.391879,-4.476185,-3.777728,-3.516043,-2.521405,-2.479937,-2.581685,-2.489543,-2.584944,-2.282925,-1.342374,-0.956370,-1.208836,-2.059125,-3.441723,-4.040109,-4.643291,-4.192516,-1.735995,-0.755601,-1.348905,-2.041384,-2.348994,-5.301114,-5.821698,-7.529205,-8.463991,-7.132081,-6.014726,-5.951015,-6.847298,-8.586139,-7.039186,-6.229023,-5.325117,-5.106904,-5.282282,-6.037412,-6.918507,-7.077088,-7.001125,-7.553367,-4.369236,-3.393658,-3.856200,-6.976553,-6.443586,-7.039348,-6.763385,-6.391811,-6.789308,-8.130868,-7.732812,-7.097006,-7.508438,-7.498330,-4.851073,-3.786415,-4.171170,-6.256852,-8.471162,-7.474427,-7.632356,-8.960835,-7.242447,-6.830539,-4.524475,-3.473502,-3.867347,-6.082991,-7.966496,-7.569614,-7.284887,-6.310897,-4.950745,-4.137640,-4.831989,-7.346047,-7.336521,-6.202763,-3.809169,-2.693116,-3.045996,-4.993520,-5.703207,-6.828460,-6.928601
-3.559134,-3.879554,-4.215942,-4.807774,-4.048357,-3.435807,-3.815448,-4.220508,-4.150637,-4.975277,-5.453506,-5.161776,-7.075554,-4.803563,-5.029820,-5.311312,-4.731339,-4.683136,-4.427918,-3.844529,-3.266381,-4.234690,-5.486502,-4.878352,-4.586410,-4.276056,-4.936024,-5.864275,-5.620757,-5.402729,-6.055915,-4.955178,-4.039855,-3.808733,-3.798076,-3.666240,-3.488591,-3.191730,-2.952689,-2.699921,-2.362077,-2.381088,-3.310569,-3.651789,-3.373010,-3.440840,-3.533129,-3.458903,-3.399244,-3.248626,-3.307814,-3.467740,-3.948559,-1.990507,-1.241107,-1.892252,-3.880138,-3.231736,-2.828271,-2.451405,-2.154910,-1.719677,-1.677769,-1.850634,-1.835040,-1.945154,-1.692804,-1.290927,-1.195074,-1.449784,-2.032951,-3.128005,-4.631181,-4.410877,-4.348814,-1.814794,-0.834066,-1.226527,-2.118300,-2.647675,-4.223649,-4.806165,-5.271328,-5.282871,-5.786854,-5.962750,-6.290475,-6.448494,-6.740057,-5.573074,-4.983543,-4.697939,-5.147517,-5.353850,-5.788649,-6.855404,-7.187280,-6.503025,-6.086480,-4.853163,-3.781241,-4.193591,-6.588330,-7.144227,-6.489230,-6.132185,-6.048219,-6.543083,-7.326338,-7.700075,-8.083580,-6.911359,-6.622728,-4.869396,-3.749474,-4.160460,-6.559171,-7.122318,-6.817760,-7.877424,-8.717494,-7.573527,-6.941438,-4.901898,-3.813961,-4.226053,-6.705955,-7.821263,-8.067542,-7.439770,-7.431462,-4.232408,-3.672441,-4.473675,-8.095917,-7.138299,-6.353841,-4.043337,-2.904410,-3.247212,-5.489552,-6.838165,-8.466346,-6.971083
-3.663686,-4.112903,-4.324629,-4.709889,-3.966961,-3.391536,-4.056525,-4.516850,-4.356708,-5.151700,-5.550343,-5.013455,-5.906794,-4.995139,-4.897593,-5.091639,-4.874472,-5.287881,-4.846115,-3.458207,-3.188342,-4.177460,-4.976258,-4.399529,-4.390851,-4.775445,-6.108696,-5.177394,-4.944111,-4.835888,-6.658593,-5.310489,-4.177572,-4.156254,-4.987198,-3.956494,-3.764049,-3.694127,-3.322251,-2.683576,-2.239956,-2.578798,-4.304507,-4.676101,-5.249171,-4.117576,-4.168354,-4.910425,-4.613820,-4.153802,-4.122025,-4.189545,-5.413047,-2.134351,-1.333213,-1.930741,-5.474847,-4.740877,-4.835430,-4.747472,-4.140403,-3.184586,-2.821282,-3.163579,-4.060708,-4.954870,-3.841667,-1.604728,-0.326370,-0.568783,-2.537097,-4.202501,-4.927926,-5.840026,-4.422376,-1.873541,-0.882691,-1.226016,-2.111274,-2.713872,-4.290501,-3.029329,-2.911745,-3.582051,-4.599022,-6.131465,-7.284157,-6.574054,-6.628936,-7.140099,-6.429228,-5.242481,-3.913924,-4.183670,-6.234530,-3.403116,-2.464896,-2.965325,-5.834289,-5.233521,-4.096907,-4.397976,-5.648917,-5.945614,-5.596767,-5.996464,-5.130082,-5.067677,-6.285557,-7.862836,-7.684978,-8.143056,-6.872686,-5.033974,-3.918874,-4.276228,-5.624021,-5.738808,-6.263371,-3.752762,-2.867605,-3.337855,-5.768489,-5.286674,-4.185502,-4.622550,-6.749317,-7.394068,-8.427653,-7.840522,-5.854854,-4.418993,-4.017289,-4.551393,-4.768436,-5.129256,-6.919899,-3.938479,-2.980793,-3.391968,-5.656803,-6.096425,-6.935152,-4.149968
-3.875044,-4.200139,-4.421818,-4.190102,-3.696459,-3.413550,-4.593595,-5.409559,-4.588551,-5.431908,-5.856517,-4.763008,-5.198832,-5.431582,-4.504684,-4.649302,-5.966338,-5.818247,-5.119662,-3.446500,-3.147931,-3.963008,-4.704496,-4.276586,-4.774747,-6.594620,-4.897661,-4.421772,-4.033706,-4.314319,-5.311360,-5.591637,-4.746176,-5.245105,-5.335785,-4.908087,-5.253335,-5.045083,-4.893257,-4.046783,-3.161467,-2.895296,-5.086318,-4.403226,-5.569606,-4.329038,-4.682325,-5.074186,-5.228871,-5.687940,-6.319173,-5.366889,-4.914160,-2.244086,-1.444697,-2.072196,-5.549919,-4.600128,-4.511909,-4.406870,-5.160238,-4.068946,-4.003722,-4.056730,-4.256276,-4.873825,-4.010998,-1.676849,-0.439624,-0.675872,-2.711189,-3.938968,-4.099538,-4.084152,-3.548138,-1.823133,-1.158858,-1.467512,-3.362888,-2.818240,-3.634107,-4.403958,-5.100830,-5.201295,-5.702211,-6.399412,-7.202679,-7.955983,-7.456621,-7.353438,-7.367143,-5.627096,-4.433424,-4.592477,-5.665583,-3.561266,-2.651908,-3.160882,-5.891399,-5.408848,-4.263007,-4.624694,-6.729177,-7.467721,-10.057836,-6.619477,-5.417527,-5.741024,-8.190648,-7.747318,-7.585477,-7.550951,-7.650150,-5.144429,-4.048425,-4.439460,-6.519047,-6.707692,-6.588420,-3.668253,-2.762556,-3.270690,-6.222511,-5.356867,-4.242999,-4.701290,-7.438398,-7.814853,-8.679120,-7.818741,-6.299197,-4.803001,-4.393680,-4.732944,-4.622729,-5.069735,-6.683726,-4.351074,-3.227544,-3.597952,-6.152467,-6.425501,-7.137968,-4.458198
-4.149648,-4.053348,-4.239121,-3.871856,-3.422651,-3.477721,-5.446134,-5.713380,-4.872056,-5.688504,-5.635080,-4.632472,-4.610839,-4.774988,-4.254100,-4.716194,-5.730379,-5.360450,-5.184823,-3.617488,-3.173536,-4.158871,-4.528856,-4.565200,-5.502501,-5.757831,-4.784405,-4.007215,-3.896862,-4.187241,-5.124688,-5.822875,-5.440831,-5.952427,-5.779690,-5.728981,-5.936940,-5.229215,-4.508379,-3.838639,-3.040048,-3.000100,-3.637018,-4.173432,-4.181911,-4.075652,-4.517546,-5.216287,-5.148817,-5.192722,-5.000122,-5.020921,-4.643687,-2.338319,-1.561502,-2.197668,-6.146054,-4.259784,-4.083090,-3.636171,-3.006411,-2.267480,-1.907989,-2.165618,-3.006897,-3.797283,-3.808599,-1.647302,-0.521686,-0.819958,-2.850511,-4.696934,-5.124925,-5.965944,-6.173322,-5.140302,-4.089598,-4.285662,-2.589561,-2.985237,-5.716216,-7.280973,-6.336814,-6.639339,-7.157452,-6.893205,-6.731300,-7.765266,-8.038277,-7.434715,-7.210824,-5.404618,-4.161118,-4.547033,-6.236679,-3.712385,-2.848834,-3.372722,-6.429963,-4.654425,-3.668031,-4.060297,-6.173910,-7.171277,-7.981971,-6.747369,-5.424650,-5.683690,-7.447886,-6.932013,-6.789406,-7.613653,-7.301942,-5.318463,-4.080836,-4.431876,-6.992692,-6.700215,-6.129407,-3.695257,-2.789476,-3.305528,-5.989555,-6.648203,-6.261906,-6.590253,-8.509501,-8.624516,-7.827951,-8.774694,-6.658666,-6.778230,-7.016382,-7.512905,-5.872115,-5.972112,-7.258345,-5.937466,-5.031414,-5.446187,-6.780123,-6.830614,-7.673100,-4.844268
-4.282459,-3.878412,-4.115054,-3.796808,-3.246939,-3.489933,-5.728216,-4.995595,-5.111158,-6.514867,-5.993968,-4.649897,-4.207551,-4.122634,-4.193115,-5.301039,-5.229974,-4.989537,-5.218866,-3.650962,-3.254771,-4.264433,-4.738585,-4.811697,-6.601418,-5.513402,-4.988154,-4.040328,-4.565295,-4.594715,-4.770686,-5.265081,-5.608478,-4.909474,-5.250438,-4.438964,-4.562980,-4.613304,-5.115315,-4.333626,-3.165390,-3.362911,-4.184040,-4.754756,-5.241544,-4.824827,-4.848954,-5.125266,-4.727392,-4.767623,-5.038360,-4.527443,-4.389266,-2.423869,-1.815091,-2.114828,-3.558359,-3.667747,-3.677298,-3.822166,-3.611810,-4.456108,-3.554099,-4.470248,-4.638026,-5.028471,-4.395597,-1.892996,-0.607422,-0.852951,-2.810037,-4.469515,-5.441162,-6.417943,-6.741935,-4.872576,-3.897893,-3.222271,-2.679872,-3.182155,-5.665062,-7.059432,-6.602612,-7.125041,-10.668709,-7.519998,-7.956138,-8.877468,-8.733912,-8.681071,-7.609595,-5.318206,-4.157399,-4.529588,-6.156752,-3.898270,-3.034893,-3.546685,-6.149252,-4.903644,-3.962505,-4.454062,-7.358076,-8.201849,-7.964523,-6.821328,-5.628439,-5.875584,-7.765790,-7.820942,-7.221553,-7.972519,-7.832784,-5.147037,-4.064902,-4.469248,-7.714063,-7.791419,-6.660103,-3.899383,-2.994750,-3.499574,-6.223592,-7.193382,-7.003039,-7.330649,-9.898372,-9.556464,-8.970505,-7.686868,-6.585152,-7.555073,-5.966326,-5.936496,-5.298498,-5.719814,-7.762818,-6.675561,-5.736282,-6.062185,-6.840577,-7.043891,-8.057775,-5.252604
-4.066866,-3.816112,-4.225410,-3.881238,-3.235642,-3.407896,-4.962360,-5.314018,-4.949856,-6.165656,-7.226696,-4.734817,-4.122556,-3.827694,-4.271970,-7.424894,-5.106571,-5.287064,-4.609205,-3.500465,-3.456971,-4.147062,-4.766886,-5.319909,-5.193384,-5.480790,-4.691927,-4.255981,-5.570155,-5.618087,-4.555793,-4.571517,-4.477505,-4.266166,-4.131670,-3.903850,-3.797952,-3.732369,-3.342031,-2.902139,-2.361362,-2.255605,-2.670636,-3.154876,-3.550963,-3.910229,-3.843582,-3.609924,-3.471209,-3.341962,-3.471471,-3.684620,-2.836882,-2.483212,-2.241593,-2.171391,-3.763464,-2.758607,-2.737570,-3.370472,-3.124798,-2.110812,-2.020042,-2.828096,-4.406612,-4.088757,-3.740916,-1.967470,-0.687302,-0.953851,-2.899120,-5.118469,-5.209058,-6.690913,-6.441275,-5.219238,-4.113474,-4.765869,-4.996741,-3.851345,-4.549914,-5.138170,-6.230303,-6.039347,-6.134295,-7.170570,-6.644139,-6.721663,-6.854139,-6.700545,-6.763471,-6.457787,-4.790952,-4.949096,-4.894876,-5.684523,-5.408782,-6.684302,-6.690270,-6.134223,-4.724675,-4.637882,-5.532928,-5.573680,-6.501081,-7.123210,-5.857074,-5.959725,-7.456370,-7.589244,-6.617839,-6.037830,-6.197126,-5.407855,-4.063411,-4.368089,-6.957595,-6.332385,-6.655981,-6.933526,-6.781792,-6.454876,-6.173117,-6.122043,-6.106358,-7.160974,-8.254774,-7.528978,-7.087565,-7.130006,-7.042603,-7.565397,-6.538552,-7.680454,-7.799266,-7.745464,-7.557189,-6.805807,-5.980289,-6.701523,-7.044714,-7.183734,-7.129455,-7.531192
-3.816310,-3.842819,-4.727533,-4.123482,-3.384503,-3.293634,-4.445263,-6.438628,-4.706963,-5.099647,-5.301495,-4.863485,-4.378435,-3.751655,-4.378621,-6.126560,-5.199799,-5.708302,-4.377719,-3.455246,-3.839867,-4.730283,-5.121344,-6.460835,-5.078276,-5.105414,-4.841366,-4.047215,-4.902023,-4.924102,-5.137255,-4.836429,-4.870170,-4.335134,-4.689336,-4.340216,-4.415968,-4.276114,-3.916193,-2.833568,-2.160146,-2.360491,-3.331903,-3.790086,-4.505890,-4.455667,-4.219084,-5.330440,-5.370786,-4.640924,-4.355762,-4.413342,-4.431299,-2.654230,-1.728809,-2.254891,-5.085569,-6.220497,-5.406991,-6.178100,-5.378812,-3.882031,-3.742857,-4.348940,-5.366207,-5.967652,-4.388666,-1.993777,-0.775850,-1.059178,-3.109207,-4.706781,-5.570877,-8.902846,-6.467125,-4.726716,-3.874372,-3.536468,-2.819141,-3.266715,-5.512502,-6.657769,-6.208636,-6.749365,-7.056128,-7.622302,-6.878771,-7.172473,-7.156005,-7.738275,-7.654428,-5.386022,-4.233567,-4.582909,-6.705104,-7.589633,-7.139437,-7.098273,-7.775617,-6.134179,-5.185966,-4.903376,-4.625887,-5.147105,-7.647796,-6.815324,-6.039843,-6.320216,-8.577160,-6.304863,-5.543675,-6.222272,-7.455557,-5.003071,-3.945365,-4.344151,-6.717892,-8.376417,-8.341452,-7.634190,-7.704889,-6.213872,-5.896282,-6.567679,-6.731676,-6.932504,-7.807115,-8.552363,-8.252558,-7.382597,-6.639401,-6.941596,-7.883496,-7.486650,-8.029897,-8.042798,-7.892857,-7.297698,-6.094457,-6.372610,-7.404536,-8.076695,-9.823469,-8.932119
-3.735220,-3.937045,-6.971295,-4.519531,-3.602144,-3.218103,-4.115590,-5.208656,-4.639709,-4.656980,-4.756653,-5.257200,-4.853620,-3.817214,-4.266825,-5.856456,-5.040901,-5.418472,-4.219463,-3.618904,-4.099601,-5.206391,-5.201585,-5.874495,-4.857940,-4.465732,-4.184709,-3.878146,-4.214895,-4.576305,-5.353265,-5.096723,-5.320886,-5.052190,-6.191258,-5.468266,-4.765568,-4.676133,-4.129039,-3.840380,-2.614765,-3.869257,-3.702499,-4.329873,-4.369301,-4.346856,-5.769173,-5.287181,-6.655512,-5.369677,-5.967704,-6.175604,-5.557703,-2.741746,-1.898538,-2.445997,-5.696193,-5.109898,-4.749167,-4.611598,-4.882169,-4.227598,-5.296106,-4.224229,-5.214567,-4.869386,-4.737935,-2.022405,-0.864958,-1.163662,-3.273244,-4.320559,-6.240956,-6.120904,-6.034422,-4.989858,-5.079614,-4.013058,-2.974933,-3.407689,-5.320938,-6.458643,-5.523309,-5.519533,-6.099049,-8.024160,-6.590880,-7.003438,-7.622189,-8.578407,-7.143041,-5.393739,-4.258364,-4.646236,-6.946301,-8.309927,-7.210018,-7.940286,-7.423326,-6.023697,-5.243562,-4.978027,-5.205222,-5.718961,-7.008566,-7.406926,-5.975143,-6.362679,-7.971262,-6.722744,-6.231185,-6.650421,-6.947933,-5.212727,-4.519252,-4.980621,-7.267633,-7.167117,-7.557704,-7.189907,-6.941160,-7.237898,-7.233375,-7.632225,-7.554319,-7.790649,-9.906714,-8.659476,-8.822864,-8.338226,-6.968068,-6.983870,-7.982769,-8.084399,-7.419969,-7.724081,-8.991523,-8.925823,-8.617531,-8.229547,-7.478174,-7.630108,-7.646678,-7.809477
-3.839604,-4.144514,-4.568597,-4.614327,-3.646785,-3.245807,-3.892000,-4.752913,-4.790094,-4.468119,-4.555274,-5.680977,-5.215699,-3.988048,-3.981889,-4.789206,-5.171097,-5.598759,-4.216740,-3.970313,-4.343311,-4.445928,-4.672507,-5.057919,-4.829142,-4.376790,-3.736227,-3.986887,-4.768993,-4.348770,-4.842149,-4.769381,-5.378130,-5.710694,-5.108574,-4.869432,-4.526442,-4.385290,-4.112062,-3.041262,-2.541193,-2.843071,-3.278578,-3.514063,-3.944254,-4.205063,-4.317771,-4.770168,-5.029840,-4.950420,-4.927428,-5.036376,-6.190194,-2.803986,-2.048650,-2.722825,-4.703268,-3.991862,-3.641512,-3.220752,-2.616134,-2.005174,-1.768173,-2.024276,-2.768436,-3.475062,-4.022960,-2.032385,-0.956363,-1.256618,-3.262916,-4.149263,-5.280044,-6.081391,-4.440307,-2.622230,-1.961638,-2.438397,-3.294780,-3.560239,-5.208755,-6.188694,-5.787742,-6.258394,-7.195763,-5.588927,-5.177495,-5.523731,-6.332064,-6.005620,-6.214834,-5.271342,-4.365487,-4.635321,-6.505308,-7.609152,-8.028495,-7.243622,-7.251810,-4.504238,-3.245047,-3.408540,-4.998714,-5.749126,-7.469458,-6.941197,-6.395688,-6.619814,-6.683748,-6.739285,-5.991366,-5.090290,-5.243745,-4.473334,-3.851786,-4.162641,-5.787304,-6.152686,-6.826235,-7.472649,-6.818067,-6.420640,-7.409977,-4.624434,-3.636704,-4.018534,-6.252998,-7.965597,-7.477612,-7.135898,-6.917456,-5.939807,-5.707195,-6.487810,-7.531480,-7.762581,-7.481569,-5.090689,-4.070665,-4.487365,-6.578626,-7.630723,-8.006755,-6.832891
-4.079257,-4.402409,-4.087756,-4.216859,-3.496453,-3.400659,-3.875857,-4.415933,-5.843894,-4.380285,-4.633230,-5.401266,-5.638252,-4.221620,-3.812971,-4.275022,-5.668265,-6.444608,-4.447308,-4.519164,-5.565994,-4.392867,-4.392047,-5.078062,-5.248179,-5.107528,-3.821143,-3.654019,-4.050263,-4.323906,-5.250282,-4.560072,-6.274864,-5.131851,-4.241537,-4.560976,-4.768569,-4.658729,-3.989843,-3.017910,-2.776121,-3.420607,-5.151716,-4.034863,-4.270471,-4.481217,-6.099979,-4.999383,-5.513676,-6.708580,-5.256406,-5.296348,-7.108177,-2.974307,-2.131056,-2.713159,-5.170786,-5.568526,-5.411806,-5.724870,-4.331617,-4.593358,-3.315748,-4.992137,-3.866440,-4.158443,-3.605580,-2.016979,-1.210661,-1.428483,-2.786862,-3.950334,-4.652680,-5.631969,-5.467761,-2.951271,-1.983226,-2.391915,-3.219181,-3.775896,-7.358755,-7.208204,-6.809145,-6.851166,-7.644672,-7.123730,-7.593506,-8.091973,-7.814656,-7.112006,-6.823431,-5.316322,-4.196312,-4.607041,-6.936348,-7.937391,-7.773183,-7.307932,-6.882803,-4.118186,-3.168756,-3.663755,-6.982091,-6.341521,-9.485363,-7.755417,-6.524879,-6.689196,-9.576832,-7.531783,-7.278043,-7.684152,-6.996810,-4.872981,-3.831550,-4.239914,-6.655766,-7.946932,-8.773033,-7.915654,-7.828494,-9.433180,-8.223445,-5.354676,-4.271493,-4.643815,-6.933584,-8.352819,-9.444077,-7.915025,-7.078172,-6.533816,-6.028447,-6.892519,-8.270585,-10.002749,-7.743642,-5.919892,-4.788102,-5.156764,-7.425197,-8.576664,-8.262833,-6.471053
-4.221509,-4.496105,-4.050985,-3.915867,-3.410661,-3.640411,-4.209762,-4.112117,-5.056009,-4.345083,-5.112261,-5.320899,-6.024628,-4.586410,-3.772715,-4.185871,-5.218859,-6.191772,-4.390811,-5.893333,-5.087474,-4.299079,-4.873740,-5.004666,-4.897870,-4.939820,-3.867854,-3.425901,-3.758244,-4.393040,-4.488853,-4.542002,-4.749511,-4.483911,-4.007833,-3.948477,-3.900701,-3.466857,-2.954464,-2.240894,-2.149836,-2.402056,-2.437018,-2.649434,-2.881092,-3.221735,-3.633327,-3.945699,-4.270086,-4.582436,-4.465574,-4.306110,-4.586010,-2.835810,-2.109965,-2.480413,-3.128016,-2.769100,-2.409341,-1.984838,-1.563561,-1.208534,-1.175262,-1.378903,-1.785121,-2.189987,-1.754053,-1.155226,-1.084846,-1.310455,-1.967623,-3.214068,-4.807843,-4.754986,-4.383125,-2.978389,-1.988092,-2.289036,-3.180660,-3.688046,-4.105693,-3.693312,-3.655619,-3.764046,-3.975086,-4.193423,-4.614599,-5.122366,-5.463651,-5.981919,-5.185958,-4.323569,-4.445847,-4.690430,-4.792614,-5.945430,-6.666921,-6.080619,-6.996279,-4.289553,-3.340536,-3.810630,-6.258619,-7.463231,-6.541638,-6.487078,-6.846314,-7.231034,-7.568737,-8.793997,-6.900756,-6.862674,-7.133780,-5.559602,-4.458023,-4.770410,-7.637212,-6.951709,-6.651748,-6.543656,-6.743868,-8.451063,-6.949766,-4.998094,-4.070567,-4.585467,-9.006674,-7.318505,-6.758316,-6.558574,-6.570962,-6.102656,-5.853455,-7.792854,-7.084530,-7.165581,-8.125749,-6.179875,-4.830873,-5.189286,-8.214580,-7.810853,-9.411556,-7.349692
-3.976665,-4.272275,-4.412885,-3.759238,-3.494374,-3.881221,-5.055943,-3.962489,-4.251362,-4.300712,-7.843571,-5.038497,-5.451109,-4.719291,-3.794032,-4.446784,-5.022718,-4.782242,-4.024950,-4.153898,-4.039270,-4.020591,-5.210801,-4.790942,-4.700330,-4.408957,-4.008634,-3.729215,-3.918117,-5.376998,-4.629714,-5.495277,-4.768776,-5.026504,-4.664481,-4.291998,-4.284930,-3.911395,-3.392792,-2.570691,-1.943441,-2.095574,-2.821718,-3.150882,-3.838908,-3.934540,-4.589378,-5.261702,-5.818292,-5.518950,-7.621667,-6.862516,-6.211792,-3.169815,-2.381010,-3.037620,-4.648112,-4.541661,-4.649020,-3.907411,-3.004744,-1.899435,-1.505331,-1.928850,-3.209009,-4.587993,-3.457870,-1.130762,0.043734,-0.249001,-2.310926,-3.686621,-4.880815,-6.540393,-5.759994,-3.284193,-2.216238,-2.744361,-4.083266,-4.097696,-6.527843,-2.537551,-1.716254,-2.274594,-5.164226,-7.205942,-7.056738,-7.423737,-7.505252,-6.727827,-6.170524,-3.409161,-2.446015,-2.896087,-5.460530,-6.489257,-7.790445,-8.706017,-6.964378,-4.522521,-3.517800,-3.947109,-6.189338,-7.673898,-7.252954,-6.015912,-4.782065,-5.079965,-6.867064,-7.746073,-7.969154,-8.035265,-8.041129,-6.244696,-5.085311,-4.819691,-4.445695,-5.005851,-7.849815,-6.895505,-6.527610,-6.873655,-7.403443,-5.217940,-4.245501,-4.698825,-7.096889,-9.252139,-9.014807,-5.696800,-4.684972,-5.321538,-6.373810,-6.809088,-7.635663,-6.266292,-6.082871,-6.128280,-5.223053,-5.631037,-4.951068,-5.416292,-10.038957,-6.916999
-3.759076,-3.916186,-6.322737,-3.672304,-3.851921,-4.021365,-4.614222,-3.967587,-3.986640,-4.227256,-4.990398,-4.841401,-5.114721,-4.401534,-3.865686,-4.668458,-5.165792,-4.365425,-3.867031,-3.643958,-3.581878,-3.987716,-5.007215,-4.587733,-4.732575,-4.682271,-4.244936,-4.230938,-3.678177,-4.401389,-6.000632,-5.248181,-4.888108,-5.078706,-5.478805,-4.958003,-4.908340,-4.596665,-3.827839,-3.457377,-2.416189,-3.658827,-3.470905,-3.807215,-4.462096,-4.307318,-4.161590,-4.447752,-4.585954,-4.449300,-4.695436,-4.937263,-4.509919,-3.343661,-2.453018,-3.052196,-5.246386,-4.737870,-4.717892,-4.417964,-4.378088,-4.782514,-4.493783,-4.196765,-4.486402,-4.709913,-3.930636,-1.263916,-0.045763,-0.325379,-2.322644,-4.350421,-4.485609,-4.931753,-4.465540,-3.620511,-3.072482,-2.807594,-3.111581,-3.858980,-5.141516,-2.644625,-1.830889,-2.400126,-5.244962,-7.237246,-6.393354,-6.565889,-6.695544,-6.514056,-6.628065,-3.526722,-2.560586,-3.026718,-5.803228,-6.548748,-6.512143,-6.547507,-5.654911,-5.390110,-4.904860,-4.174703,-4.808711,-6.712239,-6.863972,-5.956380,-4.740720,-5.119811,-7.143069,-7.034266,-7.093712,-6.827244,-6.079885,-6.184010,-4.829839,-4.797162,-4.840485,-5.326097,-8.290908,-6.042247,-5.052387,-5.637602,-6.399882,-5.027014,-4.551530,-5.106884,-6.985971,-8.294927,-7.767601,-6.227194,-5.142032,-5.533925,-7.367065,-7.472761,-8.283566,-7.025004,-6.474063,-6.296769,-5.950195,-6.057389,-5.012342,-5.430659,-7.726678,-5.922358
-3.767348,-3.596603,-4.334719,-3.578973,-4.917310,-4.048460,-4.320904,-4.027633,-4.131986,-4.200625,-4.462426,-4.893256,-5.077475,-4.205682,-4.063892,-4.500005,-4.883521,-4.648180,-3.951929,-3.688049,-3.552887,-4.036643,-7.040005,-4.655348,-4.559996,-4.277933,-4.092157,-3.767792,-3.567477,-4.086917,-5.203187,-4.850240,-5.125651,-4.625700,-4.712065,-5.304718,-5.007108,-4.335297,-3.865288,-2.994111,-2.526408,-2.812450,-3.315219,-3.607235,-3.706630,-4.050577,-4.678950,-4.621819,-4.583047,-4.419474,-4.391899,-4.388363,-4.570601,-3.435670,-2.588388,-3.261076,-5.227023,-4.572701,-4.303818,-4.177708,-3.739602,-3.066232,-2.756119,-3.046026,-3.977557,-4.651201,-3.463672,-1.341193,-0.128201,-0.424181,-2.527997,-4.085716,-4.771667,-8.172477,-5.797429,-3.169602,-2.167864,-2.499202,-5.210108,-4.253130,-5.384842,-2.820207,-1.981160,-2.513219,-5.107357,-6.452759,-6.566566,-7.229632,-7.773916,-6.998096,-6.745077,-4.093052,-3.112263,-3.564712,-5.955046,-7.451571,-8.157763,-9.238507,-7.086044,-8.210389,-4.775740,-4.799695,-6.594854,-7.067471,-8.279402,-5.560846,-4.758350,-5.237945,-6.637916,-6.928232,-7.417618,-8.065427,-8.000254,-5.773494,-4.795960,-5.780364,-5.265214,-5.700403,-7.703972,-6.438273,-5.383701,-5.848783,-8.048163,-5.730614,-4.765510,-5.179871,-7.444397,-8.771005,-7.943034,-6.108243,-4.952336,-4.483562,-4.480350,-5.524374,-7.958017,-6.883245,-6.307179,-5.724444,-4.426064,-4.935132,-5.192837,-5.421527,-8.090646,-7.860451
-4.057938,-3.374317,-3.524275,-3.477376,-4.987248,-4.064544,-4.618716,-4.114060,-4.705760,-4.288178,-4.277709,-5.187655,-5.560813,-4.174006,-4.479593,-4.609526,-4.560182,-5.715469,-4.223584,-4.407599,-3.871395,-4.225544,-4.864058,-5.079888,-4.863117,-3.971755,-4.712485,-3.868707,-3.845456,-4.440771,-4.459129,-4.980154,-6.550098,-4.854512,-4.652325,-5.851754,-6.064242,-5.036397,-4.852779,-4.353070,-2.945564,-3.410247,-4.361607,-6.402060,-6.247427,-4.380989,-5.325524,-6.310565,-5.643697,-6.772867,-5.628067,-5.978648,-6.160110,-3.555600,-2.743611,-3.323812,-5.743810,-6.333889,-6.697574,-7.560997,-6.152030,-5.736829,-5.049209,-5.267669,-6.224233,-5.298239,-3.767552,-1.417630,-0.219452,-0.516385,-2.583318,-4.213332,-5.171871,-6.333320,-5.696830,-3.290913,-2.287758,-2.667088,-4.082092,-4.993171,-5.198442,-3.455438,-2.618216,-2.847008,-4.214491,-6.388387,-6.791459,-7.075923,-8.828603,-10.648682,-9.010511,-5.340549,-5.038905,-5.389708,-6.398425,-7.287181,-9.114757,-8.675241,-7.294592,-4.782674,-3.843102,-4.308999,-6.732070,-8.646126,-7.799447,-5.815213,-5.072825,-5.338116,-6.396232,-8.158206,-7.803039,-7.673902,-8.184294,-5.827502,-4.978957,-5.767925,-5.389300,-5.854660,-8.609004,-7.189511,-6.363544,-6.252534,-7.184553,-5.780265,-4.795114,-5.269893,-8.619553,-8.662686,-7.874132,-7.128701,-6.403400,-5.018905,-4.400526,-5.355462,-7.811349,-6.734653,-7.189174,-4.698836,-3.682014,-3.981548,-5.111728,-6.003737,-8.625011,-6.478818
-4.677222,-3.254543,-3.136060,-3.407642,-4.082846,-4.077530,-6.454587,-4.311199,-5.248374,-4.471825,-4.310721,-5.936422,-7.125228,-4.211551,-4.585063,-4.602337,-4.765553,-4.906383,-4.358953,-4.776390,-4.438447,-4.871739,-4.675256,-5.672477,-4.922298,-3.867119,-4.203010,-3.944912,-4.816548,-6.516838,-4.821105,-4.924836,-6.632487,-5.289032,-4.641712,-4.746828,-4.889281,-4.840709,-5.594764,-4.460598,-3.245148,-3.331290,-4.040804,-4.405419,-4.415561,-4.048394,-4.230169,-4.708650,-4.889002,-4.922697,-4.723853,-4.620632,-4.516731,-4.274868,-3.670067,-3.394371,-3.435034,-3.435348,-3.286431,-3.091894,-2.836195,-2.692372,-2.789716,-3.168176,-3.726391,-4.052881,-4.197643,-1.497406,-0.305927,-0.598280,-2.666044,-4.136765,-5.950405,-6.071844,-4.891016,-3.658639,-2.926289,-2.760079,-3.371049,-3.437109,-3.607824,-3.764049,-4.040788,-5.064703,-5.574788,-4.832500,-4.875426,-5.697748,-6.668627,-6.364632,-6.532471,-4.321605,-3.850330,-3.877824,-4.593394,-5.081123,-5.467890,-6.004781,-6.825022,-4.741415,-3.761097,-4.029342,-5.529434,-5.701416,-6.044756,-5.944491,-5.964358,-6.909999,-7.676196,-6.760069,-5.999481,-6.110720,-6.639134,-6.060130,-5.677474,-5.328166,-4.756943,-5.340169,-6.533501,-6.678172,-5.865325,-5.661425,-6.124711,-5.755624,-4.554434,-5.175838,-7.308867,-8.749765,-7.004281,-7.002428,-5.875371,-5.001357,-4.552122,-5.352867,-7.424559,-7.119517,-6.574642,-5.630203,-4.351737,-4.677362,-5.993998,-6.482333,-7.244896,-7.807638
-4.560901,-3.211039,-2.985403,-3.374141,-3.957107,-3.986343,-4.684825,-4.678626,-5.040611,-4.360461,-4.451945,-6.039835,-6.508802,-4.207538,-3.975961,-4.217497,-5.460570,-4.587161,-4.190918,-4.153148,-4.671149,-5.172281,-4.827310,-5.504379,-4.172098,-3.840289,-4.064507,-3.757981,-4.484655,-4.567001,-5.154457,-5.177467,-5.232147,-6.295057,-5.703285,-4.498303,-5.722095,-4.599536,-5.462444,-4.267849,-3.577272,-3.538907,-4.899615,-5.409918,-7.046286,-4.588705,-5.301407,-6.012896,-5.862775,-6.241611,-6.466272,-6.180239,-6.308597,-7.690391,-6.855171,-6.789373,-5.862681,-6.150075,-7.776912,-5.752694,-4.998163,-4.011970,-3.473095,-3.753277,-4.965797,-6.176972,-3.967642,-1.625601,-0.420484,-0.721096,-2.827263,-4.373860,-5.267719,-6.827232,-6.592442,-6.823934,-6.906104,-6.426713,-6.451622,-7.423767,-7.588361,-7.811569,-7.170362,-8.144794,-6.877975,-6.627179,-7.517863,-8.917832,-8.312147,-7.008164,-6.335599,-4.514368,-3.441466,-3.855951,-6.308878,-7.537650,-8.123775,-8.182258,-7.990575,-8.155162,-8.955261,-7.886261,-8.948062,-8.843750,-8.985238,-7.111406,-6.158118,-6.447478,-7.792056,-8.129225,-8.113209,-8.468000,-9.260867,-7.040060,-6.023205,-6.371568,-6.904243,-7.365365,-8.700315,-9.040979,-8.746346,-8.439942,-10.520004,-7.279789,-6.725327,-7.402919,-8.448285,-9.261798,-10.399673,-7.224651,-6.134920,-6.407683,-8.067251,-8.014036,-8.068015,-7.912592,-6.997428,-7.432314,-8.709271,-8.622311,-7.784693,-7.882022,-8.339912,-7.878461
-4.059340,-3.243550,-3.014068,-3.366824,-4.387338,-3.798460,-4.013290,-5.009269,-4.908164,-4.236653,-4.524337,-7.251911,-6.448843,-4.118692,-3.644771,-3.902454,-5.002759,-4.672855,-4.256132,-4.094355,-4.625469,-5.024254,-5.403428,-4.604181,-3.802075,-3.838061,-5.206069,-3.647727,-3.676511,-4.002955,-4.549016,-4.618110,-4.400802,-4.441120,-4.371116,-3.810526,-3.389224,-3.089883,-2.827729,-2.382867,-2.394602,-2.263800,-2.462291,-2.848753,-3.222768,-3.661764,-4.177415,-4.192993,-3.862960,-3.481515,-3.175775,-2.802738,-2.374658,-2.072390,-1.907835,-1.843804,-1.839307,-1.840984,-1.815879,-1.742257,-1.686117,-1.743035,-1.880687,-2.057551,-2.330994,-2.607027,-3.182167,-1.955425,-0.534578,-0.783033,-3.095110,-4.605455,-5.504457,-6.330314,-5.175105,-5.058888,-5.048623,-5.432361,-5.661746,-5.878674,-6.381509,-6.818142,-6.313899,-7.796846,-7.292442,-7.988770,-8.036130,-8.768078,-7.441216,-6.658470,-7.907652,-4.662539,-3.570802,-3.922644,-6.034648,-7.827658,-8.238111,-8.202121,-7.830781,-7.725286,-8.545420,-8.779725,-8.686111,-8.327814,-8.509958,-7.122386,-6.190198,-6.616896,-8.903080,-8.636739,-8.137614,-8.478676,-8.688446,-7.526384,-6.487294,-6.747766,-6.851147,-6.984460,-7.975259,-8.433686,-7.891048,-8.210441,-8.808008,-8.581432,-7.451901,-8.208615,-9.134484,-8.426545,-8.595736,-7.399920,-6.558578,-6.839495,-8.179968,-10.159639,-8.556552,-7.101744,-7.051224,-8.254807,-9.029797,-8.495975,-7.741518,-7.998647,-8.733960,-8.984908
-3.830686,-3.399915,-3.178071,-3.464737,-7.602001,-3.633864,-3.711361,-4.728045,-4.760768,-4.382404,-4.449689,-5.690731,-5.418013,-4.103096,-3.572500,-3.855751,-4.439981,-4.961347,-4.816758,-4.200852,-5.456783,-4.932522,-6.122157,-4.521974,-3.839098,-3.825523,-4.225902,-3.939541,-3.722323,-4.161420,-4.636934,-4.795242,-4.417202,-4.160267,-3.968284,-3.696966,-3.416066,-3.100549,-2.642348,-1.970980,-1.546657,-1.563380,-1.954794,-2.610357,-3.549498,-4.014375,-4.302588,-4.597742,-4.141057,-3.665808,-2.802527,-2.478917,-2.740921,-0.960143,-0.238278,-0.463340,-1.460678,-1.535171,-1.561102,-1.296643,-0.817929,-0.129801,0.118607,-0.271073,-1.325207,-2.363773,-2.245152,-1.732405,-0.503176,-0.830373,-3.216785,-3.400352,-4.080714,-4.928429,-4.045620,-2.078312,-1.201803,-1.060897,-0.868930,-1.390142,-3.525181,-4.831280,-4.009224,-4.391678,-4.410562,-1.786446,-0.919867,-1.400813,-4.242684,-3.349329,-3.398146,-3.785395,-2.624995,-2.890405,-4.072275,-5.130853,-8.007931,-6.842093,-8.139653,-4.405228,-3.644951,-4.302804,-4.021130,-4.470075,-6.822704,-7.136721,-6.262383,-5.003253,-4.046307,-2.967437,-2.249355,-2.743372,-5.630840,-4.157716,-2.970109,-3.677864,-4.277122,-4.697367,-6.324591,-7.349882,-6.912193,-6.827003,-5.359649,-3.742328,-2.654204,-3.079605,-5.818955,-7.065139,-5.697609,-3.788885,-2.945009,-3.608782,-4.998600,-4.274842,-3.310971,-3.778625,-5.846565,-3.888517,-2.869633,-2.314862,-1.912923,-2.518830,-5.492014,-4.453905
-3.814106,-3.736823,-3.432877,-3.815754,-4.376848,-3.483711,-3.605210,-4.424783,-4.657985,-4.949558,-4.424461,-4.809463,-5.192458,-4.223168,-3.660406,-4.177290,-4.439656,-5.229267,-5.191037,-4.623666,-4.513812,-4.419682,-4.532804,-5.697343,-4.148299,-4.030021,-4.858097,-4.675626,-4.383183,-5.171521,-5.486691,-6.073186,-5.442178,-4.912734,-5.040509,-4.922588,-5.191728,-4.833416,-4.004050,-2.871169,-2.046008,-2.389413,-3.134121,-3.912900,-4.587833,-4.826700,-5.377598,-6.418604,-5.776272,-5.251642,-4.804450,-4.494327,-3.871229,-1.066285,-0.248975,-0.842995,-4.006253,-4.700222,-5.149208,-4.812605,-3.520932,-2.713638,-2.365248,-2.717347,-3.711652,-4.471354,-4.233858,-2.025019,-0.775572,-1.033413,-2.994894,-4.807099,-5.693634,-6.166173,-4.705834,-2.335438,-1.225922,-2.083902,-1.000714,-1.433088,-4.175349,-4.892141,-6.224963,-9.343080,-4.532854,-1.826549,-0.887520,-1.376890,-3.945278,-5.626009,-8.385658,-3.363916,-2.541250,-3.109301,-5.956354,-7.181119,-7.440882,-7.196707,-6.513278,-4.102009,-3.232053,-3.843538,-4.559875,-5.030602,-7.600588,-7.475366,-6.301729,-6.634413,-6.245690,-4.080690,-2.969617,-3.344314,-6.027977,-4.206093,-3.070472,-3.192311,-3.716286,-4.468966,-7.000054,-9.206685,-6.886074,-6.104293,-5.899647,-4.488911,-3.384595,-3.762415,-5.879405,-7.924892,-6.371172,-4.376575,-3.293249,-3.857473,-4.375606,-5.256125,-3.754255,-4.115835,-6.234446,-4.009241,-2.892523,-2.800269,-2.115962,-2.547149,-4.262994,-4.944607
-4.039474,-4.323141,-3.747270,-4.538404,-3.794129,-3.266606,-3.738478,-4.324449,-4.624053,-5.941177,-4.616421,-4.379991,-4.834507,-4.133387,-3.764938,-5.519943,-5.006845,-4.814886,-4.721444,-4.864388,-3.877104,-3.897350,-4.421657,-5.424267,-4.398445,-4.639538,-6.075932,-4.961025,-5.573087,-5.218220,-4.913551,-4.770410,-5.165014,-5.523139,-7.051250,-6.116076,-5.498617,-5.207119,-6.148144,-4.082430,-3.152424,-3.329885,-4.224518,-4.826680,-5.954940,-4.883896,-5.932796,-6.052771,-6.267516,-6.083394,-6.386404,-5.001723,-4.355852,-1.162826,-0.352938,-0.937453,-3.784248,-5.221730,-5.948792,-6.412102,-6.547329,-5.888438,-6.920643,-6.617349,-6.645213,-6.408339,-4.410573,-2.116785,-0.868296,-1.130590,-3.116982,-4.776123,-5.622840,-6.223042,-4.871111,-2.310074,-1.333253,-1.234315,-1.171787,-1.710649,-4.068527,-5.700065,-6.051197,-7.870441,-4.879900,-1.953963,-1.046103,-1.559412,-4.258136,-5.728892,-8.142759,-3.414149,-2.635998,-3.255323,-6.249529,-7.179850,-7.743052,-6.717124,-8.707797,-4.192073,-3.323119,-3.759151,-4.905437,-5.428975,-7.056402,-7.508210,-6.661077,-7.018446,-6.608254,-3.857759,-2.829262,-3.244459,-5.918910,-4.383955,-3.207504,-3.848438,-4.365388,-4.625546,-7.496251,-9.117283,-8.266463,-9.177423,-7.338576,-6.116436,-4.956789,-5.341072,-7.657188,-8.247672,-7.326735,-4.613481,-3.579640,-3.808320,-3.988837,-4.264414,-3.629538,-4.017518,-6.342362,-4.386880,-3.078525,-5.282127,-2.399301,-2.809808,-4.713019,-4.754006
-4.609866,-5.036398,-4.011962,-4.345345,-3.527835,-3.042364,-3.986805,-4.244408,-4.588103,-5.861375,-5.028978,-4.329156,-4.475797,-3.856863,-3.699574,-4.609070,-4.853467,-4.600048,-4.193066,-4.009795,-3.646318,-3.897652,-4.511606,-5.930826,-4.508768,-4.668969,-5.965497,-5.024143,-4.616893,-4.606584,-5.141106,-4.644669,-4.624171,-5.044788,-5.409396,-6.032255,-5.455385,-5.677355,-5.837379,-5.205030,-4.055674,-4.405432,-5.019986,-5.025754,-5.169943,-4.686085,-5.011569,-6.113996,-6.373607,-6.092648,-5.933403,-5.306468,-4.479933,-1.266174,-0.462320,-1.057135,-3.905878,-5.568717,-5.399764,-7.376424,-5.936729,-6.392742,-5.348267,-5.524423,-5.954931,-6.465926,-4.651206,-2.217732,-0.976440,-1.237971,-3.187018,-4.839752,-6.450525,-6.150845,-5.126739,-2.264353,-1.274565,-2.139965,-1.469095,-1.865880,-4.376750,-5.717128,-6.219237,-7.840809,-4.915274,-2.111364,-1.199939,-1.708957,-4.355333,-5.793606,-6.256384,-3.347939,-2.467467,-2.982680,-5.491993,-6.650219,-7.014575,-7.893819,-7.425199,-4.647826,-3.768899,-4.426765,-5.649018,-5.814723,-7.387177,-8.505025,-6.800879,-7.096647,-6.213486,-3.512944,-2.537216,-2.983931,-5.620677,-4.522295,-3.348743,-3.588448,-4.482835,-5.246151,-6.811731,-7.607805,-7.330598,-6.964519,-7.348042,-6.953167,-6.347617,-6.877267,-7.707164,-8.779965,-7.486908,-4.929409,-3.875923,-4.074407,-4.876769,-4.607337,-3.711995,-4.110672,-7.146106,-4.378963,-3.229113,-3.233331,-2.631100,-3.158226,-5.278290,-4.791282
-5.523032,-4.720910,-4.071636,-3.927476,-3.298382,-2.881916,-3.782141,-4.119931,-4.400466,-5.810866,-5.138502,-4.549267,-4.393831,-3.805153,-3.575337,-3.961679,-4.372389,-4.434361,-4.139150,-3.680958,-3.769077,-4.424244,-4.981757,-5.534595,-4.489803,-4.469920,-5.657933,-5.114281,-4.157283,-4.256944,-5.376151,-4.757791,-4.684884,-6.192972,-4.675052,-4.970765,-4.697731,-4.479668,-3.897569,-3.785334,-3.449031,-3.903917,-4.299136,-4.245293,-4.568713,-5.446395,-4.527164,-4.695133,-4.951765,-5.332664,-5.804456,-5.795379,-5.254862,-1.334635,-0.575149,-1.197647,-4.010532,-5.372641,-5.394923,-4.473074,-3.926739,-3.632429,-3.457441,-3.518179,-3.898448,-4.921878,-3.583657,-1.985768,-1.120621,-1.411072,-2.796982,-4.041652,-4.959922,-5.684678,-4.884249,-2.240082,-1.271651,-1.616512,-1.609417,-2.063802,-4.664961,-5.627320,-6.996510,-7.022516,-5.198655,-2.243465,-1.371574,-1.909359,-4.708878,-5.738022,-6.057145,-3.272185,-2.406509,-2.939182,-5.764755,-6.682574,-6.568386,-6.741147,-7.521916,-5.383980,-4.782302,-5.340277,-6.093104,-6.307236,-7.820026,-7.093934,-6.749278,-7.057607,-6.415052,-3.511924,-2.598767,-3.100748,-6.102162,-4.461835,-3.346206,-3.722640,-5.213949,-5.875847,-7.164224,-7.567526,-8.132854,-7.389689,-6.836087,-6.471882,-5.154898,-5.496209,-7.275882,-8.416928,-7.326250,-5.192084,-4.122345,-4.403616,-4.946768,-5.483874,-4.083177,-4.455560,-6.850231,-4.485896,-3.480000,-3.054936,-2.736872,-3.228325,-4.919757,-5.305885
-5.421515,-4.432013,-4.019726,-3.865088,-3.116068,-2.798832,-3.415368,-4.105870,-4.328446,-5.198990,-5.013847,-5.031708,-4.734271,-4.025213,-3.605685,-3.880147,-4.328031,-4.538558,-4.655778,-3.700879,-4.245224,-5.461896,-6.252840,-5.537576,-4.432561,-4.344059,-5.918154,-4.905820,-4.031953,-4.339693,-5.460389,-4.949961,-5.092138,-4.650086,-4.419230,-4.889092,-4.684833,-4.218230,-3.753551,-3.065505,-2.743734,-2.979781,-3.540080,-3.812711,-4.027519,-4.762023,-5.115724,-4.779207,-4.920561,-5.198962,-4.915991,-4.594435,-4.342379,-1.512290,-0.699078,-1.297886,-4.351064,-4.588667,-5.029131,-3.961275,-3.112313,-2.174007,-1.753610,-1.981960,-2.787774,-3.410884,-2.849425,-1.211336,-0.481731,-0.787451,-2.224192,-3.820282,-5.504038,-6.209996,-5.124258,-4.826125,-4.245057,-3.048758,-1.703338,-2.162994,-5.694925,-5.322265,-6.262124,-6.084537,-5.691868,-5.477274,-5.421342,-5.044357,-5.118813,-5.072834,-5.536210,-3.221169,-2.215100,-2.650714,-4.943059,-6.343091,-7.457048,-8.546440,-8.051310,-6.225544,-6.111995,-7.021149,-6.341768,-6.892184,-7.712204,-7.000071,-6.097871,-6.552121,-7.823362,-6.015402,-5.664170,-6.483001,-7.444909,-7.630607,-7.874270,-7.379014,-6.047676,-6.284541,-7.756128,-9.367393,-7.960770,-7.120366,-7.567736,-6.059825,-5.340295,-5.935112,-8.780128,-8.767989,-7.544149,-5.255419,-4.217775,-4.624328,-7.078801,-6.191195,-5.015144,-5.216663,-6.384759,-8.343251,-6.669251,-3.841684,-2.891975,-3.367683,-5.936819,-7.359921
-5.462631,-4.347404,-3.983249,-4.096461,-3.059533,-2.808712,-3.240146,-4.318997,-4.413801,-4.588617,-5.262002,-6.091654,-5.503335,-4.470231,-3.852343,-4.144244,-4.945010,-4.713722,-4.881185,-3.953772,-4.369896,-5.680042,-5.727084,-6.014324,-4.564382,-4.449560,-4.776020,-4.384123,-4.240842,-4.933899,-5.592396,-4.857344,-5.020774,-4.189759,-5.931948,-4.529791,-4.095212,-4.350206,-4.209797,-3.200401,-3.474666,-3.112174,-4.468519,-4.977584,-4.829216,-4.425447,-5.318753,-6.068841,-7.379860,-5.382306,-5.211840,-4.903738,-4.543439,-1.588001,-0.808803,-1.390736,-4.725975,-5.542729,-5.827782,-5.698802,-6.781784,-4.495641,-4.533805,-4.600855,-6.183714,-5.403756,-3.968151,-1.696348,-0.475505,-0.759079,-2.798849,-4.336963,-5.469589,-6.192349,-5.437557,-5.370909,-5.865779,-2.852032,-1.884532,-2.342124,-4.757828,-6.465687,-6.970114,-7.303276,-6.203567,-6.578517,-7.627781,-8.651733,-7.012487,-8.390882,-6.775826,-4.119305,-3.335827,-3.814311,-5.756843,-8.095685,-7.357382,-9.435760,-8.434686,-7.706466,-7.505346,-7.258569,-6.986746,-7.326673,-8.486111,-8.517324,-7.297166,-7.935191,-9.711512,-6.308733,-5.629209,-6.315425,-9.418383,-7.674357,-8.025894,-5.888207,-5.055925,-5.576723,-8.032363,-7.746866,-7.441019,-7.777683,-8.525729,-6.597172,-6.025024,-6.994965,-8.044756,-8.295299,-8.173924,-5.614531,-4.682228,-5.149720,-7.779814,-8.122601,-7.714981,-7.302675,-6.902139,-7.696360,-6.623517,-4.116503,-3.152983,-3.629979,-6.151507,-7.429167
-6.184197,-4.200141,-4.042480,-4.659144,-3.136495,-2.928977,-3.299495,-4.368380,-4.319535,-4.261799,-7.306785,-6.032771,-5.609505,-4.557520,-4.349403,-5.033008,-5.360930,-4.556708,-4.264669,-4.617043,-4.252566,-4.764410,-5.350554,-5.293833,-4.657537,-5.863459,-4.340724,-4.273825,-5.143613,-5.672607,-5.594370,-4.741505,-4.118782,-3.818716,-3.976625,-3.771240,-3.379786,-3.022701,-2.505412,-2.004271,-1.863355,-1.734191,-1.959762,-2.266769,-2.518022,-2.720425,-3.013313,-3.257763,-3.244952,-2.936810,-2.480278,-2.088867,-1.562372,-1.465800,-1.799153,-0.961503,-1.600246,-2.895536,-3.545126,-2.432699,-1.790237,-1.451252,-1.451934,-1.861362,-2.724607,-4.013322,-3.652695,-1.912484,-0.623906,-0.900445,-2.974936,-4.618813,-5.167233,-6.497023,-6.221247,-5.439878,-4.123932,-3.368287,-2.524520,-2.770855,-3.417956,-4.126117,-4.817396,-5.517728,-5.845764,-5.495865,-5.335867,-5.501576,-5.542032,-5.696058,-5.671059,-5.852213,-4.469195,-4.992785,-6.831542,-7.977461,-6.811956,-7.205468,-7.024508,-7.322942,-6.376033,-6.405378,-6.574846,-6.592866,-7.548119,-6.978734,-6.253755,-7.316158,-8.003738,-8.223748,-6.344340,-5.876054,-6.201050,-6.390371,-6.235036,-7.180653,-5.656823,-5.818950,-6.634385,-7.185673,-6.864749,-5.972150,-5.457641,-5.197751,-5.262022,-6.156236,-6.162832,-5.841322,-6.300507,-6.049366,-5.123120,-5.580677,-6.833161,-8.881660,-6.461180,-6.932317,-7.943529,-7.981007,-6.230258,-4.350252,-3.415224,-3.970294,-6.246600,-6.463473
-5.124605,-3.989407,-4.124104,-4.986652,-3.330075,-3.150697,-3.662361,-3.908833,-3.972256,-4.025793,-5.213346,-4.939345,-4.848254,-4.598833,-5.325076,-5.484416,-4.860023,-4.004878,-3.894837,-4.808702,-4.265837,-4.896163,-4.676712,-6.047502,-4.328121,-4.690166,-4.672371,-4.346807,-5.295351,-5.173661,-6.138596,-5.297676,-4.362629,-4.013389,-4.092670,-4.183959,-3.792217,-3.450109,-2.844191,-1.906333,-1.374696,-1.537020,-2.267361,-2.627042,-2.987347,-3.190042,-3.766120,-4.064286,-3.933507,-3.397875,-2.961137,-2.878610,-3.230232,-1.561737,-0.699738,-1.245800,-4.140667,-3.984179,-3.928763,-4.708227,-3.354606,-2.292672,-2.135395,-2.688006,-3.793962,-5.144847,-4.095289,-1.982677,-0.721938,-0.986142,-2.952485,-4.962765,-5.349623,-7.655704,-7.799437,-6.961445,-6.414877,-3.960720,-2.944396,-3.362266,-5.352755,-6.530136,-6.014506,-6.992669,-7.036371,-6.321766,-6.791805,-6.917714,-6.701438,-6.803858,-7.033740,-4.610384,-3.523551,-3.923460,-6.788215,-6.547792,-6.943873,-6.478241,-7.187997,-7.045720,-7.636437,-5.423816,-4.494672,-4.915402,-7.059036,-8.416849,-6.482586,-6.742309,-7.514031,-5.381325,-4.618203,-5.328878,-8.025389,-7.760315,-8.073977,-6.712728,-5.824317,-6.478529,-7.443829,-7.437472,-6.878843,-4.519669,-4.296075,-6.129618,-5.454170,-6.073210,-6.970138,-7.334770,-8.978658,-6.185452,-5.321644,-5.717760,-7.496461,-9.157706,-8.066173,-7.838426,-8.540230,-7.786606,-7.257585,-4.557528,-3.631593,-4.128115,-6.736731,-7.951856
-4.408750,-3.882859,-4.018855,-4.668305,-3.552915,-3.374335,-4.375681,-3.663439,-3.772610,-3.899612,-4.446095,-4.524490,-4.659379,-4.740946,-6.112397,-4.831398,-4.426399,-3.770217,-3.534483,-3.657337,-4.097609,-4.887058,-4.439390,-4.369859,-3.823268,-3.833621,-4.917260,-4.046665,-4.082129,-4.519238,-4.909332,-4.842148,-4.196387,-4.368476,-4.355703,-3.931822,-3.639365,-3.361698,-2.984942,-4.017169,-1.738004,-2.402818,-2.924220,-3.212098,-3.637009,-3.900392,-3.662142,-3.937633,-4.234420,-4.187763,-4.370553,-4.064517,-3.928358,-1.685452,-0.829720,-1.479948,-4.332806,-4.658351,-4.252771,-4.295289,-4.275645,-4.898781,-5.167705,-5.369996,-5.927061,-6.533363,-4.395809,-2.041935,-0.807379,-1.077414,-3.108760,-4.733477,-5.696716,-6.560279,-6.996230,-7.232480,-6.801444,-4.091434,-3.102616,-3.572622,-6.587363,-6.449439,-8.001046,-7.484449,-7.158710,-7.724807,-6.978032,-7.169447,-7.580573,-8.189980,-6.650455,-4.302033,-3.273476,-3.698173,-5.999325,-7.847377,-7.708305,-8.824496,-9.669670,-8.541086,-7.749035,-5.836335,-4.778239,-5.233928,-7.458391,-7.803069,-6.721491,-6.793915,-8.076821,-5.840289,-5.239092,-6.017604,-9.448996,-8.054717,-7.978640,-6.337671,-5.623806,-6.190767,-9.907242,-9.121468,-7.395756,-5.784224,-5.709331,-7.739618,-6.878153,-7.557720,-8.406176,-8.851801,-9.542228,-6.387943,-5.434059,-5.897289,-8.327502,-8.754204,-8.635420,-8.843735,-8.463102,-8.239041,-7.538566,-4.709338,-3.773201,-4.256635,-6.957244,-7.729164
-4.061693,-3.925378,-3.893454,-4.347963,-3.551686,-3.322764,-4.121139,-3.839276,-3.669440,-4.005333,-4.224630,-4.224048,-5.114316,-4.729986,-4.734011,-4.642418,-4.243070,-3.955790,-3.519531,-3.234050,-3.558137,-4.242876,-5.441338,-4.003415,-3.659861,-3.719483,-3.866126,-3.815296,-4.138808,-4.421735,-4.668569,-4.403812,-4.261289,-4.041239,-3.800693,-3.633955,-3.313296,-3.014977,-2.576110,-1.988934,-1.444669,-1.540984,-2.012912,-2.346853,-2.659549,-3.053452,-3.348198,-3.397754,-3.379367,-3.238598,-3.074757,-3.136739,-3.369426,-1.674270,-0.921072,-1.487488,-3.017056,-2.697781,-2.454807,-2.026044,-1.421340,-0.856928,-0.638249,-0.844942,-1.422052,-1.901492,-1.884956,-2.373872,-0.925162,-1.006615,-1.901373,-2.591606,-3.194646,-3.383272,-2.636245,-1.413249,-1.035242,-1.145963,-1.536718,-2.165501,-2.668880,-1.481445,-0.801601,-1.102813,-2.807655,-2.986159,-2.893822,-3.348959,-3.833476,-3.687330,-3.532348,-3.309102,-3.236462,-4.486227,-4.817324,-5.006416,-4.670105,-4.797400,-5.359878,-3.918127,-3.535187,-3.201871,-4.383471,-4.142301,-4.096559,-4.485649,-3.183934,-2.901451,-3.513144,-3.243678,-3.583676,-4.352739,-4.384863,-3.934101,-3.409595,-3.990874,-7.861855,-4.833427,-5.085350,-4.951747,-4.351757,-4.495368,-3.759697,-4.027102,-4.410337,-4.232016,-4.665638,-5.185119,-5.772997,-5.430579,-4.300748,-4.405992,-4.596011,-5.915026,-5.897494,-6.336925,-7.142126,-4.536077,-3.333141,-4.085701,-3.769702,-3.681989,-4.706801,-4.662521
-3.923753,-4.041948,-3.990432,-3.943294,-3.304225,-3.073384,-3.640791,-4.716436,-3.680829,-4.423263,-4.312034,-4.130760,-4.993711,-4.534267,-4.288011,-4.907660,-4.421504,-4.678611,-3.855703,-3.254069,-3.271397,-3.948304,-4.871902,-4.129509,-4.085056,-4.111428,-4.060854,-3.889183,-5.645443,-4.905670,-6.051365,-4.782095,-5.156388,-4.549608,-4.210160,-5.177331,-4.111381,-4.289111,-3.437884,-2.327310,-1.692792,-2.021610,-3.062306,-3.592666,-3.803568,-4.294952,-6.496104,-7.228365,-6.115469,-5.722158,-4.703268,-5.238972,-4.530666,-1.931661,-1.125521,-1.700060,-5.206873,-4.966105,-5.305470,-5.330732,-3.791508,-2.884886,-2.423979,-2.777948,-3.766944,-5.387160,-4.859387,-2.079938,-0.900324,-1.196877,-3.279985,-4.602192,-6.489933,-5.468362,-4.276282,-1.689875,-0.673769,-1.145991,-4.597396,-3.418726,-4.421542,-1.775584,-0.846459,-1.351071,-4.185585,-5.239506,-7.209647,-7.871556,-8.455356,-6.776998,-7.003568,-5.284320,-4.459709,-4.847723,-6.548606,-8.443072,-7.448971,-7.024902,-6.699849,-3.641318,-2.797654,-3.314864,-5.128634,-5.918011,-8.357224,-4.728790,-3.815313,-4.345503,-7.741410,-6.282666,-5.677216,-6.269087,-7.441272,-4.474530,-3.382114,-3.716094,-5.455689,-6.965670,-7.979792,-5.762196,-4.936581,-5.511231,-7.196321,-4.752416,-3.769961,-4.204289,-6.732542,-7.836893,-7.650726,-6.080338,-5.098511,-6.034907,-4.606442,-5.361681,-9.656682,-7.635783,-9.226769,-5.352184,-4.211702,-4.172022,-4.103752,-4.648952,-6.636894,-5.684751
-3.967032,-4.216702,-4.277617,-3.639229,-3.096780,-2.905365,-3.394470,-4.864668,-3.765273,-5.060726,-4.606987,-4.292030,-4.527505,-4.285655,-4.147105,-5.533409,-4.735116,-4.952024,-4.086634,-3.802029,-3.326154,-3.863668,-4.618779,-4.608425,-6.357887,-4.647957,-4.618299,-3.977007,-5.008533,-6.465252,-5.214127,-5.474339,-4.943785,-4.542326,-5.496816,-5.265657,-5.044599,-5.222542,-4.925111,-3.562672,-2.738147,-3.065371,-4.586951,-5.907441,-6.382564,-5.288913,-6.225383,-5.966094,-5.837177,-5.962698,-5.748672,-6.040539,-5.528245,-2.112940,-1.279564,-1.841023,-4.682758,-5.652637,-6.075534,-8.188344,-6.549643,-5.880348,-5.882083,-6.503351,-8.010881,-5.950203,-4.482302,-2.188100,-0.988960,-1.292727,-3.404799,-4.880469,-5.716582,-6.050259,-4.283972,-1.729208,-0.722745,-1.126677,-2.971339,-4.710738,-4.567692,-1.836443,-0.963115,-1.492145,-4.369888,-5.421617,-7.048718,-6.988300,-6.853881,-7.250884,-6.942330,-5.868794,-5.035041,-5.611216,-7.562565,-7.083717,-6.842512,-7.935287,-6.664712,-3.916999,-3.073721,-3.669565,-7.600144,-6.601768,-6.953024,-5.021065,-3.979260,-4.394886,-6.761695,-6.780143,-6.177118,-6.650795,-6.810455,-4.336347,-3.288361,-3.674011,-5.586772,-6.652248,-8.270339,-6.676322,-5.916546,-6.299072,-8.328502,-4.870603,-3.884172,-4.321615,-6.788162,-7.829043,-8.185619,-6.605993,-5.549451,-5.001997,-4.586820,-5.413317,-9.089187,-9.486753,-7.015546,-4.775716,-3.718640,-3.876800,-4.287728,-4.916028,-7.617987,-5.928236
-4.123903,-4.360522,-4.460786,-3.573844,-2.998887,-2.893671,-3.297948,-3.878607,-3.815711,-4.812805,-5.021158,-4.701805,-4.521224,-4.239007,-4.225209,-4.859663,-5.182891,-4.585618,-3.983882,-4.767866,-3.483160,-4.396328,-5.227941,-5.171786,-5.244422,-4.727429,-4.037895,-3.941633,-4.818511,-5.931513,-4.825222,-5.262200,-4.758557,-4.821972,-5.345187,-5.622358,-5.467052,-5.794015,-6.110268,-4.547967,-3.655813,-4.498478,-4.930824,-6.656438,-5.328330,-5.222488,-5.485130,-6.585939,-6.213088,-5.836536,-5.948826,-5.678081,-5.487573,-2.254322,-1.435554,-2.024395,-5.051105,-7.434094,-5.915968,-6.715965,-6.030106,-6.105800,-6.114741,-6.914272,-6.170718,-6.318465,-4.626451,-2.298095,-1.083906,-1.387804,-3.431855,-5.023278,-6.268143,-5.225590,-4.387701,-1.738248,-0.751039,-1.206723,-3.655721,-4.293351,-3.719948,-1.739265,-1.102675,-1.697097,-3.762208,-5.614861,-7.611497,-7.398790,-7.277275,-6.557904,-7.806684,-4.845925,-4.074523,-4.667227,-7.246132,-7.710931,-7.667091,-7.951055,-7.553901,-4.383249,-3.591581,-4.112787,-5.989841,-6.898945,-5.357497,-4.936783,-4.987175,-4.890491,-6.433122,-6.885736,-6.516890,-8.006196,-6.531974,-4.214471,-3.198965,-3.651831,-6.656192,-6.469679,-5.759761,-4.719677,-4.348665,-4.979140,-6.424051,-5.301148,-4.283391,-4.695538,-6.905216,-8.124728,-6.274959,-5.187708,-5.336550,-5.452512,-4.840273,-5.714013,-8.482790,-7.431098,-5.735539,-7.208663,-4.317993,-5.096950,-4.715818,-5.114214,-8.400811,-6.523742
-4.149155,-4.171019,-4.431255,-3.728611,-3.038294,-3.037397,-3.392052,-3.508528,-3.907486,-4.765719,-5.511511,-5.250909,-4.945012,-4.567501,-4.401572,-4.854563,-5.527645,-4.952987,-3.918008,-3.581192,-3.460990,-5.147909,-4.880754,-4.964683,-5.495991,-4.698110,-4.089669,-4.380257,-4.460635,-5.450028,-4.194620,-4.185997,-6.644495,-4.802009,-5.076492,-4.631767,-4.526234,-4.840829,-4.694037,-5.122543,-3.782947,-4.222493,-5.973595,-4.897629,-5.944458,-6.108618,-5.386154,-5.915970,-6.230174,-7.235411,-6.179734,-6.361390,-5.045819,-2.411468,-1.589524,-2.186202,-5.020542,-5.151387,-5.516572,-4.754715,-3.857048,-3.057042,-2.815371,-3.193347,-4.237895,-3.641114,-2.954052,-1.926969,-1.515545,-1.758968,-2.570699,-3.835747,-5.755083,-4.726504,-3.078844,-2.020700,-1.644901,-2.501879,-4.132649,-4.550696,-3.572928,-2.984911,-3.538838,-4.775975,-6.467556,-5.421804,-4.530591,-4.585551,-4.659506,-4.540697,-4.798218,-5.730556,-4.015924,-4.011629,-4.940346,-5.915939,-6.321711,-7.441545,-6.661259,-4.135729,-3.130280,-3.381006,-4.956553,-6.100730,-6.617131,-6.522092,-7.691829,-6.931500,-6.588006,-6.308257,-5.982837,-4.972567,-4.367565,-3.817451,-3.135553,-3.719535,-6.083886,-7.162684,-7.489375,-7.220388,-7.517686,-6.035594,-5.121626,-5.372683,-4.388629,-5.277348,-6.261198,-6.806148,-7.128804,-6.838953,-6.486840,-6.643448,-6.088239,-7.178612,-7.655958,-6.437930,-6.134723,-6.977475,-5.395712,-4.993094,-4.594901,-4.734447,-5.523795,-6.347711
-3.974472,-3.944865,-4.449972,-3.996201,-3.276016,-3.279495,-3.835378,-3.380738,-4.091095,-5.044224,-6.346519,-5.224929,-5.006239,-6.110173,-4.579224,-5.488043,-7.147106,-5.823243,-3.966631,-3.244276,-3.269246,-4.157112,-5.086546,-4.736577,-4.994803,-4.511558,-4.601240,-6.197329,-4.593640,-4.134614,-3.768326,-3.711390,-4.075469,-3.990010,-3.774209,-3.517289,-3.346452,-3.050879,-2.563250,-2.217143,-1.949513,-1.971118,-2.256970,-2.508335,-2.826420,-3.048344,-3.204884,-3.395954,-3.444446,-3.314246,-3.234766,-3.317775,-3.474985,-2.591327,-1.873690,-2.727535,-3.145757,-2.796381,-2.460700,-2.082932,-1.689531,-1.348731,-1.314148,-1.242828,-1.333041,-1.330934,-1.228539,-1.237911,-1.359672,-1.653499,-2.034936,-2.551961,-3.187544,-3.797976,-4.084094,-3.606466,-2.397191,-2.810968,-4.756193,-5.000334,-5.493718,-5.116337,-4.227463,-5.036472,-6.071732,-6.055601,-5.892362,-6.942934,-6.428701,-7.263764,-7.532113,-5.202493,-4.353250,-4.855588,-7.277737,-7.714575,-7.835275,-7.640597,-7.248792,-5.137596,-4.182229,-4.666381,-6.982402,-8.361388,-7.363560,-7.856224,-8.956358,-8.668672,-8.379540,-7.035829,-6.533763,-7.350249,-7.369457,-4.411923,-3.374937,-3.768504,-5.799015,-6.855448,-8.027884,-8.815046,-7.928154,-8.968033,-7.598985,-6.322601,-5.385574,-5.823649,-7.793704,-8.306636,-7.785025,-7.272838,-7.193327,-8.246906,-8.942777,-9.023320,-8.127220,-9.150371,-7.590376,-5.788950,-4.670924,-4.812482,-4.842940,-5.352474,-8.070656,-5.684183
-3.822153,-3.899067,-4.601421,-4.187622,-3.779350,-3.503360,-4.814487,-3.423641,-4.168117,-5.254016,-4.869175,-4.809110,-4.537241,-4.864801,-4.540182,-5.965613,-5.881122,-7.358957,-4.010841,-3.366996,-3.284032,-3.691533,-5.208364,-4.321727,-5.580989,-4.399487,-4.669814,-6.143985,-4.479358,-3.974440,-4.454544,-3.657290,-4.010328,-4.099751,-3.961738,-3.602304,-3.701574,-3.310137,-2.571519,-1.791027,-1.420041,-1.592386,-2.258792,-2.718507,-2.880210,-3.368010,-3.757589,-4.157660,-3.982866,-3.833879,-3.302113,-3.561179,-3.835076,-2.554229,-2.087248,-2.342235,-3.746994,-3.399154,-3.381941,-2.796639,-2.216707,-1.110461,-0.701373,-1.033576,-2.368879,-4.310407,-2.451688,-0.209089,0.798592,0.453532,-1.567563,-2.836564,-4.131770,-5.771097,-5.043544,-4.698541,-4.877212,-5.137868,-4.329398,-4.692277,-6.496917,-6.171074,-6.490066,-6.432448,-7.709025,-6.087345,-6.526501,-8.336233,-7.519903,-5.639733,-4.959035,-2.850235,-1.775036,-2.182835,-4.656478,-5.552435,-6.814488,-7.959545,-7.742909,-8.469081,-7.387853,-7.318204,-7.132421,-7.273643,-6.519175,-6.690765,-5.671583,-5.930362,-7.635054,-7.527040,-6.926150,-7.251467,-8.370126,-6.762400,-5.403982,-6.139926,-4.681148,-4.911189,-7.426304,-6.945266,-7.890953,-8.349133,-7.964471,-4.931586,-4.219128,-4.862082,-7.723975,-7.442743,-6.824661,-5.882829,-4.558356,-4.836605,-6.584633,-7.277808,-7.633474,-7.100754,-6.552876,-6.951050,-8.394596,-5.784977,-4.555845,-4.786663,-6.510101,-7.324774
-3.745844,-4.042976,-4.624374,-4.143268,-5.105322,-3.585256,-3.848709,-3.629341,-4.149605,-4.735816,-4.427596,-4.659879,-4.369032,-4.119208,-4.258040,-5.354491,-6.075712,-5.504729,-4.052006,-3.854912,-3.779882,-3.554583,-3.869470,-3.850851,-4.300206,-4.028986,-4.619604,-5.221013,-4.294351,-4.264958,-4.495465,-3.746871,-4.575832,-4.961071,-5.078168,-4.159950,-4.141699,-3.856566,-3.083305,-2.521644,-2.382168,-2.025544,-3.130980,-3.115722,-3.328309,-3.550700,-4.263542,-5.016072,-4.830916,-4.374601,-3.899341,-3.722916,-3.646519,-3.923378,-4.185344,-4.121891,-4.401262,-5.655241,-3.835138,-3.374467,-3.107924,-3.766434,-3.177318,-3.930691,-2.947846,-2.666912,-1.722735,-0.293254,0.661060,0.264658,-1.431332,-3.701320,-4.921960,-6.669116,-7.158877,-6.477207,-6.127080,-5.108518,-4.894005,-4.908385,-5.089855,-5.670507,-7.259490,-5.722952,-6.701673,-5.821552,-7.175402,-6.044991,-6.529222,-5.549943,-4.324538,-2.844347,-2.267453,-2.335369,-3.507906,-5.554543,-6.892846,-6.599260,-6.875932,-8.395559,-6.559839,-6.682283,-8.095070,-7.135092,-4.889194,-4.152577,-3.847392,-4.068408,-5.107926,-6.416640,-6.532354,-7.675290,-6.961979,-6.382377,-5.608790,-5.712550,-4.975806,-5.418191,-6.516478,-6.655062,-8.580030,-5.438909,-4.627796,-3.902789,-3.777649,-4.579552,-6.518379,-7.404846,-6.573322,-6.251512,-5.864651,-5.745760,-6.743443,-6.744184,-7.032505,-6.648802,-6.402864,-7.043527,-5.863673,-5.073800,-4.676023,-5.226566,-5.919238,-5.742785
-3.737046,-4.497901,-4.508123,-4.038688,-4.594305,-3.460953,-3.436205,-3.969385,-4.374482,-4.311051,-4.327713,-4.792440,-4.498348,-3.783682,-4.015513,-5.237226,-7.259224,-4.985044,-4.218400,-5.101140,-5.225368,-3.772989,-3.715968,-3.812005,-3.834432,-3.847404,-4.388522,-4.774675,-4.256207,-6.273501,-3.949052,-3.896115,-4.197654,-4.989542,-4.154603,-3.786515,-4.127100,-4.200610,-2.852383,-2.407920,-2.547646,-3.485537,-2.286769,-2.937464,-3.780143,-3.380183,-6.124031,-4.073705,-4.482852,-4.152243,-4.528557,-4.328586,-4.598849,-4.150927,-3.648269,-4.139150,-4.594130,-3.413222,-2.737373,-2.730081,-2.330985,-1.829929,-1.323544,-1.144603,-1.298629,-1.410429,-0.996876,-0.486665,-0.801339,-1.617366,-2.988642,-3.426530,-4.624314,-5.792019,-5.858185,-5.359646,-5.757195,-5.165911,-4.687436,-4.301964,-3.699082,-4.097425,-5.519520,-5.847314,-6.100229,-4.627623,-4.784661,-3.862565,-3.513637,-3.964958,-5.824255,-3.653473,-3.478808,-3.988979,-3.649078,-3.430015,-4.046227,-5.915850,-4.303722,-4.832670,-4.304433,-5.300547,-4.665390,-4.280705,-4.774812,-5.052487,-5.160164,-5.045736,-6.219109,-5.757468,-5.331736,-5.863267,-5.453481,-6.490723,-6.374183,-5.980053,-5.037836,-4.802550,-5.029346,-5.081833,-5.609016,-5.917436,-4.608727,-4.617069,-6.179858,-5.039654,-4.936499,-4.670404,-5.526920,-5.926234,-7.215389,-4.730354,-4.685551,-5.481381,-4.898497,-5.682861,-5.266401,-5.285203,-7.148580,-6.249120,-6.191536,-5.468542,-5.317271,-5.660552
-3.802625,-5.265526,-4.387925,-4.151017,-3.831625,-3.213116,-3.395073,-4.435094,-5.271619,-4.143492,-4.493886,-4.945130,-4.712884,-3.614270,-3.934966,-5.360808,-7.019811,-5.088555,-4.230250,-4.906384,-4.589472,-3.985303,-4.610029,-4.146233,-4.278496,-4.079945,-4.223924,-4.172602,-4.228287,-4.559247,-4.172430,-4.399511,-5.373397,-4.016767,-3.573229,-3.583184,-3.952176,-3.518791,-2.544490,-1.927533,-2.626811,-3.390462,-2.135215,-2.241340,-3.473614,-3.566342,-3.085228,-3.355978,-4.265359,-3.463921,-3.252625,-4.553140,-3.555286,-3.686483,-4.713562,-3.233759,-3.380394,-3.380802,-2.430034,-3.225070,-1.857979,-1.823252,-1.811149,-1.392961,-2.158350,-1.849368,-2.367576,-2.597721,-2.978836,-3.366781,-6.981359,-4.428425,-5.164817,-8.145932,-5.874606,-5.716956,-9.444285,-6.331414,-6.553564,-5.429986,-5.721233,-6.483115,-6.348821,-7.282934,-6.546446,-6.271080,-5.528501,-5.443890,-6.690039,-6.224061,-7.315195,-7.367881,-7.153935,-7.355916,-7.182717,-6.754275,-6.601468,-8.533615,-6.357092,-5.641512,-5.704615,-6.517005,-6.217460,-6.703607,-7.629040,-7.292658,-7.739356,-7.677497,-7.434377,-6.922778,-7.123271,-7.780910,-7.828508,-8.491798,-8.146849,-7.590464,-7.286148,-8.156549,-8.380939,-8.060933,-8.577057,-8.562993,-8.371378,-7.067017,-6.682528,-6.401277,-6.760866,-7.971015,-8.773195,-8.730206,-7.951377,-7.515891,-7.453645,-7.375130,-6.760323,-6.610947,-7.307106,-7.986594,-7.517460,-7.954694,-7.126119,-6.671606,-8.079823,-7.520988
-3.961370,-4.875663,-4.314374,-4.685333,-3.536607,-2.989134,-3.490080,-5.144994,-5.393690,-4.135331,-4.900187,-4.977866,-4.257193,-3.552423,-4.042225,-5.557241,-6.245776,-5.627278,-4.024575,-3.908227,-3.899459,-4.234012,-5.271045,-5.023445,-5.919422,-4.799934,-4.926279,-4.419789,-4.394807,-5.090903,-4.760736,-4.966821,-4.660231,-4.172907,-4.043974,-3.855162,-3.684028,-3.457792,-2.753330,-2.127842,-1.963402,-2.131009,-2.312661,-2.722949,-3.216002,-3.353328,-3.748466,-4.132062,-4.178443,-4.400963,-3.199817,-3.316324,-4.349574,-5.086320,-4.734156,-4.404835,-4.041717,-3.691997,-3.324117,-2.692352,-1.984676,-1.013269,-0.443884,-0.368980,0.292675,0.089878,-1.457904,-2.811362,-3.582911,-4.308123,-5.091644,-5.221622,-5.759338,-5.707535,-4.815932,-5.157899,-7.685011,-5.948520,-5.434691,-5.889798,-6.662061,-6.413990,-5.823242,-6.577394,-6.597054,-8.923842,-6.563753,-4.735933,-3.730894,-3.917322,-4.802575,-7.228089,-9.058043,-7.991138,-8.120131,-8.812094,-8.160116,-6.480541,-6.628919,-7.143510,-8.102401,-5.355276,-4.051713,-4.247765,-6.180144,-7.017243,-7.046234,-6.493938,-7.047575,-8.371266,-7.834616,-5.523218,-4.438616,-4.744679,-7.099094,-8.144209,-7.465300,-7.052729,-6.854141,-4.852961,-4.084204,-4.620319,-5.915133,-6.619531,-8.224014,-7.519910,-5.979462,-5.975293,-7.338367,-7.289380,-6.948300,-6.955104,-6.336950,-7.064817,-7.115644,-6.390380,-4.989257,-5.147467,-6.971550,-5.701032,-4.173540,-4.177595,-5.772160,-6.246091
-4.222042,-4.444967,-4.202653,-5.877283,-3.371119,-2.862230,-3.496927,-5.100722,-4.471040,-4.205488,-4.693556,-4.748877,-3.983541,-3.641601,-4.102210,-6.169796,-5.717662,-5.783159,-3.997458,-3.390268,-3.813119,-4.821973,-4.295758,-4.886965,-6.071058,-4.826931,-4.780662,-5.143354,-4.916317,-4.687193,-4.607363,-4.815380,-4.497863,-4.538317,-4.321855,-3.773360,-3.338814,-2.908009,-3.212591,-3.870190,-2.072530,-3.096434,-3.584279,-4.451974,-4.808708,-4.076553,-5.708848,-5.900178,-5.453879,-4.559944,-3.538788,-4.095549,-6.646344,-6.424387,-6.537785,-6.616493,-6.891547,-6.691783,-5.802811,-5.050560,-5.899143,-4.398222,-2.920396,-1.873714,-0.212955,-0.277327,-1.866024,-3.661007,-4.840937,-5.976612,-5.421370,-6.034320,-6.874597,-6.017295,-4.876951,-5.179054,-7.286379,-7.061124,-6.693840,-7.367026,-7.853703,-8.820150,-7.017433,-8.724046,-6.742866,-7.787875,-5.539231,-4.821122,-3.342333,-3.671313,-5.913640,-7.956325,-9.391815,-7.903017,-8.404631,-7.468257,-7.236791,-7.795430,-9.567510,-9.348289,-7.942082,-5.430589,-4.160822,-4.374998,-6.185350,-6.602014,-6.278518,-6.642624,-6.997186,-7.643005,-7.772129,-5.699512,-4.454257,-4.711465,-6.611479,-7.767418,-9.332515,-7.267395,-7.089671,-5.139738,-4.403478,-5.019264,-7.652704,-6.938049,-9.085613,-6.771340,-5.434272,-5.625833,-7.650863,-7.578753,-6.972767,-6.692875,-6.501766,-7.735565,-7.430667,-6.213729,-5.005189,-5.238589,-7.158728,-6.092531,-4.383962,-4.416627,-5.983615,-6.695626
-4.566123,-4.342864,-4.038310,-4.720846,-3.289215,-2.821075,-3.453475,-4.639222,-4.249516,-4.378210,-4.602610,-4.286167,-4.079622,-3.960674,-3.943300,-4.927773,-5.108505,-6.913431,-4.093737,-3.151520,-3.529073,-4.334644,-4.278962,-4.615546,-4.561788,-4.100840,-4.344740,-5.589761,-4.561557,-4.183448,-4.402919,-4.222764,-3.922379,-3.678691,-3.268700,-2.912351,-2.585288,-1.918162,-0.730580,-0.163666,0.069813,-0.096475,-0.482597,-1.206389,-2.268772,-3.055845,-3.809390,-4.153766,-4.050735,-3.432705,-3.072330,-3.566477,-3.852948,-4.033498,-4.058873,-3.823271,-3.753060,-3.437505,-2.918739,-2.340418,-1.640923,-1.195520,-0.833027,-0.859056,-0.061420,-0.170965,-1.576838,-1.682477,-2.321223,-2.873920,-3.932607,-3.714606,-3.170618,-3.061157,-3.304601,-3.636096,-3.847132,-4.143962,-4.437394,-4.463551,-3.981684,-3.720577,-3.660009,-3.892797,-4.271314,-4.823795,-5.643911,-4.778161,-3.299064,-3.317451,-5.282233,-5.438850,-5.669869,-5.597548,-5.666203,-5.366064,-5.719944,-6.240805,-5.958707,-6.998141,-6.251280,-5.515739,-4.161815,-4.418011,-6.261172,-7.842410,-7.567353,-7.388185,-7.465943,-8.319698,-11.427585,-7.118351,-5.603510,-5.726155,-8.486556,-7.177011,-7.581679,-7.519757,-6.896631,-5.639030,-4.775819,-5.419037,-7.348320,-7.534381,-8.349649,-7.126362,-5.771070,-6.007641,-8.222251,-8.409996,-8.592521,-7.360785,-6.836921,-7.208457,-7.089875,-6.697133,-5.053752,-5.210041,-6.988117,-6.367085,-4.551089,-4.577391,-6.112863,-6.486925
-4.891917,-4.467078,-3.858246,-4.334694,-3.314501,-2.825670,-3.520778,-4.530860,-4.244696,-4.671375,-4.903303,-4.079637,-4.354039,-4.420845,-3.820268,-4.410197,-5.115092,-5.592041,-4.342135,-3.128187,-3.076631,-3.738635,-5.241065,-4.788289,-4.198071,-3.847881,-4.018594,-4.930523,-4.205779,-4.456039,-5.073198,-4.973400,-3.949440,-3.994764,-3.522613,-3.216973,-2.988674,-2.304912,-0.860950,0.732570,1.223786,0.963953,-0.104369,-1.596175,-2.631867,-4.201274,-4.420551,-6.462156,-4.994202,-4.504956,-3.317851,-3.586471,-4.503314,-5.804263,-5.322042,-4.769628,-4.338631,-4.027405,-3.719952,-3.089563,-2.138716,-1.014543,-0.592484,-1.445415,-0.114333,0.014736,-1.335011,-4.058140,-4.087933,-4.595326,-4.779821,-3.099738,-1.916683,-2.329683,-4.477720,-5.257057,-5.894429,-4.342393,-4.092638,-5.307008,-4.942016,-2.114834,-1.085126,-1.475448,-3.864439,-5.108282,-5.830850,-3.629960,-2.484806,-2.767130,-4.581244,-7.074385,-7.962654,-8.640476,-6.974952,-4.354220,-4.159678,-5.754787,-6.188205,-7.229130,-7.591458,-4.896871,-3.928850,-4.230846,-6.767156,-4.291558,-3.108988,-3.578269,-5.194509,-5.149920,-4.023339,-5.514684,-4.038152,-4.421242,-6.898723,-8.637297,-5.615750,-5.551318,-6.324594,-3.896351,-2.626920,-2.877741,-4.656955,-6.036189,-6.092024,-6.266289,-5.834215,-5.762349,-5.222411,-4.682570,-3.545393,-3.723629,-5.051930,-6.197866,-6.682322,-5.776746,-4.600016,-3.868186,-3.522419,-3.961659,-4.877196,-4.789643,-6.190930,-4.067599
-5.109711,-4.585485,-3.710486,-4.137173,-3.431884,-2.837577,-3.745642,-4.641577,-4.447238,-5.005572,-5.317628,-4.202682,-4.358606,-4.253870,-3.870949,-4.378727,-5.444525,-5.196203,-5.149264,-3.217029,-2.839736,-3.642880,-6.224805,-5.321757,-4.566947,-4.106688,-4.078416,-4.104592,-4.487525,-4.938912,-5.885106,-4.748971,-4.583146,-5.450323,-4.487928,-5.010714,-4.916863,-3.196974,-1.473947,0.794344,1.412866,0.927559,-0.890520,-2.842545,-4.380815,-3.616621,-4.507541,-4.496558,-4.587996,-3.965964,-3.885198,-5.266936,-5.181327,-5.131577,-4.869470,-4.456463,-4.035403,-3.967540,-4.326381,-4.293057,-2.733927,-1.840028,-1.722364,-1.480881,-1.111956,-0.843512,-1.413017,-2.960634,-3.109835,-3.536504,-3.934899,-3.047621,-1.947970,-2.356071,-4.583851,-5.453364,-7.846103,-5.079140,-4.407915,-5.245214,-4.970175,-2.189021,-1.182049,-1.598007,-3.954963,-5.239679,-5.478243,-3.712699,-2.552137,-2.879047,-4.677609,-5.855764,-7.477068,-7.632641,-7.830771,-3.822531,-3.180845,-3.885884,-6.936127,-8.557744,-7.462594,-6.394209,-5.013804,-5.086170,-8.332680,-4.705962,-3.527984,-3.626098,-4.580968,-4.804446,-3.991197,-4.266501,-5.033638,-5.732511,-7.503592,-7.671330,-6.332669,-7.077846,-6.186788,-4.065190,-2.838203,-3.116045,-5.186267,-6.630936,-7.187140,-8.065948,-6.551973,-5.252167,-5.210241,-4.835315,-3.983253,-4.235231,-5.768358,-7.010163,-6.036799,-5.758595,-5.066686,-5.720208,-4.211304,-4.901115,-4.704122,-4.884651,-6.222553,-4.439189
-5.420938,-4.454194,-3.679082,-3.921587,-3.443087,-2.833227,-3.996130,-5.217846,-4.775046,-5.118152,-5.216395,-4.529675,-4.367187,-4.077088,-4.052591,-4.927222,-5.260413,-5.129798,-4.824915,-3.154727,-2.803377,-3.726066,-6.348573,-5.262626,-6.933461,-4.482438,-5.787035,-3.991458,-5.140922,-4.745177,-4.697463,-4.668839,-5.420679,-5.276038,-4.510890,-4.419656,-5.132302,-3.237188,-1.596595,0.432705,0.981665,0.407476,-1.484920,-2.446333,-3.870828,-3.623280,-4.027320,-4.464309,-4.351109,-4.535210,-4.248048,-4.222894,-4.738332,-5.196473,-4.595901,-4.100016,-3.832071,-3.452784,-3.218652,-2.622515,-1.613319,-0.486278,0.050666,-0.036331,0.156357,-0.092111,-1.220464,-2.683018,-2.862402,-3.421038,-4.073953,-2.955056,-1.946850,-2.366107,-4.460560,-5.788539,-7.234739,-6.357529,-5.167370,-5.032764,-5.035095,-2.331662,-1.293454,-1.699545,-4.195695,-5.390304,-6.278600,-5.616778,-3.984405,-3.795220,-5.022744,-6.587753,-7.016860,-7.251916,-6.399359,-4.042674,-3.369074,-4.017591,-6.616643,-7.542085,-7.419348,-5.773213,-4.711822,-5.026432,-6.885382,-5.305803,-3.919996,-4.116520,-5.165519,-4.975973,-4.254908,-5.411093,-4.308707,-4.777803,-7.239283,-8.374769,-7.724520,-6.733487,-6.286515,-3.787242,-2.704857,-3.062077,-5.287731,-6.926195,-7.489357,-6.041815,-4.857118,-4.658297,-5.027516,-5.562963,-5.016311,-5.132192,-6.353551,-7.197222,-5.834462,-6.147043,-4.687625,-4.451290,-4.495052,-4.759716,-3.759082,-3.725854,-5.160120,-4.652490
-6.947227,-4.164622,-3.830269,-3.729722,-3.176721,-2.823249,-3.977268,-7.047413,-5.285237,-5.253445,-5.313993,-4.951524,-4.692742,-4.252401,-4.275224,-6.542976,-5.479699,-4.781106,-4.129018,-3.041384,-2.864110,-4.004184,-5.328412,-5.280721,-5.161993,-4.449589,-4.285655,-3.974793,-4.193871,-4.603991,-5.372804,-4.889347,-5.048139,-5.977675,-4.485931,-6.671732,-4.201727,-5.130123,-2.787923,-0.080068,0.143595,-0.663187,-1.478795,-3.483604,-5.535501,-4.404567,-5.442492,-6.693707,-6.214896,-5.189674,-4.314301,-4.760875,-8.029990,-8.064608,-5.988346,-6.610365,-6.226372,-6.526058,-6.149642,-5.141688,-3.757340,-2.684960,-2.119466,-1.814127,-0.241825,-0.300612,-1.773936,-3.835302,-5.000019,-6.709855,-5.399173,-2.876111,-1.912163,-2.379376,-5.167844,-5.269127,-7.014077,-6.531539,-6.038692,-6.866436,-5.048086,-2.428308,-1.391577,-1.796934,-4.226724,-5.472570,-7.149639,-6.692765,-5.013398,-5.052521,-6.490606,-8.592664,-7.876179,-7.708276,-6.963827,-4.936589,-4.671799,-5.880398,-6.774442,-8.223610,-7.924292,-6.655706,-5.268864,-5.474370,-7.291059,-4.695242,-3.670486,-4.206708,-6.656163,-5.416952,-4.585411,-5.036300,-5.418576,-5.867159,-7.886075,-7.840398,-7.638086,-6.923437,-6.795642,-4.015092,-2.934906,-3.287247,-5.444092,-7.031780,-7.845963,-6.446291,-5.352798,-5.348441,-5.624253,-6.006304,-5.009563,-5.382413,-8.023705,-7.449001,-6.191195,-6.543691,-6.654813,-5.375873,-4.579649,-4.544783,-3.777464,-3.833579,-5.578261,-5.083773
-5.011744,-3.907638,-4.256910,-3.644706,-2.864545,-2.806659,-4.014649,-7.256238,-5.395354,-6.287495,-5.747207,-5.508272,-5.144762,-4.584397,-4.386846,-6.247682,-6.185860,-4.780658,-4.019103,-3.206542,-2.977115,-3.970247,-5.231190,-4.891227,-6.046016,-4.253079,-3.823260,-4.646093,-4.109742,-4.824862,-7.310505,-5.520861,-4.447451,-4.058808,-3.759778,-3.914001,-3.673795,-2.505691,-1.390236,-0.187627,-0.979111,-1.611822,-1.744451,-1.953617,-3.018631,-3.746511,-4.300869,-4.344703,-4.627815,-4.626801,-4.541814,-5.513298,-5.724400,-6.180598,-6.437092,-5.777649,-5.299192,-4.681592,-4.092246,-3.481025,-2.829626,-2.367780,-2.099573,-1.552696,-1.194711,-0.704077,-1.748602,-2.914962,-3.721362,-4.043290,-4.462148,-2.859432,-1.965482,-2.400945,-4.598517,-5.899547,-6.854706,-6.172440,-5.571265,-6.793652,-5.151261,-2.554807,-1.500913,-1.886655,-4.185979,-5.666780,-8.175153,-5.035615,-4.158938,-4.370041,-5.866869,-7.068120,-6.115614,-5.549369,-5.531694,-4.584020,-3.996451,-4.836086,-6.833493,-6.930773,-5.855325,-5.778058,-4.811587,-4.684590,-5.018276,-5.296998,-3.987572,-3.977012,-4.999006,-5.511262,-4.686349,-5.292408,-6.661468,-5.809590,-6.213385,-7.472608,-7.968625,-6.966456,-8.849673,-3.883616,-2.914001,-3.326333,-6.126204,-6.094214,-7.490576,-6.808890,-5.474537,-5.624940,-6.768666,-6.241024,-5.219018,-5.529139,-6.820685,-7.423635,-6.580280,-6.562053,-6.260173,-5.897101,-4.904534,-5.270413,-4.029410,-4.076808,-5.592958,-5.401141
-4.141384,-3.742638,-4.943313,-3.644738,-2.692595,-2.756859,-4.476711,-5.030407,-4.885404,-6.188486,-6.309253,-5.624573,-5.000812,-4.400589,-4.317875,-6.179312,-5.778380,-5.064992,-4.326915,-3.742167,-3.093681,-4.017036,-4.981808,-4.893555,-6.179077,-4.163865,-3.560556,-4.313143,-4.104977,-4.621316,-5.606496,-6.762376,-4.454051,-4.040498,-3.652436,-3.937371,-4.510756,-2.774526,-1.439178,-0.027554,0.138068,-0.304627,-1.165639,-2.411403,-3.309345,-4.995633,-4.268239,-5.604524,-4.994573,-5.007596,-4.533582,-4.645841,-5.553589,-6.022552,-5.617094,-5.631804,-5.213439,-5.092990,-4.065449,-5.040026,-3.042820,-2.469051,-1.756655,-2.081771,-1.203548,-1.044695,-2.333697,-4.190845,-4.061568,-3.971067,-3.591176,-2.670681,-2.394682,-2.759131,-3.786349,-4.715471,-4.751863,-5.326766,-4.708095,-5.316277,-6.419465,-5.253277,-4.697010,-5.383911,-5.567926,-5.471284,-6.184538,-5.481257,-4.943547,-5.343987,-6.373281,-6.267639,-7.501233,-7.624402,-7.343266,-4.711636,-3.991263,-4.604218,-7.030614,-7.453899,-7.693262,-6.588146,-5.554686,-5.757128,-7.021152,-6.346508,-5.476580,-5.250846,-5.515252,-5.673350,-4.551386,-4.987646,-6.578587,-6.104945,-7.241314,-7.226890,-10.136997,-7.382510,-6.886941,-4.471764,-3.762597,-4.405334,-6.561081,-6.974859,-7.671399,-6.258085,-5.363818,-5.795869,-6.459428,-7.212550,-7.001064,-7.079816,-6.471204,-6.463625,-5.997174,-6.414649,-6.407809,-6.006392,-6.071672,-5.598530,-4.188958,-4.243766,-5.770244,-6.550034
-3.746165,-3.647227,-4.696163,-3.714860,-2.667802,-2.678148,-4.271409,-4.206568,-4.490911,-5.365699,-7.472855,-5.401526,-4.863402,-4.205439,-4.231862,-5.149808,-5.543372,-4.948438,-4.731985,-3.987770,-3.267215,-3.779794,-4.400443,-4.481045,-5.857171,-3.988803,-3.429565,-3.586239,-4.375964,-5.125308,-4.539308,-4.641978,-4.180097,-5.236638,-3.661068,-3.818395,-4.053555,-2.794892,-2.048474,-0.223378,0.357385,-0.039005,-1.953648,-2.694697,-2.983755,-3.397330,-3.384788,-3.562282,-3.739625,-3.949148,-3.446141,-3.963402,-4.076445,-4.216219,-4.131966,-4.081814,-4.253572,-4.516850,-4.157500,-4.259593,-3.880769,-3.471637,-2.204513,-2.318423,-2.506757,-1.706161,-2.077678,-3.258917,-3.929298,-4.905863,-6.550230,-5.203618,-5.849589,-5.741220,-5.458859,-6.085799,-6.243136,-5.298432,-4.444717,-4.932649,-7.343594,-6.535634,-6.290656,-6.356940,-5.854612,-5.161483,-5.208507,-5.851457,-5.938141,-5.078917,-5.535066,-6.010353,-6.744001,-6.668910,-6.810538,-5.530350,-5.005636,-5.680624,-7.318779,-7.541478,-7.208953,-6.432433,-5.379065,-5.701771,-7.463360,-7.034840,-6.267423,-6.951783,-7.390487,-7.453904,-7.711793,-7.801265,-8.256728,-9.913572,-8.645793,-8.216293,-7.066412,-7.333142,-8.496658,-5.064579,-4.339490,-4.956224,-6.753949,-6.966266,-7.721859,-8.254885,-6.397404,-6.556323,-7.920233,-8.022098,-7.477787,-7.071527,-7.758744,-7.671159,-7.030243,-7.282279,-7.138093,-7.526249,-7.183162,-5.963881,-4.339275,-4.410271,-6.160721,-8.370034
-3.568588,-3.620404,-4.236616,-3.877768,-2.761471,-2.613258,-3.553701,-3.880371,-4.168792,-4.861819,-5.897560,-5.130262,-5.208413,-4.200283,-4.189413,-5.090411,-5.100928,-4.793921,-4.374866,-4.001686,-3.671276,-3.392792,-3.898519,-4.461976,-4.618802,-4.205736,-3.647091,-3.700138,-4.724724,-5.175009,-4.383155,-4.482429,-4.409071,-4.080584,-3.727388,-3.411852,-3.206064,-2.742605,-1.917581,-0.999838,-0.223226,-0.507137,-1.250817,-2.001137,-2.240608,-2.582879,-2.787904,-2.894098,-2.876065,-2.643082,-2.513395,-2.658301,-2.967741,-3.292923,-3.201670,-2.899192,-2.644444,-2.433857,-2.232810,-1.968956,-1.455155,-0.913358,-0.793889,-0.134397,0.428688,0.346683,-0.306415,-1.180182,-1.393301,-1.805110,-2.132856,-2.267169,-2.585944,-2.829933,-2.918597,-2.591712,-2.452845,-2.285611,-2.085704,-2.208271,-2.496586,-0.777163,-0.028686,-0.241357,-1.512916,-2.493198,-2.676765,-2.952202,-3.831632,-5.888342,-4.837315,-4.138327,-4.194374,-4.589104,-5.284693,-4.783535,-3.984665,-4.242246,-5.517962,-5.375194,-4.420991,-4.910356,-3.015581,-3.375273,-4.440614,-2.954719,-1.714064,-1.893437,-3.450786,-4.523429,-3.863538,-3.126076,-3.607488,-5.842723,-5.898592,-5.567121,-5.360152,-5.018061,-6.637179,-3.371490,-2.632693,-3.247429,-5.446028,-6.607900,-5.478877,-5.449059,-4.317507,-4.767003,-4.447359,-4.436083,-3.029274,-3.432246,-5.575794,-4.764374,-3.978778,-4.141168,-4.390421,-4.422212,-3.176966,-3.848473,-4.554606,-4.762939,-5.666830,-3.175675
-3.542251,-3.703276,-4.037422,-4.269617,-2.943054,-2.600662,-3.239269,-3.859890,-3.954021,-4.603129,-5.414125,-5.046558,-5.896301,-4.207958,-4.108514,-7.291755,-4.536948,-4.838969,-4.503329,-3.967736,-3.993531,-3.249952,-3.974113,-5.065431,-4.544039,-5.362804,-4.166069,-4.124214,-5.811118,-4.835863,-4.667918,-5.417177,-4.994197,-4.929525,-4.718103,-4.170962,-4.080809,-4.235715,-4.330006,-1.613199,-1.154572,-2.344820,-3.615619,-3.426843,-3.443735,-4.573820,-5.021476,-6.288671,-5.862404,-4.472892,-4.056930,-5.551928,-5.112038,-5.358299,-5.983083,-6.902758,-6.864038,-6.134341,-4.944988,-5.175154,-3.224644,-2.102684,-1.802102,-1.057333,0.280278,0.328308,-1.084314,-3.080508,-4.267934,-6.067529,-5.789055,-3.334882,-2.344622,-2.812857,-5.302466,-5.046642,-5.598242,-6.441730,-4.365161,-4.017437,-3.451116,-0.971524,0.152896,-0.193567,-2.442588,-3.824601,-5.527659,-4.928725,-3.404925,-3.569912,-5.416451,-6.135599,-7.270619,-6.991326,-7.390266,-4.974757,-4.086883,-4.621208,-6.026538,-6.103717,-6.402792,-4.361590,-3.064961,-3.303669,-5.086164,-3.234801,-2.061998,-2.387140,-4.740262,-4.473671,-3.354391,-3.982702,-4.464818,-4.947833,-7.751341,-6.889482,-6.620650,-7.452261,-6.540928,-3.837322,-2.788040,-3.148476,-5.167379,-7.669347,-6.805181,-6.400910,-5.082826,-5.989222,-5.212727,-4.413697,-3.189974,-3.485327,-5.418373,-5.995049,-4.923320,-5.751358,-4.949822,-3.583445,-2.976261,-3.571595,-6.181135,-5.407409,-5.389242,-3.492502
-3.650980,-3.952068,-4.011551,-5.062721,-3.208527,-2.656979,-3.169884,-4.139657,-3.868212,-4.615784,-5.344581,-5.362724,-5.041691,-4.033998,-4.014551,-4.996161,-4.453155,-4.668340,-4.417167,-3.675933,-3.321124,-3.286650,-4.593979,-6.769589,-5.223200,-4.563780,-4.364279,-4.990559,-5.053769,-5.169264,-5.993219,-5.150218,-5.082867,-5.597178,-5.952117,-5.171006,-6.337649,-5.498047,-4.061334,-2.081888,-1.656628,-2.608261,-5.070881,-5.579972,-5.964388,-5.209939,-5.158249,-6.491699,-5.956669,-6.908517,-4.890547,-5.037553,-5.883053,-5.670785,-5.229407,-5.143501,-5.210867,-4.921746,-4.789804,-4.555366,-4.519694,-4.367642,-3.600921,-1.709820,-0.093486,-0.096838,-1.511144,-3.735380,-4.942882,-6.038313,-7.133548,-3.376549,-2.349942,-2.759184,-4.659002,-5.846397,-6.519451,-5.417995,-4.626162,-5.611335,-3.577583,-1.068099,0.035978,-0.320836,-2.589988,-4.046504,-5.403000,-4.220531,-3.033289,-3.337950,-5.463810,-6.290194,-7.734257,-7.634341,-7.240494,-5.136251,-4.275888,-4.768446,-7.178236,-7.332395,-6.927706,-4.417418,-3.162408,-3.401827,-5.056974,-3.710801,-2.523930,-2.822944,-4.913126,-4.311315,-3.496768,-3.831265,-4.642377,-5.215839,-6.971876,-8.396431,-8.083306,-7.977761,-6.577328,-4.154869,-2.995303,-3.294788,-5.375580,-6.792420,-9.628897,-6.095643,-4.826525,-4.949085,-6.198329,-5.299629,-4.121627,-4.375065,-6.167472,-5.635493,-4.518317,-4.737930,-5.075719,-3.942418,-3.291107,-4.045994,-5.113021,-5.375911,-5.803823,-3.997237
-3.886691,-4.564966,-4.041900,-4.393167,-3.680995,-2.753581,-3.256252,-4.824978,-3.851641,-4.751023,-5.214423,-6.532794,-4.622327,-3.788146,-3.976660,-4.859846,-4.641430,-4.246877,-4.430225,-3.639748,-3.015793,-3.431508,-5.139964,-6.257835,-5.667130,-4.254690,-4.260068,-5.426340,-5.195685,-5.949140,-5.257796,-4.788691,-5.062438,-5.533880,-4.849895,-4.781652,-5.042710,-5.914553,-4.679865,-2.579123,-2.046548,-2.746327,-4.923326,-6.075958,-5.313782,-4.935934,-5.417072,-6.176173,-7.980621,-5.344944,-4.840666,-5.784452,-5.594296,-5.406904,-5.594432,-5.158340,-4.889861,-5.117149,-5.442748,-4.399746,-3.558627,-2.921670,-2.919646,-2.388175,-0.771359,-0.683143,-1.936821,-3.888017,-5.178469,-4.893609,-4.034234,-3.844557,-2.404270,-2.835373,-6.775701,-5.246575,-6.830403,-5.770568,-4.521785,-4.287641,-3.799893,-1.182547,-0.072610,-0.421102,-2.685237,-3.803126,-4.837638,-4.089794,-2.798815,-2.989791,-4.613867,-6.804346,-6.594819,-7.080695,-6.446311,-5.566551,-5.371413,-6.398494,-6.009834,-5.806197,-6.188811,-4.930742,-3.304295,-3.434095,-4.878860,-3.808644,-2.744262,-3.052845,-5.118277,-4.790416,-3.994826,-4.496784,-5.358727,-5.452647,-7.047607,-7.949975,-7.147230,-7.339029,-7.456594,-4.414045,-3.291914,-3.596293,-5.642149,-7.121686,-8.182869,-6.943091,-5.490910,-5.291526,-5.441419,-5.207026,-3.976512,-4.194371,-6.042161,-5.552040,-4.600358,-4.951560,-5.591177,-4.637658,-3.622078,-4.282519,-5.498055,-5.539647,-6.156320,-4.379783
-4.251714,-4.968616,-3.969981,-3.786478,-4.159185,-2.839351,-3.432531,-4.946753,-3.913787,-4.480890,-4.904859,-5.199133,-4.406147,-3.700851,-3.982673,-5.801062,-5.298066,-4.208361,-4.291188,-3.649823,-2.945747,-3.758705,-5.113253,-6.845571,-5.820659,-4.287997,-4.068587,-4.513124,-4.947459,-5.301871,-5.539788,-4.837824,-4.406352,-4.426510,-5.718194,-4.636315,-5.008657,-4.925936,-4.404952,-3.183164,-2.557474,-3.342150,-4.320630,-4.544367,-4.350804,-5.178026,-6.933782,-6.402593,-6.262685,-5.898591,-4.786689,-5.326135,-5.892507,-8.122873,-7.478298,-6.824157,-6.796635,-5.641530,-5.332564,-5.161883,-4.422395,-4.712731,-3.786609,-4.307472,-1.682053,-1.446521,-2.538984,-4.370303,-5.641652,-6.270215,-5.810587,-3.345909,-2.361761,-2.805167,-4.686397,-6.307836,-8.216127,-5.768488,-4.952581,-4.894446,-3.824723,-1.294194,-0.205236,-0.572371,-2.874617,-4.263523,-6.054097,-3.811914,-2.685844,-3.017522,-5.200673,-6.615476,-8.098169,-8.921098,-9.501160,-6.017515,-5.069562,-5.485119,-7.665058,-8.370235,-6.831462,-4.648204,-3.379796,-3.640399,-5.183115,-3.794648,-2.690400,-3.022002,-5.265710,-5.997351,-5.090191,-5.190295,-5.361128,-5.771632,-8.015990,-8.253244,-8.232040,-8.114304,-7.160703,-4.485036,-3.461219,-3.851024,-6.142428,-7.032090,-7.945539,-6.664734,-5.300638,-6.167412,-5.451413,-5.744376,-4.068857,-4.389005,-6.548087,-5.814116,-5.026350,-5.672747,-5.607424,-4.665629,-3.807913,-4.387518,-6.032863,-5.828502,-6.578516,-4.571492
-4.670669,-4.299277,-3.768090,-3.514757,-3.591466,-2.907118,-3.678905,-4.326013,-4.072758,-4.277542,-4.488182,-4.555841,-4.538123,-3.811673,-3.861194,-4.959566,-5.450398,-4.235096,-4.216524,-3.307689,-2.883123,-4.137081,-4.736362,-5.568533,-7.120779,-4.367604,-4.157523,-5.084239,-4.844710,-5.258734,-6.783618,-5.488253,-4.688775,-4.117556,-4.238493,-4.376380,-4.679553,-4.398240,-4.002549,-4.713437,-3.012742,-2.890564,-3.278998,-3.653082,-4.307521,-5.023416,-5.282692,-5.160722,-4.952731,-4.551704,-4.268675,-4.628229,-5.078601,-5.355313,-5.571455,-5.211326,-4.873408,-4.728220,-4.834981,-4.600532,-2.741552,-1.497653,-0.897409,-0.757717,-0.892035,-1.379027,-3.507302,-2.800716,-2.852249,-3.307944,-4.059976,-3.182957,-2.383344,-2.879620,-7.303285,-5.423600,-7.104800,-6.269471,-5.323769,-6.581509,-3.784002,-1.430267,-0.334445,-0.705094,-2.969379,-5.898631,-4.496861,-4.928827,-3.851795,-3.975918,-5.613019,-5.994859,-6.479656,-6.446692,-6.780001,-5.583093,-4.771513,-5.245745,-7.438076,-7.160874,-6.409687,-5.222517,-4.631461,-4.433115,-5.392431,-3.607562,-2.595586,-2.984500,-5.454623,-5.197675,-4.312830,-5.041059,-5.528001,-5.717154,-6.443969,-7.057389,-6.771695,-6.254851,-5.894459,-4.759161,-4.212676,-4.790764,-6.574739,-7.560918,-8.320293,-7.297774,-6.155561,-5.631930,-5.803684,-6.034299,-4.910289,-5.134822,-7.038728,-5.951752,-4.973586,-5.352530,-7.251824,-4.695637,-3.974463,-4.734988,-5.859286,-5.904832,-7.838027,-4.961210
-4.686531,-4.081809,-3.565878,-3.400995,-3.198860,-2.972376,-3.988135,-4.269535,-4.243377,-4.490026,-4.191702,-4.350582,-5.214908,-4.070401,-3.713260,-4.235694,-4.400270,-4.292069,-4.916649,-3.125299,-2.767041,-3.569867,-4.688489,-5.894411,-5.397993,-4.445040,-4.486769,-5.683401,-5.213303,-5.629551,-5.836226,-5.576226,-4.895275,-4.806521,-4.062101,-4.827856,-4.893058,-4.276915,-4.343550,-3.908822,-3.784472,-3.417519,-3.944426,-5.233763,-5.018461,-4.956472,-5.399676,-7.479870,-6.418543,-5.161033,-4.629933,-5.562910,-6.752140,-6.357930,-6.745505,-8.191411,-7.749706,-7.740828,-6.669050,-5.332810,-4.143597,-2.976030,-2.547522,-2.142463,-1.309536,-1.390592,-2.886627,-4.798260,-6.029301,-6.580202,-5.715247,-3.450536,-2.496758,-2.933137,-4.658975,-5.722600,-6.738241,-6.545783,-5.497653,-4.950920,-4.005955,-1.522276,-0.426924,-0.790563,-3.064061,-4.505075,-6.144809,-5.462029,-4.461961,-5.045461,-8.054371,-7.367210,-7.851576,-9.357515,-8.456228,-5.870372,-4.837487,-5.195418,-6.778675,-7.542917,-7.475703,-5.519863,-4.294683,-4.544500,-6.526549,-3.764011,-2.656023,-3.019093,-5.319897,-5.393578,-4.229039,-4.777506,-6.344051,-6.519275,-8.315412,-8.977304,-8.161287,-7.346780,-8.869781,-4.865781,-3.950144,-4.348909,-6.446566,-7.890084,-9.133213,-6.875224,-5.694491,-5.673573,-6.292610,-5.690963,-4.782808,-5.107395,-7.176161,-6.159603,-5.131449,-5.558287,-7.407315,-5.075641,-4.278224,-4.753953,-5.818611,-6.151863,-6.882926,-5.274775
-4.448808,-4.161606,-3.476654,-3.349956,-3.136158,-3.024766,-4.151061,-4.529693,-4.347088,-5.054356,-4.092103,-4.556743,-5.946310,-4.299179,-3.770216,-3.983954,-4.434063,-4.247630,-5.012463,-3.225349,-2.714859,-3.259138,-4.924499,-7.942773,-4.898421,-4.803643,-5.039602,-5.003207,-6.125117,-5.511419,-5.378513,-4.692246,-4.359168,-4.268393,-3.635118,-3.633369,-3.194180,-2.484795,-1.644466,-1.352479,-1.259018,-1.325728,-1.707258,-2.282885,-3.233301,-4.003501,-3.809817,-3.981036,-4.246277,-4.736905,-5.873884,-5.713642,-6.376731,-6.218771,-7.378585,-6.811595,-6.508130,-5.053782,-4.406289,-4.057244,-3.732331,-3.643680,-3.451452,-3.827655,-1.833929,-2.267900,-3.084670,-4.163944,-4.456151,-4.438953,-5.409496,-3.609744,-2.649844,-3.145694,-5.495165,-5.470792,-7.538543,-6.375497,-5.721244,-5.868876,-4.184593,-1.572464,-0.503590,-0.882770,-3.243773,-4.585893,-7.016043,-5.902267,-4.425238,-4.713577,-6.095206,-5.648496,-5.641567,-5.943839,-5.701013,-5.578041,-5.381999,-5.354853,-7.295332,-7.464986,-7.237229,-5.713975,-4.609700,-4.823527,-6.904294,-3.868523,-2.777530,-3.163789,-5.586806,-6.115724,-4.696952,-5.119400,-7.063806,-8.139798,-7.928596,-7.810551,-8.668819,-7.640575,-7.880271,-4.803722,-3.862123,-4.317218,-7.046360,-6.811646,-8.454795,-8.483112,-6.610755,-6.263526,-5.998119,-6.770195,-5.081297,-5.348137,-7.233145,-6.543940,-5.363622,-5.710557,-7.040295,-5.291290,-4.606464,-5.479342,-6.633776,-6.626579,-7.053896,-5.618688
-4.280444,-4.497522,-3.522115,-3.361552,-3.395974,-3.044247,-4.043951,-4.918651,-4.275322,-4.625839,-4.212686,-4.963524,-5.517581,-4.348526,-4.136849,-4.043418,-5.235745,-4.193020,-3.879327,-3.822561,-2.780729,-3.115717,-6.343053,-4.811529,-5.306164,-4.636617,-4.499994,-4.272741,-4.865041,-6.120100,-5.001749,-4.933631,-4.408524,-3.952167,-3.598559,-3.329166,-3.046038,-2.689393,-1.528662,-0.175948,0.273582,0.087348,-0.791277,-2.613283,-3.408862,-3.765993,-3.800862,-3.882930,-4.035268,-4.093260,-4.404803,-4.965665,-5.802010,-5.754889,-5.527575,-5.108227,-5.000711,-4.679031,-3.633950,-2.854228,-2.898023,-2.545538,-1.791700,-2.242484,-0.951683,-1.261390,-5.739515,-2.597753,-3.350559,-3.829429,-3.375835,-3.314987,-3.696175,-3.974054,-4.248425,-4.180046,-3.721075,-3.376260,-3.170466,-2.989626,-2.504961,-1.959267,-1.557310,-1.703360,-2.261029,-2.768814,-2.973035,-3.195162,-3.439530,-3.426414,-3.289704,-2.941271,-2.768926,-3.014521,-3.789551,-5.385642,-5.223011,-5.204473,-6.313282,-7.626222,-6.691056,-6.094520,-4.903689,-4.919817,-6.547316,-5.161414,-4.039078,-4.576346,-5.139745,-4.506567,-4.539480,-5.049739,-5.889245,-5.776273,-5.930507,-3.793898,-3.014567,-3.171171,-3.828756,-3.910363,-3.863834,-4.046462,-4.075159,-4.499331,-4.944889,-4.750655,-4.323116,-4.395799,-4.478919,-4.983292,-5.553212,-5.085760,-7.657899,-5.087706,-5.529275,-5.391232,-4.508043,-4.701890,-5.156922,-4.069863,-3.902668,-3.876939,-4.361131,-6.733396
-4.125839,-5.064387,-3.724651,-3.461102,-4.110037,-3.030223,-3.878756,-4.710965,-4.089325,-4.207002,-4.565287,-5.419917,-6.093046,-4.437505,-4.891997,-4.328169,-4.575900,-4.083403,-3.653839,-4.533421,-2.879884,-3.010108,-3.986250,-3.996984,-4.480132,-3.959684,-3.576614,-3.706284,-4.045162,-4.356764,-4.559159,-5.845618,-5.179678,-4.935987,-4.686069,-4.379774,-4.604007,-7.861290,-2.347090,-0.137092,0.677636,0.369609,-1.549617,-2.169377,-3.006773,-3.200455,-3.400568,-3.566357,-3.789715,-3.784282,-4.519352,-4.849511,-5.252489,-4.893046,-4.575945,-4.123741,-3.771226,-3.519366,-3.191406,-3.319520,-4.740616,-3.187170,-2.946371,-2.224138,-0.891689,-1.178785,-3.213134,-4.405604,-5.237210,-4.964935,-5.522761,-5.821815,-5.494740,-6.200518,-5.564541,-5.855292,-6.537383,-5.928752,-4.395648,-4.838656,-7.095179,-6.788185,-6.409196,-6.943883,-7.477807,-6.302256,-6.633935,-5.142265,-4.317354,-4.813172,-6.665817,-7.276491,-7.249240,-7.292141,-9.474744,-5.445995,-4.794949,-5.452988,-8.743821,-8.026396,-8.445771,-7.977872,-6.834288,-6.609013,-7.122399,-7.061880,-6.546983,-6.590007,-6.540443,-6.899460,-6.637429,-8.377522,-6.150284,-6.105035,-7.208001,-7.229881,-6.983120,-7.844199,-8.689788,-8.262426,-8.644828,-7.792210,-7.196570,-7.633101,-8.140761,-8.120191,-7.540833,-7.853525,-8.450036,-7.634103,-7.181684,-8.171377,-8.375863,-10.666066,-8.298999,-7.534305,-7.387993,-7.272637,-6.970215,-7.466203,-9.050312,-8.093647,-8.071267,-8.243248
-3.953856,-4.511645,-4.212052,-3.573090,-3.928920,-3.004376,-3.735923,-4.453178,-3.924188,-4.212947,-5.089619,-5.670632,-7.482136,-4.607220,-4.778358,-4.364698,-4.222529,-4.157557,-3.735075,-3.480262,-3.069576,-3.166137,-3.701813,-3.904897,-3.832326,-3.580248,-3.333669,-3.812511,-4.298865,-3.860724,-4.222760,-5.048568,-6.759332,-7.086153,-6.650609,-5.248466,-4.980417,-3.631788,-3.463026,-0.498393,0.398155,0.205445,-0.958381,-2.192910,-2.208943,-2.638174,-2.949659,-3.062407,-3.084233,-3.065260,-3.197272,-3.394704,-3.581178,-3.787489,-3.453250,-2.933178,-2.421791,-2.033647,-1.685035,-1.168306,-0.440374,0.261000,0.629798,0.820146,1.004522,0.864097,0.077279,-1.204833,-1.612324,-2.224118,-2.697827,-6.248883,-2.545058,-2.824194,-4.283700,-3.467788,-3.184494,-2.860378,-3.160820,-4.816887,-3.198775,-1.111011,-0.257558,-0.629388,-2.745379,-3.064459,-2.132011,-1.690854,-1.612240,-2.200526,-3.187893,-3.811894,-7.604762,-4.477517,-4.179933,-5.068103,-4.414053,-4.193461,-5.434912,-3.791582,-3.218888,-2.504502,-1.839870,-2.058696,-3.502925,-2.384758,-1.460032,-1.771591,-3.508325,-3.234118,-2.129099,-2.361174,-2.740676,-3.975303,-5.777061,-6.953305,-6.451074,-4.319465,-3.086839,-2.455449,-2.170881,-2.821616,-5.194023,-4.845948,-4.468171,-4.693580,-3.374129,-3.444820,-4.646757,-4.409284,-3.315725,-3.769693,-5.314749,-4.185391,-3.378498,-3.653105,-3.858273,-3.554368,-2.957715,-3.528585,-3.122399,-2.887149,-3.980927,-2.785370
-3.819666,-3.901990,-4.980413,-3.565023,-3.217931,-3.006604,-3.704178,-4.284973,-3.921535,-4.397205,-6.142941,-5.560274,-6.842755,-4.563347,-4.249813,-4.283500,-4.393269,-5.141068,-3.824824,-3.492841,-3.531453,-3.715908,-4.238022,-4.217632,-3.870209,-3.990410,-3.513619,-4.074855,-4.713869,-4.056635,-4.381273,-5.657136,-5.480624,-5.710542,-5.932121,-5.054993,-4.775419,-4.313048,-2.402889,-1.176771,-0.419723,-0.572062,-1.847407,-3.301522,-3.480131,-4.090860,-6.200178,-5.966822,-5.551612,-5.106140,-5.265979,-5.740956,-6.107347,-5.453974,-4.990414,-4.947280,-3.970926,-3.484360,-2.946977,-2.012460,-1.159225,-0.724383,-0.652701,0.434478,0.963678,0.611963,-1.105194,-1.884427,-3.455743,-3.639134,-3.977859,-3.577763,-2.648188,-3.044707,-4.808361,-5.134808,-4.960114,-4.401459,-4.221483,-4.526227,-3.733573,-1.384489,-0.308782,-0.702493,-3.226592,-3.599428,-3.555498,-2.760743,-2.264708,-2.871332,-5.331306,-4.403168,-4.510994,-4.678239,-5.306613,-5.686378,-5.963202,-5.193930,-4.561220,-4.306050,-4.664299,-3.238377,-2.075849,-2.321278,-4.056094,-3.049369,-1.877026,-2.271465,-4.427656,-3.090521,-2.122529,-2.737050,-3.921623,-4.017008,-6.528033,-6.034547,-6.643435,-6.696874,-5.731732,-3.140689,-2.188804,-2.573233,-4.476611,-6.795704,-6.693082,-4.757796,-3.522338,-3.411339,-3.891849,-3.544181,-2.461079,-2.952133,-5.213193,-3.904727,-3.316303,-3.935797,-4.262954,-3.441707,-2.933604,-3.515236,-2.874744,-3.063126,-4.659432,-3.185114
-3.740481,-3.645027,-4.225895,-3.423065,-2.913784,-3.078802,-3.873418,-4.366014,-4.082367,-4.537935,-6.907563,-5.937837,-5.740810,-4.454021,-4.075437,-4.637004,-4.963752,-5.949407,-3.940063,-4.262119,-4.241904,-5.622574,-4.503546,-4.454104,-4.394072,-5.027636,-4.048512,-4.192012,-4.751541,-4.761772,-4.868527,-5.704791,-5.531102,-5.388995,-6.389363,-5.465158,-4.755149,-3.851264,-4.122160,-2.833125,-1.786041,-1.619306,-2.931631,-3.736462,-4.424208,-4.092951,-4.522486,-4.436396,-4.466113,-4.184837,-4.237206,-4.671256,-5.530541,-7.098031,-4.760946,-4.059950,-3.527432,-3.701271,-3.611773,-2.965488,-2.171133,-1.450549,-0.249987,-0.276222,0.100437,-0.191472,-1.008107,-2.709215,-3.117640,-3.772689,-4.377383,-3.045649,-2.877169,-3.730263,-5.749717,-5.252934,-5.305941,-5.658530,-5.096740,-4.818540,-3.824527,-1.158897,-0.394021,-0.981025,-4.143350,-3.439436,-2.850866,-1.896652,-1.190688,-1.474822,-2.773355,-4.341594,-4.337943,-3.718847,-3.856526,-5.868680,-4.566934,-4.905143,-4.823534,-4.493742,-4.818388,-3.098230,-3.212042,-3.935223,-3.747617,-3.370605,-2.575925,-2.882984,-4.804361,-4.041034,-3.467017,-2.689453,-2.735237,-3.421855,-5.101107,-5.959775,-5.798401,-5.990641,-4.114265,-3.810309,-2.963799,-3.208555,-6.703243,-5.407203,-5.301111,-4.761776,-3.967738,-3.844051,-4.403911,-3.981658,-3.332915,-3.684554,-4.999873,-5.137943,-4.794779,-5.114788,-4.288946,-3.573559,-3.581436,-4.410085,-3.616010,-3.680473,-4.493781,-3.527252
-3.685109,-3.573840,-3.824933,-3.280242,-2.831709,-3.206368,-4.396208,-5.088683,-4.184020,-4.608027,-6.357243,-6.229282,-5.903308,-4.396593,-4.075498,-5.757887,-5.215446,-5.752959,-4.023906,-4.044275,-4.047093,-4.205880,-4.710760,-4.514921,-4.848188,-4.463086,-5.056187,-4.775194,-6.561203,-6.482417,-6.075054,-5.047368,-5.597397,-5.363593,-5.132599,-6.083149,-4.870290,-4.637462,-3.517707,-3.638590,-2.854998,-2.857708,-2.723043,-4.297941,-3.986954,-3.788343,-5.483039,-4.481513,-5.489653,-4.433313,-4.697464,-5.168972,-5.132780,-5.944725,-5.248163,-4.197247,-3.536652,-5.074050,-4.761282,-5.038109,-3.100890,-1.894502,-1.298282,-1.545964,-2.546716,-4.177790,-5.776269,-5.517472,-5.122233,-5.394900,-4.745337,-4.981605,-6.740449,-6.021008,-6.239654,-5.608972,-5.160410,-4.977831,-4.948477,-6.313906,-4.573325,-4.728179,-5.207729,-6.090907,-5.570679,-6.343157,-5.409036,-5.215301,-4.917466,-5.437869,-5.451554,-6.094587,-6.703815,-5.627753,-4.953699,-5.397566,-7.003832,-8.270213,-7.671734,-5.882108,-5.683435,-6.229221,-7.077638,-7.693602,-7.579052,-6.713661,-5.563865,-5.487816,-6.035962,-6.233184,-5.903252,-7.036840,-6.031480,-7.064512,-7.449329,-8.050556,-8.108416,-7.964705,-7.625239,-7.233448,-7.130501,-7.299058,-7.478406,-8.849840,-8.098320,-7.369235,-6.995768,-6.215240,-5.932627,-5.407731,-5.140023,-4.931189,-4.652230,-4.196845,-3.910618,-3.707964,-3.629395,-4.652919,-5.771647,-6.104326,-5.626033,-6.052857,-6.681738,-6.187355
-3.691028,-3.627448,-3.764412,-3.231283,-2.922775,-3.318955,-5.639156,-4.806153,-4.182185,-4.687915,-6.819149,-6.354026,-6.646680,-4.476994,-4.170285,-4.936294,-5.050835,-5.219094,-4.155364,-3.746906,-3.422005,-3.473395,-4.428544,-4.209052,-5.002117,-4.271823,-4.420106,-4.467215,-4.858897,-5.172410,-4.932827,-4.382578,-4.204837,-4.663139,-5.639683,-4.283555,-4.028159,-4.960875,-3.470171,-2.962609,-3.561690,-3.092003,-2.876681,-4.003639,-3.468310,-4.882881,-3.904701,-4.444259,-4.322059,-5.018225,-4.146218,-4.783049,-4.618124,-5.425197,-4.701794,-4.034434,-4.063189,-4.049540,-4.380363,-5.464530,-4.794763,-3.997013,-3.982270,-4.095233,-4.866412,-5.230274,-6.035137,-8.168012,-5.280950,-5.378173,-5.007646,-6.093731,-7.461708,-6.351916,-5.901330,-6.513607,-5.940434,-5.909598,-6.283418,-5.460308,-4.915302,-5.878312,-6.875541,-7.802074,-6.221278,-6.646695,-7.041680,-5.726217,-4.979058,-5.553104,-6.943771,-7.900219,-5.726371,-4.899456,-4.995018,-5.438444,-5.965977,-7.420728,-7.654606,-6.000554,-6.043376,-8.116748,-7.934498,-8.203345,-7.057512,-6.874537,-7.597731,-7.766625,-8.068355,-6.334148,-5.732020,-6.488017,-6.634068,-6.958818,-7.208887,-8.098939,-8.724094,-7.766548,-7.007021,-6.947769,-6.280003,-7.107587,-8.004731,-8.223669,-9.804744,-8.257130,-8.394577,-7.995517,-8.480646,-7.836648,-7.767645,-6.843660,-8.344893,-6.823397,-7.932793,-8.156886,-7.180201,-7.018774,-7.534031,-7.200511,-7.921825,-9.208245,-9.008722,-8.675848
-3.776553,-3.786041,-3.986582,-3.318053,-3.189323,-3.402442,-4.315014,-4.081327,-4.078034,-4.933043,-6.625275,-6.152713,-6.779325,-4.587716,-4.242102,-4.950813,-4.967723,-4.486419,-4.238824,-4.198221,-3.138567,-3.178904,-3.738901,-4.069463,-4.266954,-4.158452,-3.950984,-4.211294,-4.732127,-4.806085,-4.604063,-4.102962,-3.869259,-4.243392,-4.469030,-4.025163,-3.932358,-4.114058,-3.453904,-2.999479,-3.302837,-2.675119,-2.724251,-3.142863,-3.059281,-3.138684,-3.333347,-3.360662,-3.225809,-2.966178,-2.742139,-2.729089,-2.877836,-3.007897,-2.973520,-2.593927,-2.215287,-1.914199,-1.552891,-1.106849,-0.510392,0.046011,0.322492,0.277494,-0.004931,-0.103655,0.160490,0.162552,-0.232867,-1.069181,-1.929089,-2.224623,-2.703523,-3.054571,-2.833357,-2.481728,-2.102337,-1.875222,-2.055055,-2.830881,-4.250030,-3.815781,-3.585377,-3.167166,-2.665107,-2.065659,-1.904437,-2.222690,-2.784807,-3.439977,-4.756854,-3.533643,-3.010923,-2.651973,-2.208139,-1.819078,-1.737248,-1.973958,-2.567168,-3.466499,-4.248026,-4.635717,-4.004296,-4.008620,-4.230132,-4.375320,-4.718468,-5.326997,-6.994901,-4.765887,-4.125226,-3.941079,-3.961831,-4.304800,-4.249265,-4.247468,-4.506748,-4.719382,-4.037654,-3.738161,-4.084574,-4.466353,-3.921685,-3.422170,-3.454480,-3.860814,-4.671651,-4.505243,-4.372836,-4.838628,-4.666284,-4.265285,-4.417839,-5.379816,-4.460334,-4.483681,-6.875020,-4.580693,-4.436740,-4.452433,-3.818005,-4.063846,-4.176570,-5.084936
-3.932168,-4.032786,-4.592226,-3.571410,-3.657551,-3.554273,-3.811447,-3.830920,-3.957424,-5.359743,-5.463665,-5.205586,-5.492247,-4.359079,-4.338621,-5.992939,-4.986763,-4.577463,-4.238426,-4.197554,-3.097814,-3.261468,-3.885348,-4.275979,-4.433258,-4.725372,-4.024148,-4.398744,-5.483200,-5.629255,-4.951420,-4.886457,-4.015679,-4.965968,-4.753619,-4.902310,-4.672950,-5.126458,-4.390201,-3.843959,-2.941063,-2.942509,-3.875158,-4.022649,-4.030923,-4.215892,-5.783231,-5.561071,-5.429245,-4.331735,-3.957738,-4.101231,-4.989171,-6.339317,-4.729860,-4.290685,-5.138632,-4.863461,-4.569952,-3.667339,-2.361629,-1.091425,-0.561290,-0.768360,-1.750103,-1.640363,-1.117437,0.028787,-0.237390,-1.377444,-2.990880,-3.993286,-4.775662,-6.327028,-6.401979,-5.346322,-5.148174,-2.163374,-1.208436,-1.664497,-4.157101,-5.046287,-7.028393,-8.951872,-5.130487,-2.492642,-1.546661,-2.062938,-4.722555,-4.891471,-2.921691,-2.090837,-2.533524,-4.145470,-4.568972,-2.275314,-1.289403,-1.728519,-4.199172,-5.143696,-7.309734,-3.933545,-3.031613,-3.590632,-3.738906,-3.227280,-3.916763,-4.980968,-7.011982,-3.892421,-2.939247,-3.387310,-6.069025,-5.673199,-5.055588,-6.143113,-4.634989,-5.205266,-7.490320,-3.824583,-3.073070,-3.446759,-3.797469,-4.070817,-4.222197,-4.352928,-5.291380,-5.315861,-5.302576,-4.911294,-5.259566,-6.722884,-6.727551,-4.529560,-3.539698,-3.935899,-5.666700,-5.636850,-5.511449,-5.040234,-4.146649,-4.273369,-6.166754,-3.042324
-4.178594,-4.391448,-5.183943,-3.992633,-4.480692,-3.873293,-3.706040,-3.814605,-3.965794,-4.922699,-4.962850,-4.637598,-4.649141,-4.107819,-4.263785,-5.386130,-6.212310,-4.987742,-4.463029,-3.619337,-3.249254,-3.774469,-4.841311,-5.413519,-5.299278,-6.379136,-4.306249,-4.190336,-4.983359,-5.419901,-5.338226,-4.667201,-4.182006,-5.021528,-5.378895,-5.399040,-5.784569,-6.342066,-5.866023,-4.954734,-3.746008,-3.889381,-5.557462,-5.409510,-5.405954,-5.039734,-5.660692,-6.075787,-5.829549,-5.888454,-6.094361,-5.977565,-6.322103,-5.412822,-4.649592,-4.752088,-5.122284,-5.883180,-5.950099,-5.159492,-6.995170,-4.002396,-3.660087,-3.920865,-4.717869,-1.964650,-1.431924,-2.173499,-3.756724,-4.907000,-3.937598,-5.159588,-6.396180,-7.227246,-6.466345,-5.694355,-4.891887,-2.358154,-1.310909,-1.706483,-4.045942,-5.139443,-6.486029,-7.295877,-5.489529,-2.300472,-1.419911,-1.929577,-4.242677,-5.453748,-5.804862,-5.738753,-5.367492,-5.765834,-4.389197,-2.435696,-1.452125,-1.930226,-4.561537,-5.271081,-6.688180,-4.235744,-3.334681,-3.796224,-6.109405,-8.254641,-7.971056,-9.617591,-6.388263,-3.805024,-2.814843,-3.279212,-6.021343,-6.608804,-8.713758,-6.503479,-5.654553,-6.045380,-7.794129,-4.396236,-3.474478,-3.953849,-6.262804,-5.065150,-4.035411,-4.397546,-5.976348,-6.513924,-8.200289,-8.449038,-7.373831,-6.710509,-7.609092,-4.414263,-3.393316,-3.833298,-6.288590,-7.200930,-7.839122,-5.176395,-4.062796,-4.443364,-5.850706,-3.599780
-4.518716,-4.699733,-4.796699,-4.493907,-6.039989,-4.294956,-3.900797,-4.020970,-4.121283,-4.510956,-4.651306,-4.420693,-4.352894,-4.101185,-4.159080,-4.672350,-5.410934,-5.339380,-4.723322,-3.549457,-3.672405,-4.433992,-5.386144,-5.014861,-5.293427,-6.170473,-4.152728,-3.996464,-4.906378,-5.543770,-5.370967,-4.756493,-4.074780,-4.562361,-4.754923,-4.718301,-5.354302,-6.110072,-6.376754,-5.405009,-4.737486,-4.612875,-5.413740,-6.801710,-5.476325,-4.809274,-5.547222,-7.887189,-7.124275,-7.150538,-6.754029,-6.197486,-6.513610,-5.698282,-4.934161,-5.487856,-4.967801,-5.551204,-6.647316,-5.967899,-5.922736,-6.182455,-5.239591,-4.469346,-3.477634,-2.844483,-3.551334,-4.535219,-5.401744,-5.100239,-4.102683,-4.614272,-7.798651,-6.998429,-6.722898,-5.809435,-4.995171,-2.433763,-1.419411,-1.840570,-4.061768,-5.962343,-6.524541,-7.448836,-5.160242,-2.476579,-1.554514,-2.037778,-4.221496,-6.353725,-6.682413,-6.021239,-5.363614,-6.658480,-5.562106,-2.192032,-1.359837,-1.888014,-4.730848,-5.194770,-6.849436,-4.427354,-3.502044,-3.964281,-6.437039,-6.603283,-7.343172,-8.281528,-6.292220,-4.010632,-2.984297,-3.443439,-5.958771,-6.389896,-6.917911,-6.507454,-5.559862,-5.877484,-6.896309,-5.030907,-4.151872,-4.607579,-6.935067,-5.365530,-4.314274,-4.694571,-6.699569,-6.361012,-7.623671,-7.795247,-6.602533,-6.734905,-7.202449,-4.953368,-3.907513,-4.314051,-6.661657,-7.091741,-9.535545,-5.497367,-4.399777,-4.758708,-5.838025,-3.844648
-4.958013,-4.887127,-4.865468,-4.965316,-5.311200,-4.584352,-4.366523,-4.596448,-4.455611,-4.456326,-4.528093,-4.483581,-4.461989,-4.361957,-4.281913,-4.520272,-4.820608,-5.046045,-4.437440,-3.857137,-4.269916,-5.709668,-4.746424,-4.695355,-4.693540,-4.680354,-4.109228,-4.149552,-5.052105,-5.769342,-5.910728,-5.147344,-4.331287,-4.226200,-4.546143,-5.389704,-5.274506,-5.127679,-5.224986,-5.634280,-5.785706,-6.196568,-5.928675,-6.833846,-5.566813,-5.243186,-5.293169,-6.117229,-6.424127,-5.729354,-5.368225,-5.800592,-6.281077,-5.498626,-5.662264,-5.085557,-4.716274,-5.818845,-6.389284,-5.626053,-5.636274,-6.623441,-5.023393,-4.660084,-3.898353,-3.634616,-5.762992,-5.669571,-6.180614,-4.630676,-4.053539,-4.566082,-5.985445,-6.109385,-6.556784,-5.569839,-5.214550,-2.317520,-1.474474,-2.043170,-6.187159,-4.950068,-6.415793,-7.670187,-5.693087,-2.549679,-1.669144,-2.183512,-4.572591,-5.389917,-6.093852,-6.997895,-7.104702,-5.944445,-5.976261,-2.189744,-1.360592,-1.880841,-4.363493,-6.224048,-6.390950,-4.743831,-3.717095,-4.231328,-6.114612,-6.061992,-6.804267,-7.717768,-6.667543,-4.260693,-3.251292,-3.724863,-6.415353,-7.212994,-7.779759,-6.301290,-5.500630,-5.948986,-6.956959,-4.457278,-3.539321,-4.052381,-6.650604,-5.435652,-4.447154,-4.808141,-6.105068,-7.150532,-8.253089,-8.650767,-7.030406,-6.759952,-6.766810,-4.647032,-3.704657,-4.202624,-7.117022,-7.044572,-8.230050,-5.845376,-4.640021,-4.967283,-5.944895,-4.124404
-3.733009,-3.802222,-4.139460,-4.896074,-6.757923,-5.151721,-4.584412,-4.270643,-4.188376,-4.333322,-4.737634,-5.298933,-5.102761,-4.640530,-4.593771,-5.025644,-5.294280,-5.331500,-5.193981,-4.672121,-4.595133,-4.870929,-4.859621,-4.599414,-4.642142,-5.074276,-5.156477,-4.811441,-4.575393,-4.495656,-4.596881,-4.445334,-4.191953,-4.069658,-4.043387,-4.048775,-3.984374,-3.675352,-3.158862,-2.697811,-2.487149,-2.550652,-2.834195,-3.248381,-3.584443,-3.831406,-4.141143,-4.502469,-4.550711,-4.505155,-4.535122,-4.472795,-4.346304,-4.230396,-4.078300,-3.962394,-3.916689,-3.801400,-3.564661,-3.309139,-3.119785,-3.051565,-3.159235,-3.442454,-3.579829,-3.534860,-3.771861,-4.281497,-4.091508,-3.969390,-4.614854,-5.125221,-4.105739,-3.985467,-4.914304,-4.175757,-3.821399,-4.481852,-3.880020,-3.859480,-4.478059,-4.443117,-4.561810,-4.208627,-3.549193,-2.813328,-2.559395,-2.712425,-3.205638,-3.773495,-3.888632,-3.913887,-3.826814,-3.674856,-3.092282,-2.444103,-2.221037,-2.386724,-2.945586,-3.691299,-3.935879,-4.203521,-4.344051,-4.434864,-4.562803,-4.710163,-4.800286,-4.861109,-4.781730,-4.711502,-4.518752,-4.291146,-4.411324,-4.715709,-4.793542,-4.851418,-4.886296,-4.839872,-4.628003,-4.193715,-4.133350,-4.602157,-6.086969,-5.356630,-5.139972,-5.644803,-7.370568,-6.815554,-6.523589,-6.403338,-6.287286,-6.142188,-6.037839,-5.226931,-4.842309,-4.961943,-5.489081,-5.970216,-5.974736,-6.074582,-6.295590,-5.986259,-5.128602,-4.409221
-3.595098,-3.677403,-3.978553,-4.744144,-6.236794,-5.000515,-4.543108,-3.994051,-3.828865,-4.007617,-4.407277,-4.916965,-4.754581,-4.215645,-4.257548,-5.181957,-5.505188,-5.134423,-5.814877,-4.347818,-4.172358,-4.232437,-4.227861,-4.365261,-4.348670,-4.742091,-5.128966,-4.217061,-4.308702,-4.172650,-4.656086,-4.602887,-4.016469,-4.421874,-4.000187,-4.152966,-3.961664,-3.522766,-3.139562,-2.315293,-1.863796,-1.987877,-2.559526,-3.225761,-3.785798,-3.741421,-4.385503,-6.333140,-5.432725,-4.631626,-4.388966,-4.559893,-4.697780,-5.614688,-4.891996,-4.312360,-3.811496,-4.161296,-3.866449,-3.594063,-2.920496,-2.241370,-1.900305,-2.332714,-3.412889,-4.883587,-4.133642,-4.329326,-4.159941,-4.092580,-4.343260,-4.792898,-5.815102,-6.550046,-5.250098,-5.001215,-4.780872,-1.929366,-1.037742,-1.529986,-4.111085,-4.804140,-6.083898,-5.398118,-4.988319,-2.810739,-2.099346,-2.443144,-3.955846,-5.817741,-6.042385,-6.254992,-7.910004,-7.157402,-5.624382,-5.231386,-5.621340,-6.457348,-7.321707,-5.852052,-5.707305,-4.072321,-3.323916,-3.871004,-6.834434,-7.529713,-7.499191,-7.620568,-6.736729,-4.606224,-3.595050,-3.993977,-6.221936,-7.191844,-7.085569,-6.449035,-5.497541,-5.918634,-7.170230,-6.946071,-6.191606,-6.467605,-6.584841,-6.033312,-4.689183,-5.259900,-5.282867,-5.757742,-8.196602,-5.963642,-6.732984,-5.825921,-6.431213,-6.088706,-5.441307,-5.820033,-7.131412,-8.624166,-7.535168,-5.408145,-4.316022,-4.683522,-6.251933,-7.316101
-3.611524,-3.712909,-3.944822,-4.686502,-5.543963,-4.905613,-4.869130,-3.881784,-3.672637,-3.997244,-4.331979,-4.772552,-4.957266,-3.979659,-4.079504,-5.820836,-6.328482,-4.842550,-4.801769,-4.181839,-4.388207,-4.164211,-4.156698,-4.613077,-4.733425,-4.082621,-4.071639,-4.011317,-5.461190,-4.354889,-4.249812,-4.231488,-4.120188,-4.343323,-3.807698,-3.836966,-3.526044,-3.099898,-2.842790,-2.114476,-3.114442,-1.812086,-2.596456,-2.585528,-3.108581,-3.157190,-3.256132,-3.404969,-3.356821,-3.391428,-3.412784,-3.492846,-3.611750,-3.671121,-3.608419,-3.367021,-3.563212,-3.135360,-2.852039,-2.577675,-2.441767,-2.592944,-2.481452,-3.482250,-3.203165,-3.791067,-4.041236,-4.162330,-4.765209,-4.400074,-4.042847,-4.641188,-5.885210,-7.056631,-6.048376,-6.718318,-4.790189,-2.008872,-1.087244,-1.578132,-4.036156,-6.297901,-6.216745,-6.037920,-7.043274,-7.386539,-8.332048,-5.762044,-5.152582,-6.171610,-7.013550,-7.330770,-9.015792,-6.593546,-5.697401,-6.141703,-7.688063,-8.222110,-8.395681,-6.206712,-6.594226,-4.107539,-3.247973,-3.754569,-6.186045,-8.463272,-8.590686,-8.259109,-7.797552,-7.971608,-8.662923,-7.931983,-7.100688,-7.285122,-7.504721,-6.213872,-5.289997,-5.720032,-7.548563,-7.975835,-6.667486,-6.518316,-6.634117,-7.599943,-7.388441,-6.476213,-5.770434,-6.178117,-7.510204,-6.611156,-6.785969,-7.228181,-7.824490,-5.958165,-5.153033,-5.635767,-7.480869,-7.811737,-8.458445,-5.763996,-4.722687,-5.068581,-6.907649,-8.202510
-3.817052,-3.871311,-4.104688,-4.519490,-5.992355,-4.704472,-7.222261,-3.820068,-3.724121,-4.268145,-4.504658,-4.780267,-5.765203,-3.884997,-3.894341,-5.397583,-5.249138,-4.639559,-4.269066,-4.119706,-7.229279,-4.371297,-4.897183,-4.697608,-4.491441,-3.829790,-3.944260,-4.259555,-4.768684,-4.700530,-4.336381,-4.579717,-4.657801,-3.987772,-3.783751,-3.481841,-3.207160,-2.825229,-2.233807,-1.639682,-1.228484,-1.145331,-1.570861,-2.259509,-2.676824,-2.931387,-3.138250,-3.068941,-2.915688,-2.669978,-2.543003,-2.691559,-3.013178,-3.308168,-3.772274,-3.090154,-2.581670,-2.140367,-1.827979,-1.436436,-0.797671,0.133427,0.770913,1.151635,1.327178,0.961312,-0.242967,-1.307063,-1.703571,-2.191093,-3.204461,-4.009545,-4.338018,-5.006629,-6.032892,-4.988760,-5.374109,-2.134859,-1.194575,-1.675682,-4.192885,-5.681996,-4.131936,-4.681911,-4.701748,-3.688074,-3.272125,-3.322357,-2.313803,-3.217460,-4.134805,-5.063794,-6.279160,-6.624508,-5.416076,-5.433676,-5.627223,-6.005380,-6.396213,-6.738844,-6.575104,-4.362401,-3.296263,-3.621260,-5.425242,-6.117680,-6.438717,-7.370529,-6.694586,-5.935052,-5.375156,-3.748154,-3.343155,-3.895438,-5.678986,-5.998209,-5.257228,-5.236728,-4.810405,-4.932083,-3.983069,-4.286640,-5.965602,-5.147736,-5.162922,-5.750469,-5.345939,-5.696799,-6.297942,-6.839258,-6.997810,-6.369349,-6.540639,-6.024843,-4.611368,-4.988168,-5.533498,-5.000061,-5.168859,-6.008172,-5.223683,-5.569860,-5.839894,-5.597397
-4.329656,-4.095307,-4.588135,-4.247730,-5.756677,-4.338726,-4.702998,-3.796535,-3.993000,-4.917477,-5.081923,-4.980435,-5.133823,-3.919605,-3.796787,-4.453399,-4.566697,-4.752310,-4.356113,-4.136773,-4.477564,-4.489676,-5.517018,-5.149708,-4.256418,-3.785729,-5.139330,-4.445603,-6.068605,-4.973752,-5.492080,-4.785794,-4.855866,-4.797636,-5.596632,-4.189396,-4.249099,-4.150091,-3.203643,-2.300173,-1.402641,-1.441739,-2.594195,-3.780906,-5.255761,-4.829517,-5.367458,-6.355746,-6.060223,-4.901844,-4.662495,-5.066924,-4.916317,-4.944244,-5.339314,-6.352580,-4.889141,-5.218728,-5.688858,-4.681929,-3.270341,-1.955027,-1.573888,-0.264091,0.876957,0.732565,-0.963205,-2.825814,-3.912047,-5.181703,-4.609318,-4.961729,-5.691804,-6.036537,-6.222789,-5.907147,-4.826685,-2.237002,-1.304720,-1.805653,-4.583785,-5.589411,-6.226690,-7.065659,-6.174456,-4.796191,-3.794699,-3.776820,-2.509273,-2.860427,-5.003103,-6.437347,-8.891362,-7.801239,-6.472319,-6.054767,-5.505969,-5.851294,-7.812998,-6.323471,-5.846731,-4.390518,-3.385076,-3.823305,-5.856083,-7.938084,-8.146173,-9.416768,-8.695934,-6.833472,-6.095508,-5.577381,-5.075394,-5.521077,-7.467517,-6.954886,-5.891844,-6.268970,-7.289525,-4.716812,-3.958039,-4.589354,-7.532649,-6.258492,-5.337828,-5.562314,-5.981696,-6.723981,-9.409121,-9.099325,-7.605436,-7.316040,-6.953997,-5.845610,-4.614723,-5.025723,-7.523821,-8.360427,-8.363864,-6.022967,-5.058974,-5.616090,-7.596757,-5.342010
-5.611492,-4.265138,-5.295837,-4.073857,-4.571394,-4.029280,-3.996140,-3.923947,-4.382459,-7.241331,-6.420355,-5.170226,-4.849025,-4.076560,-3.863785,-4.278166,-4.242007,-4.941103,-4.413649,-4.456991,-4.273029,-4.192786,-4.614824,-5.876699,-4.431363,-3.930594,-4.410781,-4.441729,-4.633701,-4.809763,-4.877297,-4.670784,-5.090609,-6.103308,-4.632377,-4.214851,-4.128141,-3.725160,-3.411318,-2.677638,-3.037379,-1.915456,-2.799385,-3.059962,-3.310667,-3.659163,-3.797826,-3.792601,-3.783964,-3.701322,-3.671790,-3.933369,-4.032594,-4.142660,-4.146863,-3.992186,-4.078646,-3.549895,-3.304301,-3.005450,-2.561223,-2.567644,-2.286359,-1.017232,0.576254,0.415349,-1.584473,-2.429487,-2.944771,-3.185570,-3.023547,-3.608776,-3.536781,-3.887050,-3.448423,-4.423973,-2.863338,-3.018518,-2.485347,-2.947387,-4.228938,-4.174034,-4.887105,-5.688462,-5.665420,-5.020911,-4.372932,-3.735632,-3.037552,-3.443616,-5.642231,-7.714255,-7.530700,-6.561483,-5.946985,-5.759126,-4.551469,-5.121519,-7.644855,-6.081062,-5.967689,-5.855868,-6.008764,-6.372067,-7.046056,-6.921200,-7.629134,-7.809996,-7.008129,-7.400510,-6.050604,-5.711971,-5.171422,-5.634388,-8.052027,-9.082419,-7.219132,-6.760308,-7.367408,-5.309259,-4.562346,-5.063495,-6.707558,-6.349373,-5.730563,-6.131775,-7.402122,-8.054621,-7.507262,-7.503406,-7.489581,-7.142275,-8.483327,-5.980414,-4.795347,-5.130261,-7.159267,-8.210144,-8.224981,-7.445300,-6.668953,-7.006661,-8.286052,-5.451174
-5.633331,-4.237314,-4.324247,-4.022465,-4.242343,-3.806866,-3.694189,-4.329848,-4.713346,-5.432879,-5.810463,-5.090122,-5.364656,-4.303463,-4.112010,-4.719364,-4.295129,-4.168849,-4.022981,-5.278918,-4.459061,-4.150831,-4.579592,-5.267631,-4.663310,-4.164996,-4.550389,-4.442616,-4.300471,-5.129807,-4.887334,-5.808807,-4.941367,-5.203567,-4.022084,-4.442245,-4.156063,-4.035098,-3.367454,-2.843061,-2.186066,-1.981918,-2.475471,-3.054602,-3.429700,-4.038527,-3.889263,-4.259801,-4.244794,-3.973302,-3.706985,-3.931669,-4.493764,-5.141904,-5.084826,-4.249612,-4.741241,-3.882658,-4.094971,-3.527976,-2.766687,-1.816856,-1.311288,-2.240452,0.157472,0.053490,-1.799754,-3.955317,-3.386251,-4.200994,-3.931995,-3.952561,-5.288603,-5.362300,-4.776942,-4.468847,-4.131393,-1.277206,-0.384665,-0.881247,-3.321615,-5.046409,-5.316263,-6.944576,-7.153500,-5.835185,-4.474459,-3.956035,-3.240258,-3.700837,-5.970928,-7.383868,-6.792975,-8.209584,-6.248726,-5.004816,-4.298230,-4.842311,-8.849912,-6.305532,-5.864674,-3.875644,-3.065596,-3.642640,-6.493568,-7.398136,-8.591496,-8.172261,-7.618869,-6.754897,-5.988912,-7.981123,-6.074355,-6.494305,-8.806447,-4.833935,-3.976428,-4.478827,-6.970990,-5.861607,-5.061861,-5.751595,-9.945229,-7.031759,-5.944876,-5.546866,-5.202631,-5.749978,-7.693228,-7.081738,-7.071362,-7.506711,-8.318249,-5.135223,-4.256512,-4.781811,-7.126281,-8.842968,-7.705836,-4.747756,-3.758399,-4.179315,-6.476780,-5.660717
-4.953137,-3.972064,-3.733900,-4.021623,-4.379240,-3.628699,-3.641115,-4.964442,-4.968709,-5.331092,-5.412924,-4.912131,-6.161053,-4.543365,-4.464638,-6.434906,-4.842540,-3.966202,-3.651924,-4.091089,-5.054638,-4.336334,-4.645812,-5.440842,-6.163277,-4.446099,-5.344530,-4.949816,-4.314674,-5.103420,-4.706855,-4.479928,-4.021736,-3.735111,-3.486108,-3.811335,-3.693600,-3.364895,-3.003165,-2.480167,-2.935725,-2.322363,-2.599167,-2.954107,-3.185628,-3.042381,-3.277063,-3.482523,-3.524563,-3.555547,-3.681144,-3.492766,-3.593387,-3.646953,-3.828050,-3.591489,-3.572155,-3.064368,-2.752512,-2.512362,-2.449336,-2.717011,-2.987735,-1.264275,-0.165726,-0.486489,-1.355771,-2.566136,-3.876559,-4.100338,-4.287216,-5.065494,-5.318182,-6.406184,-6.605187,-5.187244,-4.030747,-1.359569,-0.443478,-0.955043,-3.479196,-5.352236,-5.729599,-6.998466,-8.362579,-5.928520,-4.712357,-4.727356,-3.800259,-3.883354,-4.938504,-6.100590,-7.833961,-6.539095,-6.616363,-5.099745,-4.252620,-4.775971,-7.508919,-6.780813,-5.806980,-5.119711,-3.654517,-3.838383,-5.461382,-6.696540,-9.184051,-8.684857,-8.141602,-7.872652,-6.549132,-6.275596,-6.023249,-6.189550,-6.790514,-6.252984,-5.003927,-5.254436,-6.990397,-5.535665,-4.795276,-5.427743,-7.172339,-7.104237,-6.206739,-5.973114,-5.579798,-6.260032,-9.085866,-8.295226,-9.853579,-8.032149,-8.104446,-5.106684,-4.419504,-5.062999,-7.756650,-8.009878,-8.405347,-5.183953,-4.144537,-4.540933,-6.610240,-6.054191
-4.534622,-3.661703,-3.439937,-3.994376,-4.679080,-3.560888,-3.742763,-5.001272,-5.152018,-5.588060,-5.183937,-4.731686,-5.668702,-4.677930,-4.491707,-5.962039,-5.177650,-4.280293,-3.575978,-3.460651,-4.082102,-4.002391,-4.769391,-5.303554,-5.009854,-4.340089,-4.530324,-5.465868,-4.203053,-4.789306,-4.862285,-4.142463,-3.850646,-3.720587,-3.709617,-3.698906,-3.647403,-3.362726,-2.687534,-1.988763,-1.712162,-1.699957,-2.064533,-2.607362,-2.888917,-2.938545,-3.083304,-3.225751,-3.238735,-3.197093,-3.116156,-3.089206,-3.226177,-3.428288,-3.704724,-3.463546,-2.997983,-2.574113,-2.310894,-1.881673,-1.150751,-0.187142,0.503495,0.791251,0.858694,0.727558,0.026912,-1.867877,-1.945201,-2.505069,-3.843997,-4.621239,-4.835017,-4.742867,-3.784991,-3.223759,-2.383467,-1.791264,-1.478473,-1.715974,-2.493051,-3.353824,-4.346768,-5.097679,-5.952899,-5.268958,-5.368732,-3.754276,-3.013976,-2.903517,-3.614355,-5.495481,-6.124706,-5.839016,-7.484561,-6.303260,-7.104678,-6.000375,-8.289071,-6.068307,-5.436704,-4.823445,-3.596243,-3.146163,-3.775612,-5.569806,-6.649670,-7.257164,-6.528546,-6.069438,-5.820460,-3.796315,-3.449906,-4.024860,-5.449083,-7.026992,-5.371499,-5.552110,-6.988984,-5.748061,-4.861333,-4.790051,-5.761336,-6.508823,-6.494613,-5.752186,-5.897935,-5.372545,-5.750638,-7.069856,-6.584695,-6.364497,-6.413804,-5.367423,-5.060880,-5.820433,-7.181709,-7.075370,-8.285486,-6.974965,-5.674480,-5.758632,-8.152859,-6.668245
-4.148200,-3.462694,-3.329125,-3.899447,-4.404650,-3.691330,-3.878021,-4.923365,-5.134471,-5.326588,-4.985117,-4.474416,-5.260428,-4.523532,-4.197248,-5.162315,-5.034076,-5.018612,-3.868498,-3.284074,-3.347812,-3.685131,-5.118254,-4.688058,-4.424975,-4.562058,-4.201059,-4.034106,-3.806410,-4.647628,-4.857669,-4.793275,-4.344963,-4.625329,-5.468554,-4.515450,-4.661063,-4.621171,-3.965830,-2.609048,-1.873349,-2.014871,-3.462927,-5.209833,-4.877971,-4.997262,-5.522512,-6.635680,-6.589071,-6.760759,-6.585436,-6.207961,-6.375452,-5.760496,-5.171183,-5.146498,-5.011274,-5.449726,-6.232952,-4.822308,-3.549824,-2.510925,-2.055680,-1.754467,-1.611970,-1.082516,-1.016627,-2.061206,-4.103971,-5.523871,-4.557394,-5.077888,-7.300439,-6.268598,-6.432591,-7.114439,-7.224944,-5.127429,-3.865651,-4.085421,-5.530618,-7.486033,-8.621039,-8.210803,-8.085144,-8.031991,-7.304259,-6.126768,-5.835464,-6.314916,-7.319290,-7.169317,-6.486150,-6.339530,-6.494413,-7.367161,-10.087911,-8.330020,-8.546458,-6.597655,-6.497276,-6.977757,-6.530303,-7.450622,-7.188748,-7.692177,-7.255958,-7.269076,-7.946282,-7.804549,-7.557730,-8.548927,-7.561095,-7.292168,-8.408688,-10.972191,-8.201127,-7.299922,-7.117337,-7.932459,-7.140412,-7.065123,-7.962818,-8.254542,-8.278969,-8.586811,-7.571177,-7.832790,-8.356212,-7.601552,-8.178657,-9.157700,-9.063725,-7.669424,-6.852436,-7.239100,-8.955453,-10.369642,-8.185604,-8.472717,-8.012675,-7.810857,-8.659258,-8.273621
-3.865006,-3.402426,-3.361403,-3.798692,-4.090288,-4.027072,-4.058034,-5.229843,-4.927786,-4.928454,-4.764502,-4.438202,-4.661482,-4.273634,-4.045073,-4.546290,-5.663723,-5.985818,-4.403330,-3.467725,-3.183416,-3.690409,-4.370802,-4.209814,-4.326106,-5.946412,-4.366047,-3.821923,-3.723115,-4.067250,-4.606842,-4.441917,-4.110097,-4.017071,-3.855845,-3.837014,-3.793938,-3.500272,-3.173398,-2.956314,-2.730602,-2.097266,-2.771767,-3.081281,-3.611271,-4.243713,-4.218554,-4.093302,-4.069165,-4.135770,-4.154076,-4.024360,-4.130692,-4.334034,-4.243237,-3.996272,-3.764474,-3.755988,-3.477734,-2.976333,-2.530511,-2.182511,-2.076489,-2.129068,-2.315062,-2.665026,-2.288538,-2.725001,-3.922655,-3.200464,-3.346873,-3.285555,-3.486658,-3.530641,-3.295318,-2.916697,-2.618253,-2.614901,-2.490903,-2.685504,-3.156880,-3.601613,-4.061881,-4.531971,-4.841836,-5.221372,-5.319353,-5.524845,-5.640981,-6.433757,-6.673484,-6.564466,-6.767618,-6.729117,-6.211613,-8.174855,-6.821448,-6.800511,-6.964162,-5.938499,-7.508518,-6.648072,-6.936615,-6.728010,-7.256001,-7.940780,-8.676344,-7.680549,-7.822377,-7.449358,-7.058430,-7.063281,-7.526109,-7.510318,-7.358746,-8.582094,-8.314301,-8.965009,-8.964842,-7.759318,-7.486907,-8.032235,-9.056403,-8.202989,-8.215940,-8.324150,-7.868120,-7.535355,-7.306430,-7.243892,-7.317862,-7.536105,-7.778699,-8.281305,-7.189832,-8.021244,-7.885972,-8.042320,-9.472472,-10.729411,-7.860624,-7.851545,-9.009763,-9.438724
-3.713095,-3.494379,-3.530524,-3.823503,-4.045230,-4.631974,-4.317433,-5.058162,-4.787198,-4.647549,-4.899690,-4.566744,-4.500241,-4.195146,-4.132797,-4.383058,-5.437769,-5.230434,-4.815637,-3.723523,-3.354552,-4.213696,-4.407377,-4.103425,-4.203448,-4.708261,-5.844264,-4.144920,-4.358854,-4.294145,-5.215012,-4.349961,-4.681777,-3.962407,-4.313498,-3.738825,-4.366959,-3.854823,-3.292753,-2.914640,-2.148054,-2.219809,-2.764049,-3.417103,-3.848576,-4.825587,-4.839892,-4.764452,-5.029683,-4.630873,-4.425548,-4.527340,-4.978750,-5.821041,-6.120717,-5.286248,-5.153697,-5.042215,-5.255089,-4.473057,-3.565242,-2.589165,-2.111709,-2.337010,-3.421807,-5.195049,-6.244161,-3.876788,-2.897102,-2.968714,-4.786499,-5.060229,-5.934687,-7.408962,-6.580132,-6.322250,-4.084671,-1.526479,-0.577850,-1.045586,-3.547144,-4.865644,-5.898034,-6.930710,-5.782954,-5.806522,-6.968414,-6.945817,-6.401791,-7.711646,-7.004346,-8.187533,-7.671216,-7.888228,-9.520741,-7.971035,-8.126431,-9.186433,-8.334178,-7.710928,-5.984833,-3.563910,-2.582101,-3.061650,-5.849308,-6.700178,-6.658120,-7.171317,-8.327195,-7.419107,-7.083660,-7.974051,-9.195226,-7.784276,-7.207632,-4.233799,-3.284179,-3.731886,-5.984372,-7.915397,-8.160444,-7.353022,-7.010486,-7.048779,-7.701172,-5.565293,-4.692772,-5.173460,-7.853809,-7.354219,-7.697165,-8.241419,-8.037979,-6.015642,-5.375661,-6.155159,-7.748302,-7.405145,-6.857682,-4.238114,-3.142530,-3.512818,-5.840699,-6.814387
-3.684665,-3.735716,-3.816059,-4.058751,-4.153331,-5.654182,-4.491390,-4.870368,-4.637153,-4.527508,-5.726832,-4.767479,-4.829735,-4.370299,-4.476449,-4.590357,-4.692820,-4.513863,-4.244142,-3.483245,-3.621212,-6.007770,-6.786300,-4.395457,-4.360267,-4.568073,-4.720774,-4.418855,-6.076916,-4.911156,-4.704360,-4.179796,-4.201059,-3.897933,-3.965608,-3.477272,-3.330253,-3.032089,-2.526783,-2.424272,-1.677892,-1.779761,-1.989605,-2.085249,-2.286388,-2.499498,-2.556087,-2.575495,-2.473450,-2.310195,-2.148215,-2.031699,-1.768772,-1.539526,-1.473073,-1.549815,-1.756068,-2.005659,-2.244196,-2.379960,-2.365052,-2.398354,-2.616182,-2.924651,-3.326805,-3.751748,-4.287961,-4.035804,-2.826576,-3.037893,-4.956482,-4.836147,-4.744421,-4.872891,-4.467454,-4.144692,-4.493847,-1.703249,-0.638147,-1.110400,-3.637793,-5.421792,-7.685147,-6.042298,-6.489818,-6.539514,-8.454823,-6.382698,-6.526194,-7.038915,-8.267756,-8.515871,-8.168379,-7.766984,-7.889663,-7.786944,-8.163583,-8.980591,-9.057344,-7.799333,-6.407231,-3.643564,-2.664551,-3.112649,-5.629810,-6.838284,-6.974687,-7.546122,-9.649162,-7.564962,-7.324272,-7.495800,-7.235594,-7.561127,-7.125412,-4.719534,-3.615937,-3.992455,-6.590838,-6.703160,-7.910394,-7.851125,-7.618024,-8.116457,-7.967707,-6.325823,-5.353044,-5.773090,-7.945761,-8.269255,-7.211264,-6.821947,-7.333279,-6.073877,-5.579981,-6.391914,-8.296133,-7.969056,-7.031580,-4.577205,-3.428991,-3.766701,-5.963942,-7.472018
-3.746037,-4.012746,-4.120702,-4.355866,-4.248089,-4.449414,-4.500554,-5.367559,-4.385432,-4.529229,-5.909801,-5.211530,-5.736205,-4.897285,-4.879153,-5.059466,-4.304656,-4.535393,-3.907223,-3.263608,-3.571348,-4.913058,-4.930912,-5.212326,-5.113631,-5.141733,-4.512418,-4.425943,-4.665555,-7.183932,-4.404283,-4.019273,-3.816493,-4.084044,-3.989970,-3.538976,-3.449847,-3.104069,-2.652502,-2.004343,-1.372879,-1.262244,-1.620970,-2.051941,-2.300603,-2.684455,-2.811906,-2.893881,-2.856471,-2.438529,-2.120826,-2.111681,-2.335545,-1.007135,-0.190924,-0.485122,-1.910967,-2.434939,-2.951361,-2.922612,-2.466410,-1.838469,-1.577114,-1.953210,-3.015702,-4.954635,-5.266641,-4.341348,-3.371692,-3.467104,-4.339811,-4.476602,-5.011622,-5.642801,-5.402561,-4.348001,-3.550962,-0.966772,0.094957,-0.270066,-2.460441,-3.864553,-5.629046,-5.224596,-6.375382,-4.158550,-3.380431,-3.888671,-6.291737,-7.313554,-8.155902,-6.200126,-5.560310,-6.259613,-6.611533,-6.742355,-5.734591,-5.994842,-7.285265,-6.844555,-6.814015,-3.896819,-2.875897,-3.292989,-5.757835,-6.324585,-7.316764,-7.150895,-7.532028,-4.204669,-3.436079,-4.036810,-7.691665,-6.634468,-6.926680,-4.639312,-3.642887,-4.065941,-7.076710,-5.637354,-4.770537,-5.602556,-4.519944,-5.283699,-5.044295,-5.474365,-6.981849,-6.265413,-8.080171,-7.282818,-9.184125,-7.744264,-7.809703,-6.190563,-5.572632,-6.468371,-7.439070,-8.513436,-6.650161,-4.864993,-3.695882,-4.064811,-6.521414,-6.723526
-3.876009,-4.010754,-4.119232,-4.160287,-4.152892,-3.963575,-4.373900,-5.881968,-4.361220,-4.508896,-5.117705,-5.964458,-9.458549,-5.496605,-4.996013,-4.775968,-4.263010,-4.934129,-3.976581,-3.220228,-3.599750,-4.399770,-4.921167,-6.810966,-5.747730,-5.352903,-4.894971,-5.146717,-4.296697,-4.444039,-4.465232,-5.199189,-4.118064,-5.575504,-5.444415,-4.315454,-5.061223,-5.276356,-4.398565,-3.115561,-2.156326,-2.133192,-3.061919,-7.634624,-5.568923,-4.130616,-5.831361,-5.686578,-5.420633,-5.082838,-7.828736,-4.420726,-4.200299,-1.250345,-0.351072,-0.853161,-3.376591,-4.450029,-5.484700,-5.541073,-5.222215,-5.670712,-4.281059,-5.024337,-4.382907,-4.930164,-4.734568,-4.023911,-2.997935,-3.510283,-4.924602,-5.050809,-4.829850,-4.868175,-4.406373,-4.411719,-3.378159,-1.080596,-0.074349,-0.450578,-2.700535,-3.846281,-4.688456,-6.005858,-6.058660,-4.846622,-3.812967,-4.315513,-7.085475,-7.080208,-7.569696,-7.155468,-5.555697,-5.619042,-6.731292,-7.199619,-6.408740,-6.593667,-7.434816,-7.684927,-7.564977,-4.347498,-3.503902,-4.075464,-6.967461,-8.376234,-7.628728,-8.115457,-7.539752,-4.609019,-3.735125,-4.272597,-7.283786,-6.786419,-8.030046,-4.793735,-3.749044,-4.146364,-6.543156,-5.877964,-4.886240,-5.165195,-5.948284,-6.101643,-5.409616,-6.175596,-6.021142,-6.326510,-8.342301,-7.938881,-8.260333,-8.481340,-7.514445,-6.508716,-5.771133,-6.412585,-8.761852,-7.969762,-8.084480,-5.050197,-3.949284,-4.296374,-6.403088,-7.467254
-4.052419,-3.827229,-3.890358,-3.998163,-3.919874,-3.808358,-4.281795,-4.761302,-4.484652,-4.659702,-4.821941,-6.779275,-6.584051,-5.757016,-5.045598,-4.673824,-4.406929,-5.110014,-4.140443,-3.314846,-3.886875,-4.539580,-4.636468,-6.599684,-5.321617,-4.671458,-5.071333,-5.140759,-4.410086,-4.216847,-4.893255,-5.105882,-4.316645,-4.512464,-4.617756,-4.228753,-4.275476,-3.919773,-3.280559,-3.049543,-2.325204,-2.170996,-2.656961,-2.831556,-3.103538,-3.257999,-3.642764,-4.019970,-4.051173,-3.808833,-3.567427,-3.825889,-3.417670,-1.534768,-0.616650,-1.167544,-3.510010,-3.830620,-3.129086,-2.770717,-2.268512,-1.969517,-1.821112,-1.775481,-2.102837,-2.405505,-2.645042,-2.877751,-2.789804,-2.560741,-3.222765,-3.837350,-4.131766,-4.455451,-3.963534,-3.699873,-2.964659,-2.250828,-0.765569,-1.102584,-4.021170,-3.829709,-4.752341,-5.432400,-5.533577,-5.193474,-3.985852,-4.288135,-6.250103,-6.454656,-6.275946,-6.488993,-6.754737,-5.986907,-6.451038,-6.881953,-6.477634,-6.997210,-8.439233,-8.007418,-8.755460,-5.478747,-4.360250,-4.442041,-5.960528,-7.244408,-7.087192,-8.824209,-8.246669,-6.283912,-5.230384,-5.369487,-6.846241,-8.039508,-6.849526,-7.216578,-7.138383,-7.447551,-7.267923,-6.156394,-5.092830,-5.789602,-8.032934,-6.729861,-5.667355,-6.331596,-7.937400,-9.653321,-8.826210,-8.408282,-10.058818,-7.967488,-7.506876,-7.945189,-6.658881,-6.985827,-8.590784,-9.531194,-8.417958,-8.401123,-7.391289,-7.444943,-7.715175,-7.660261
-4.202472,-3.767594,-3.738894,-4.112269,-3.810443,-3.756522,-4.530841,-4.281249,-4.511293,-4.987570,-4.613822,-5.967884,-5.996046,-5.409990,-5.192084,-5.102325,-4.657313,-5.028086,-4.311277,-3.602206,-3.626964,-4.118499,-4.438716,-5.689269,-4.807781,-4.493619,-5.181544,-5.537200,-4.785328,-4.996034,-4.679908,-5.051237,-4.383074,-4.756353,-4.396845,-4.609243,-5.268639,-4.390911,-3.730507,-2.893768,-2.197665,-2.146317,-2.750380,-3.330702,-3.865512,-3.920357,-4.344054,-5.292993,-5.120337,-4.855784,-4.168933,-4.204476,-4.342363,-1.661849,-0.821310,-1.359862,-4.108727,-4.502501,-5.265946,-4.316090,-3.663336,-2.519288,-2.345625,-2.700391,-3.455732,-6.090611,-4.935526,-4.942766,-3.468741,-3.684576,-4.939116,-6.760287,-6.695517,-7.345920,-6.736341,-5.802404,-4.006880,-1.495707,-0.479238,-0.902059,-3.332542,-4.471867,-5.618662,-6.722664,-6.540665,-4.787375,-3.921941,-4.574113,-6.318068,-6.200871,-6.058254,-6.434342,-6.519432,-6.018919,-6.364986,-6.055935,-6.462219,-6.847713,-6.506287,-7.174726,-6.179058,-4.506551,-3.504725,-4.004000,-7.040751,-7.269796,-7.700199,-8.334538,-7.694368,-5.510710,-4.562013,-4.999605,-7.426330,-7.386528,-7.810573,-5.398620,-4.483745,-5.019777,-8.833154,-6.235338,-5.254880,-5.720136,-7.513483,-7.269100,-5.923950,-6.233376,-6.208355,-6.437449,-8.276262,-7.596994,-7.356545,-8.057129,-7.956562,-5.564849,-4.945841,-5.709037,-8.613430,-9.546286,-7.499996,-4.889406,-3.797265,-4.164640,-6.576935,-8.028421
-4.296636,-3.901471,-3.710611,-4.390046,-3.869781,-3.693150,-5.958632,-4.031775,-4.273745,-4.568787,-4.425089,-5.849689,-5.782804,-4.809533,-4.892007,-4.951039,-5.191714,-6.944549,-4.367246,-4.057433,-3.187893,-3.650687,-4.786535,-6.140216,-4.633155,-4.341599,-5.664563,-5.877144,-4.644463,-4.547762,-4.088599,-4.298508,-5.955155,-4.384520,-4.018247,-4.006118,-4.362075,-3.928050,-3.441570,-3.715887,-2.931262,-3.217903,-3.580034,-3.979613,-4.032707,-4.602974,-4.903832,-5.070175,-4.897874,-5.036133,-5.299556,-5.358255,-4.665241,-1.945321,-1.061294,-1.590820,-4.250280,-4.891547,-8.162585,-5.611976,-6.529305,-5.255973,-5.205459,-5.688540,-6.866928,-8.019813,-6.623800,-5.008425,-3.793031,-4.053197,-6.371521,-6.089918,-7.213855,-7.473405,-7.340044,-5.517281,-4.276748,-1.655519,-0.637136,-1.056185,-3.427507,-4.852076,-5.680604,-7.583433,-7.055206,-5.030366,-4.112085,-4.646101,-7.156467,-8.333527,-8.060837,-6.904196,-6.158399,-6.951337,-8.055640,-7.957016,-7.031922,-7.068297,-7.641786,-8.093220,-7.807913,-4.636573,-3.711918,-4.200887,-6.775256,-8.999884,-7.425776,-8.679714,-9.455884,-5.782625,-4.852856,-5.322994,-7.472037,-10.715365,-8.481917,-6.876768,-5.700643,-6.001993,-7.538000,-6.359637,-5.450902,-5.877491,-8.007609,-7.579101,-6.465127,-6.043841,-5.376630,-5.863510,-8.226750,-8.374008,-8.290684,-10.256584,-9.437363,-5.441741,-4.907273,-5.761833,-8.635978,-8.400671,-8.081714,-5.138967,-4.065502,-4.453483,-6.982151,-7.571045
-4.402823,-4.256279,-3.797638,-4.609115,-3.961999,-3.563468,-4.765374,-4.029461,-4.060066,-4.095705,-4.278320,-5.660518,-5.322259,-4.377185,-4.263061,-4.440506,-5.456113,-4.513200,-3.841862,-3.363061,-2.900385,-3.577891,-6.332450,-5.071865,-4.285161,-4.463742,-4.962650,-4.498269,-3.958584,-3.883672,-4.224513,-4.357234,-4.237532,-3.736363,-3.356472,-3.597160,-3.684165,-3.162231,-2.749842,-2.187775,-2.057563,-2.185331,-2.404524,-2.814425,-3.254918,-3.697716,-3.891468,-3.904951,-3.787690,-3.739893,-3.801748,-3.996412,-3.764170,-2.306669,-1.323243,-1.758401,-3.742659,-4.134189,-3.891687,-3.609969,-3.102493,-2.686784,-2.458683,-2.593830,-3.032312,-3.531489,-3.851413,-3.908087,-3.683794,-3.699010,-4.020640,-4.666738,-5.446443,-5.857757,-5.324174,-4.239299,-3.252847,-2.004994,-1.121322,-1.387629,-2.946456,-5.081877,-4.545794,-4.840279,-4.933525,-5.418295,-5.310345,-4.800404,-5.346049,-5.785057,-6.209642,-6.422426,-5.574805,-5.333605,-5.231434,-5.372415,-5.414231,-5.552487,-6.718613,-6.244973,-5.981654,-4.952380,-4.594779,-4.829944,-5.392322,-6.353105,-6.912369,-6.257077,-6.107967,-5.706489,-5.150099,-5.420227,-6.413274,-7.766283,-7.127856,-6.850153,-6.985155,-6.502974,-6.398055,-7.610954,-6.077304,-6.438481,-5.177191,-5.172987,-5.970605,-6.511816,-6.211613,-6.728417,-7.831267,-6.657806,-5.444354,-5.311364,-6.371583,-5.159368,-4.756538,-5.033061,-6.133888,-6.133405,-6.201973,-5.486028,-4.882323,-4.724148,-5.478971,-7.005442
-4.571406,-4.853647,-3.959095,-4.752531,-3.973675,-3.401275,-3.913390,-4.407990,-3.987872,-3.874025,-4.293274,-5.135185,-4.860121,-4.144498,-4.070028,-4.197402,-4.333823,-3.910024,-3.461370,-2.919404,-2.809459,-3.587550,-5.417881,-5.036909,-4.023906,-3.985257,-4.284080,-3.645336,-3.957043,-4.145495,-4.840438,-4.687825,-4.689338,-3.932439,-3.629247,-3.684171,-3.984281,-3.174616,-4.247287,-2.335080,-1.844386,-2.385951,-3.067426,-3.602027,-4.077920,-5.637549,-4.707180,-6.430757,-5.116112,-5.650675,-5.455333,-4.063529,-4.325675,-2.346602,-1.719721,-1.990637,-3.661859,-3.140499,-3.508753,-4.444189,-3.197932,-3.209054,-2.959907,-2.966452,-4.603199,-4.644761,-5.034209,-5.957541,-6.348115,-6.333516,-6.584703,-6.958409,-6.086167,-7.481020,-5.770033,-5.672055,-5.411911,-2.879446,-1.817997,-2.231478,-4.848164,-5.589653,-6.984503,-7.053041,-6.731452,-6.981603,-7.398736,-7.747817,-7.985207,-6.443949,-6.214355,-6.297134,-6.355183,-5.558954,-5.864086,-6.544499,-7.386360,-7.819220,-7.271990,-6.839975,-6.757679,-8.460893,-6.249641,-6.464989,-7.061834,-7.123206,-7.702219,-7.421692,-6.976876,-6.659811,-6.674441,-8.122294,-8.217564,-9.875227,-8.741014,-8.442283,-7.735595,-7.225492,-6.973247,-6.505686,-6.074558,-5.863223,-5.890082,-6.602022,-8.710798,-8.217300,-8.020472,-6.988467,-7.145652,-7.512784,-7.291543,-7.537094,-8.519058,-6.807773,-6.401621,-6.453475,-6.589517,-6.868648,-7.601434,-8.511019,-9.478135,-7.294552,-6.659203,-7.062231
-4.782873,-5.135835,-4.087913,-4.972684,-3.888672,-3.256766,-3.578779,-5.343764,-4.016644,-3.916299,-4.454976,-5.176152,-4.646727,-4.023230,-4.346066,-4.224231,-4.009933,-3.741059,-3.551601,-2.925162,-2.884419,-3.907121,-4.604367,-6.183027,-3.982129,-3.728873,-3.537646,-3.292940,-4.094437,-4.250478,-4.336369,-5.056636,-5.485917,-4.450885,-5.525277,-3.977628,-3.285726,-3.464786,-4.107999,-2.937717,-2.867865,-2.607908,-2.613337,-2.808639,-3.499343,-4.510876,-4.073969,-3.805840,-3.673501,-3.331703,-2.963060,-2.870600,-2.910780,-2.173008,-1.961776,-2.089433,-2.131788,-2.086710,-3.257473,-2.219814,-2.558536,-2.126452,-1.925684,-3.065775,-2.722423,-3.268179,-3.941647,-3.792309,-3.737033,-4.092414,-4.058866,-3.861033,-4.216211,-4.314476,-3.930037,-3.951112,-5.166498,-4.576911,-3.974397,-4.548682,-5.328930,-4.740641,-4.497400,-4.598305,-4.908653,-5.973208,-5.653127,-5.151628,-5.316663,-5.159967,-4.909479,-5.074772,-4.660857,-4.625393,-4.784731,-5.052194,-5.559277,-5.909245,-6.291118,-6.464543,-6.426744,-6.790336,-8.036849,-8.353631,-7.515412,-7.095755,-6.688920,-6.848276,-7.240444,-7.185086,-6.747482,-8.094969,-7.099792,-6.563283,-6.655072,-7.714525,-7.187331,-6.339506,-6.167783,-6.472239,-6.614549,-7.062324,-7.644761,-9.626069,-8.012870,-8.356693,-8.473873,-7.700494,-7.286079,-7.885833,-7.592064,-7.186076,-6.838687,-6.640351,-6.317977,-6.423817,-6.722843,-7.021795,-6.965437,-7.019681,-7.217201,-7.032876,-6.909624,-7.503827
-4.897311,-5.021702,-4.172485,-4.882340,-3.768181,-3.177001,-3.504232,-4.861434,-4.064037,-4.142113,-4.943515,-5.262875,-4.564655,-3.988958,-5.395810,-4.489481,-4.159352,-3.978648,-4.189463,-3.264041,-3.000459,-5.049969,-4.459674,-4.826796,-4.031867,-4.070745,-3.751520,-3.286065,-3.599925,-4.208474,-4.741371,-5.621515,-4.940021,-4.698264,-4.930068,-4.263376,-3.930774,-3.919240,-4.039688,-3.713024,-3.725347,-3.045426,-2.821710,-3.086297,-3.494215,-4.445857,-4.787605,-4.165758,-3.961027,-3.516306,-3.113036,-3.094599,-3.369588,-1.733654,-0.874183,-1.223905,-2.974690,-3.198709,-3.455469,-3.489204,-3.113487,-2.182536,-1.824615,-2.254983,-3.483835,-4.817263,-5.305388,-2.855068,-1.748436,-1.975942,-4.032659,-5.067335,-5.396357,-5.439823,-5.506783,-4.284572,-4.837332,-3.954354,-1.834060,-2.021128,-4.427696,-4.774192,-6.302581,-6.776671,-4.891880,-1.645966,-0.789016,-1.303478,-3.833510,-4.756225,-6.143425,-5.408525,-4.165817,-4.310409,-5.630073,-8.096641,-7.384946,-7.212044,-7.048463,-7.597279,-6.769407,-6.186851,-5.479105,-5.724436,-7.413849,-7.255719,-6.509951,-6.609399,-6.145937,-3.596370,-2.675441,-3.168361,-5.679755,-7.141760,-7.435128,-6.890024,-7.239207,-8.254906,-7.463951,-8.055869,-7.599569,-5.659733,-5.199615,-5.646145,-4.488242,-5.029318,-6.511312,-7.026836,-8.677965,-7.829684,-6.115231,-5.905172,-7.002398,-5.792833,-4.873609,-5.367902,-8.328915,-7.095850,-6.947150,-8.263424,-7.742321,-5.804483,-5.346768,-6.183837
-4.920479,-5.033285,-4.318901,-4.283223,-3.577963,-3.251633,-3.558687,-4.325547,-4.246646,-4.299423,-5.696774,-4.928325,-4.379193,-4.012230,-5.046855,-4.996179,-4.798297,-5.099388,-4.612267,-3.422471,-3.095529,-3.916409,-4.643909,-5.210604,-4.325737,-4.669908,-4.216519,-3.703193,-3.907712,-4.822617,-6.964314,-4.934716,-4.698297,-5.674237,-6.574522,-5.423141,-5.696648,-5.148702,-4.778800,-5.249044,-3.792784,-3.826061,-4.702870,-5.940265,-5.418118,-4.699667,-5.804736,-5.472913,-6.358265,-6.002489,-6.064631,-5.240916,-4.903973,-1.845824,-0.940204,-1.441754,-3.870538,-6.522320,-6.206789,-5.854079,-6.052114,-6.356771,-5.273248,-5.463114,-5.559362,-6.785598,-5.222803,-2.993221,-1.783346,-2.079888,-4.157286,-5.641061,-6.700375,-7.210742,-7.534809,-4.936366,-3.444943,-3.079098,-1.664204,-1.995579,-3.999463,-5.328602,-5.141216,-4.435880,-3.736415,-1.560134,-0.783275,-1.358623,-3.874404,-4.922893,-6.823498,-5.187641,-4.078574,-4.492471,-7.123634,-8.642960,-7.315941,-7.924768,-9.100101,-7.923419,-8.062996,-6.209619,-5.065545,-5.437324,-7.682853,-8.041492,-6.964557,-7.053784,-6.868811,-4.068110,-3.124550,-3.614897,-6.133621,-6.889474,-7.299324,-7.423522,-6.777700,-6.963598,-7.897065,-8.920789,-10.248746,-7.149912,-6.672982,-5.988771,-5.029072,-5.472853,-7.966571,-7.785280,-8.409073,-8.975466,-7.852335,-8.048157,-8.875339,-5.933328,-4.954441,-5.454314,-9.140835,-9.144993,-8.521552,-10.975259,-7.755107,-6.064869,-5.425125,-6.161975
-5.053333,-5.318645,-4.595741,-3.929707,-3.362657,-3.571379,-3.669119,-4.256454,-4.525019,-4.283611,-4.893119,-4.718053,-4.243717,-4.044255,-4.647964,-6.013507,-6.636919,-5.893107,-4.232610,-3.269585,-3.377001,-3.693676,-4.656278,-5.773740,-5.070088,-4.584652,-4.211252,-5.224523,-4.474241,-6.312458,-5.226323,-4.867944,-4.969382,-5.462797,-5.608091,-5.467958,-7.572843,-5.503113,-5.229586,-5.439465,-5.088121,-5.492471,-6.622009,-6.429770,-5.245071,-4.594413,-4.969204,-6.140946,-7.027325,-7.212169,-6.463549,-5.266113,-5.166899,-1.977342,-1.051269,-1.539915,-4.189233,-5.265462,-6.644876,-5.703242,-6.030248,-5.707493,-5.043868,-4.980250,-4.647065,-3.955378,-3.469770,-2.516217,-1.864574,-2.365690,-3.845789,-5.835142,-7.140408,-9.192962,-6.140344,-4.739611,-3.701926,-2.958898,-1.880987,-2.233148,-4.438503,-5.573289,-7.110850,-6.012743,-4.689345,-4.499634,-5.480340,-5.609735,-7.025783,-6.639383,-6.180656,-5.302995,-4.389596,-4.814090,-6.497905,-7.395836,-7.710395,-8.814518,-7.953944,-7.515604,-8.771633,-6.590548,-5.704974,-6.171981,-9.084319,-7.052817,-6.783268,-6.655744,-6.228911,-5.271878,-4.507084,-5.114799,-8.144371,-8.704322,-8.344316,-8.622512,-7.902534,-7.751434,-8.304894,-8.299154,-7.888728,-7.819046,-7.124783,-6.635051,-5.725501,-6.101421,-7.383300,-8.433765,-7.911239,-8.296846,-7.731075,-7.853687,-11.004185,-7.471947,-6.901475,-7.523458,-10.485102,-9.217094,-9.910892,-9.234118,-7.593285,-7.402133,-8.102552,-8.690789
-5.403768,-6.536544,-5.098628,-3.793314,-3.230681,-4.070403,-3.793182,-4.271726,-4.534759,-4.332091,-4.682541,-4.756658,-4.387337,-4.154762,-4.712093,-7.347740,-6.648260,-5.527418,-3.885552,-3.234197,-4.308415,-3.882870,-4.272098,-5.682908,-4.997255,-5.788455,-4.478535,-4.476316,-4.322272,-4.734375,-6.670505,-4.981179,-5.669989,-5.546585,-5.407609,-5.224597,-5.473960,-6.785421,-5.162729,-4.659253,-4.960409,-5.453890,-5.070122,-5.273040,-5.070919,-5.233842,-5.116619,-5.617001,-6.014012,-7.058554,-6.022227,-5.522646,-4.799945,-2.123433,-1.154976,-1.610515,-4.323135,-4.858736,-5.257235,-5.392228,-5.524651,-4.391168,-5.325745,-4.697505,-3.914117,-3.094453,-2.777169,-3.011181,-3.544200,-5.137348,-5.628132,-6.072952,-5.814889,-6.358683,-7.080371,-4.527719,-3.993503,-2.965595,-2.084062,-2.403783,-4.476532,-5.705020,-7.488898,-7.881121,-7.121619,-6.339904,-5.452909,-5.902372,-6.600510,-6.684242,-6.609309,-6.726605,-5.421318,-5.726076,-7.484245,-9.242466,-9.689601,-8.473506,-8.025151,-7.237168,-6.840159,-7.681209,-6.160649,-6.233984,-7.476279,-7.787626,-7.753811,-7.876253,-8.295498,-6.065514,-5.395417,-6.086356,-6.657067,-6.816156,-7.870650,-8.413636,-7.731148,-7.769254,-7.614984,-7.588941,-7.962815,-7.854993,-8.354677,-6.904980,-5.941696,-6.390035,-8.065579,-8.556491,-8.459359,-8.117844,-8.048157,-8.993793,-11.488188,-8.153306,-7.049283,-7.503561,-7.538486,-8.161740,-8.304107,-8.161312,-8.284534,-8.303245,-8.374534,-8.735289
-5.868060,-5.654252,-6.219564,-3.744341,-3.217665,-3.996588,-3.799242,-3.915309,-4.438526,-4.700777,-4.688848,-5.271770,-4.818062,-4.503885,-4.603369,-6.431651,-6.733294,-5.218328,-3.824913,-3.257005,-3.946680,-4.092155,-4.584218,-4.924437,-4.819089,-4.916710,-4.427921,-4.140305,-4.266613,-4.668766,-5.199897,-4.932015,-5.037402,-5.475747,-6.574018,-5.439380,-4.844122,-5.174058,-5.283260,-3.586568,-2.998312,-2.890903,-2.973203,-3.243542,-3.659612,-3.995390,-4.533445,-4.989937,-4.442771,-4.031779,-3.838978,-3.974389,-4.282109,-2.105875,-1.249721,-1.767233,-4.968643,-3.679015,-4.391319,-3.639950,-2.584985,-2.604694,-2.274653,-1.493755,-1.644390,-1.922004,-1.791761,-1.792164,-2.204354,-2.911772,-3.840444,-4.490332,-4.627433,-4.447294,-4.296721,-4.212796,-4.032385,-3.258471,-2.398298,-2.753061,-5.048755,-5.354870,-6.059572,-5.141564,-7.124915,-5.715780,-7.517052,-5.188081,-4.781844,-4.897358,-4.889072,-5.439868,-5.588504,-4.949330,-5.351858,-5.424626,-5.884504,-5.808530,-5.874431,-6.096665,-6.456331,-6.877137,-5.959164,-6.136783,-6.218971,-7.371124,-6.803411,-7.104636,-7.367871,-6.326464,-5.554943,-6.141006,-6.705762,-7.303457,-6.537051,-7.633107,-7.736916,-7.547318,-6.534628,-6.061178,-5.866625,-6.097635,-5.512092,-5.973742,-7.133137,-7.941742,-7.887218,-7.495055,-7.327292,-6.450410,-6.467913,-7.488376,-7.208221,-8.093400,-7.316637,-8.595047,-8.156206,-6.919442,-6.435885,-6.508939,-7.145725,-8.750808,-7.609095,-7.888526
-5.426806,-4.890450,-5.520638,-3.675194,-3.318009,-3.728217,-3.694531,-3.662889,-4.304174,-5.488591,-4.821266,-5.985641,-5.537469,-5.116542,-4.384561,-5.385736,-5.653411,-4.925385,-4.215429,-3.345704,-3.368185,-4.286232,-5.095310,-6.045881,-4.502676,-4.867477,-4.533570,-4.594420,-4.796123,-5.620566,-5.042843,-5.455810,-5.174252,-5.727239,-5.513413,-5.071130,-5.178742,-4.153543,-5.931940,-3.184234,-2.719560,-2.626200,-3.109461,-3.640663,-4.112662,-4.044970,-5.922228,-5.916005,-5.218338,-4.708033,-4.413575,-4.321212,-4.486606,-2.338006,-1.400996,-1.949856,-5.026672,-5.308682,-4.418284,-4.189651,-3.147578,-2.182770,-1.741065,-2.123164,-3.353283,-4.597198,-4.177467,-1.983470,-1.025934,-1.450546,-3.530973,-4.654597,-6.347641,-7.366615,-5.644814,-3.193161,-2.267201,-3.350208,-2.632575,-2.953181,-5.301731,-6.824466,-7.030058,-7.339614,-4.937327,-3.888197,-4.102880,-5.186754,-6.484805,-7.730983,-7.396749,-5.282048,-4.383683,-4.877228,-7.048300,-6.395063,-5.944771,-7.041618,-7.310167,-5.536205,-4.849763,-5.482558,-7.527076,-8.167294,-8.123173,-6.649997,-5.614607,-6.121135,-7.165753,-5.891939,-5.504714,-6.414055,-9.532461,-5.852720,-4.897540,-5.463005,-7.268994,-7.097955,-7.538301,-7.443328,-7.634356,-8.406199,-7.763542,-6.964653,-5.813863,-6.258569,-8.684361,-8.578131,-9.280696,-7.646955,-6.507125,-7.992862,-6.680684,-6.909128,-6.670801,-7.146321,-8.302225,-7.056031,-5.729293,-6.135092,-8.173765,-7.434906,-8.840769,-6.415894
-5.044936,-4.447191,-4.538480,-3.660094,-3.487188,-3.794533,-3.640758,-3.613300,-4.214002,-4.940674,-4.657413,-5.536876,-6.661033,-5.097103,-4.249720,-4.538607,-4.819001,-6.358461,-4.967539,-3.567412,-3.260699,-4.216341,-4.775824,-4.424037,-3.977914,-4.238152,-4.108802,-4.563409,-4.901142,-5.392699,-5.194192,-5.678897,-6.155995,-5.230727,-4.598433,-4.382033,-4.271057,-3.599957,-3.034486,-2.349719,-2.613186,-2.625733,-2.658275,-2.906621,-2.839836,-2.972257,-3.439493,-3.737630,-3.642793,-3.387474,-3.191668,-2.911855,-2.618054,-4.203889,-1.730758,-1.689626,-2.683886,-3.895301,-3.742088,-3.156591,-2.883740,-2.548855,-2.669332,-2.792965,-3.378812,-3.425792,-2.785505,-1.800964,-1.156817,-1.660483,-3.236288,-4.871889,-5.176695,-5.047026,-5.527849,-3.167891,-2.400038,-2.748063,-3.123107,-2.966347,-3.762981,-4.525936,-5.083695,-5.322056,-5.454474,-5.455100,-5.739277,-5.727228,-5.989426,-6.604194,-6.785767,-5.537338,-5.107611,-5.950055,-7.583593,-8.663458,-7.069462,-7.291385,-7.520894,-6.182174,-5.799175,-6.049225,-6.139679,-6.686677,-7.520567,-7.622025,-5.881527,-6.038838,-8.735859,-7.195686,-5.922105,-6.747378,-7.073752,-5.953835,-4.978412,-5.357358,-7.760295,-7.012253,-7.558670,-7.482750,-7.269609,-9.045976,-7.391607,-7.222295,-5.641209,-6.131034,-7.316281,-7.397154,-7.571274,-6.638986,-6.569088,-6.485685,-5.858564,-6.635140,-7.231620,-7.752829,-7.874828,-6.335319,-5.381568,-5.839976,-7.597264,-8.001282,-9.245335,-6.273591
-4.870613,-4.102853,-4.008068,-3.858401,-3.690620,-4.349795,-3.708502,-3.772822,-4.218057,-4.533351,-4.347277,-4.967309,-5.592831,-4.676615,-4.301400,-4.268656,-4.488909,-5.053056,-5.125622,-3.596720,-3.254196,-4.697793,-4.422069,-3.889760,-3.695232,-3.870268,-3.770747,-3.872533,-4.444496,-6.327694,-4.583701,-4.486134,-4.978456,-4.636533,-4.547129,-4.902300,-4.159147,-4.553788,-2.933292,-2.154523,-1.958655,-2.514092,-3.821527,-2.864331,-2.810577,-3.131364,-3.862369,-5.692177,-4.264766,-3.679370,-3.794769,-3.748345,-2.579993,-2.328480,-2.457635,-2.874072,-3.949154,-3.637520,-3.452610,-3.332220,-3.957881,-2.915220,-2.773702,-3.678941,-4.356068,-2.751595,-2.299151,-2.573573,-4.630176,-3.543881,-4.156870,-4.868309,-5.307639,-6.025439,-5.230069,-4.588615,-4.054542,-3.657118,-3.734566,-4.715998,-5.518752,-5.686783,-6.061134,-5.806143,-6.362765,-6.338201,-6.019592,-5.109896,-4.622812,-4.781366,-5.834538,-4.870027,-4.867297,-5.231259,-5.570775,-6.451560,-6.745268,-6.597975,-7.158254,-6.416795,-5.962773,-6.893479,-6.195059,-6.589171,-6.938672,-8.223633,-8.245830,-6.796474,-7.213010,-6.042893,-5.321683,-5.885217,-5.407794,-5.358955,-5.749410,-6.494897,-6.157519,-6.449648,-6.885592,-5.532284,-4.871911,-4.343069,-4.213915,-4.605527,-5.185356,-5.624174,-6.182714,-6.807589,-7.112958,-7.565942,-7.096187,-6.602255,-7.224288,-6.991590,-6.411064,-5.708048,-5.710966,-6.613228,-7.378259,-7.082181,-7.402924,-6.704570,-6.835194,-6.779196
-4.504258,-3.886283,-3.784808,-4.363472,-3.921595,-5.730963,-3.866960,-4.224271,-4.306495,-4.643632,-4.180537,-4.367836,-4.946346,-4.722623,-4.486427,-4.514582,-4.273253,-4.781376,-4.718536,-3.420163,-3.161839,-4.328488,-4.751463,-3.948712,-3.713316,-4.688079,-3.871646,-3.768615,-4.695134,-4.975162,-4.060537,-3.811285,-4.730901,-4.078687,-4.059777,-4.167500,-3.626144,-2.754249,-2.664523,-2.124604,-2.420541,-3.090898,-3.133579,-2.472851,-3.140765,-3.700216,-3.852291,-3.503194,-3.428391,-4.072999,-5.003664,-3.888826,-4.859419,-4.210029,-5.625411,-4.955270,-4.837714,-4.459826,-3.893170,-3.778473,-3.387565,-3.418535,-3.095389,-3.208158,-4.689726,-3.853458,-4.031936,-6.165713,-4.683360,-4.690474,-4.956997,-6.341728,-5.721540,-5.387346,-5.663502,-5.667151,-5.094883,-5.288983,-5.880756,-5.796571,-6.724125,-6.565396,-6.435940,-6.514840,-7.001504,-7.165176,-6.832533,-8.413328,-6.855177,-6.889190,-8.864017,-7.855348,-7.280143,-6.920536,-7.820590,-7.618361,-9.158035,-8.332551,-8.202974,-8.454212,-8.054281,-8.650108,-7.884198,-7.781044,-8.789826,-8.229575,-7.823463,-7.575028,-8.053658,-8.394970,-7.759391,-7.676507,-7.984784,-8.817075,-8.395313,-7.132852,-6.770667,-7.381517,-8.115900,-8.067737,-7.428401,-10.049584,-7.836939,-6.963931,-5.959964,-6.459706,-8.157856,-8.298596,-8.039463,-7.660135,-7.342811,-7.328338,-7.816416,-9.231478,-7.956238,-8.340650,-8.059028,-7.788918,-8.883830,-8.600695,-8.334997,-8.252257,-8.739919,-8.352541
-4.070244,-3.819225,-3.799561,-5.131821,-4.064892,-4.364925,-4.070884,-5.201912,-4.501135,-5.754372,-4.099925,-3.988202,-4.593217,-5.260025,-4.564528,-5.024644,-4.190019,-5.221931,-4.607949,-3.459625,-3.095496,-3.582649,-5.161792,-4.098759,-4.272241,-4.721166,-4.125523,-4.299983,-4.681844,-4.804711,-3.844656,-3.867274,-3.871500,-3.457774,-3.507365,-3.353455,-2.922233,-2.343470,-1.786013,-1.319948,-1.390907,-1.553127,-1.491724,-1.586004,-1.814571,-2.167054,-2.361760,-2.332935,-2.202993,-2.067451,-1.930919,-1.877322,-1.709878,-1.440995,-1.390102,-1.516574,-1.874106,-2.160460,-2.171841,-2.296572,-2.017809,-1.561325,-1.947749,-2.096688,-2.301389,-2.643551,-2.587311,-2.404198,-2.121480,-2.081481,-2.330640,-2.763721,-3.220619,-3.480051,-3.383969,-3.419217,-3.436661,-3.386645,-3.386618,-3.429713,-3.511574,-3.015208,-2.552484,-2.373137,-1.902299,-1.231262,-1.032449,-1.232312,-1.784234,-2.626333,-3.101778,-3.247465,-3.685281,-3.322838,-3.272388,-3.325104,-3.443848,-3.782974,-4.080274,-4.106473,-5.352099,-4.087965,-3.960955,-4.343602,-5.581892,-5.784930,-5.549232,-4.627339,-4.441801,-4.422640,-4.548046,-4.115356,-3.595911,-3.403633,-3.488772,-3.939803,-5.445876,-5.458878,-6.264652,-5.949037,-5.177145,-4.148765,-3.807990,-3.562763,-3.648977,-3.853457,-3.946985,-4.000812,-4.385835,-3.542831,-3.290516,-3.490059,-3.956990,-4.973488,-5.063020,-4.038966,-3.723942,-3.617885,-3.616679,-2.874560,-2.421819,-2.562990,-3.421818,-5.134024
-3.775573,-3.908707,-3.999293,-4.315833,-3.990766,-4.082435,-4.276437,-4.967454,-4.609886,-5.410578,-4.185520,-3.850577,-4.307807,-4.737556,-4.403844,-4.477184,-4.279970,-5.252662,-4.710491,-3.837306,-3.259310,-3.350762,-4.083353,-4.478609,-5.596657,-4.404438,-4.285647,-5.708868,-4.621090,-4.353659,-4.454706,-4.191401,-4.594515,-3.199835,-3.559812,-3.282432,-2.966637,-2.976301,-2.212219,-1.798854,-0.986373,-1.487180,-2.163126,-2.446890,-2.649229,-3.091922,-3.516451,-5.321671,-3.921066,-3.431235,-3.157601,-2.423704,-2.682349,-1.536314,-1.421902,-1.818344,-2.936936,-4.614670,-3.949210,-3.790294,-3.928133,-2.702137,-2.362768,-2.902518,-3.677139,-5.269336,-5.195210,-4.479838,-3.244362,-3.588505,-4.997796,-6.733722,-6.243394,-7.997843,-5.064271,-3.506702,-2.138063,-1.647927,-1.541273,-2.114540,-3.573730,-5.002716,-7.284209,-6.333583,-3.735445,-1.139610,-0.147052,-0.601588,-3.137437,-4.317548,-4.002693,-3.042411,-2.428003,-3.102050,-5.562311,-5.746327,-6.382723,-6.771297,-5.604303,-3.796746,-3.175630,-3.206528,-3.562160,-4.286305,-5.921678,-6.258845,-5.803867,-6.008791,-6.129714,-5.555949,-3.617692,-3.814100,-6.142471,-4.120172,-3.176369,-3.834738,-4.596555,-5.097058,-6.585248,-5.826428,-6.879111,-4.733204,-5.088319,-3.695208,-2.616118,-2.890375,-4.728266,-6.539410,-5.495973,-3.369264,-2.532171,-3.037017,-5.996441,-3.848927,-3.234140,-3.772365,-4.675664,-4.818734,-3.567912,-3.034688,-2.670363,-3.428436,-4.387901,-4.798677
-3.662919,-4.092395,-4.330992,-3.826767,-3.857017,-4.275321,-4.523158,-4.534460,-4.449049,-4.670889,-4.485696,-3.890799,-4.215083,-4.321575,-4.229296,-4.380474,-4.478153,-5.013521,-5.021230,-4.609611,-3.752632,-3.388261,-4.180792,-5.122381,-5.377211,-4.534224,-4.581375,-5.687849,-4.259964,-4.349534,-4.841120,-4.592606,-3.970693,-3.572072,-3.196788,-2.982067,-2.945419,-2.783067,-2.654744,-1.757745,-1.254242,-1.706740,-2.805925,-3.040616,-3.163763,-3.245388,-3.528049,-4.232100,-4.640382,-4.494686,-4.015716,-3.392682,-3.258255,-3.871571,-4.735271,-5.179338,-4.619227,-5.341333,-4.886372,-7.145960,-4.204051,-3.307623,-3.006257,-3.301980,-3.696985,-4.324611,-4.175475,-3.462599,-3.392712,-4.082617,-5.394876,-4.869627,-5.694169,-6.003816,-5.528433,-4.261590,-4.499861,-5.282549,-3.907055,-4.368548,-4.520614,-4.755411,-4.331243,-4.803840,-3.874827,-2.795803,-2.417391,-2.818092,-5.570986,-4.110400,-4.960674,-3.934698,-4.502113,-4.737501,-4.536733,-5.102514,-5.057140,-5.445591,-5.251567,-5.192469,-6.055614,-6.168573,-7.532337,-8.031448,-6.307238,-6.958155,-6.599374,-7.042872,-6.623944,-5.340960,-4.979073,-5.166945,-6.128544,-6.607977,-5.644384,-6.257490,-6.342227,-6.719241,-6.210964,-6.027568,-6.632906,-5.831051,-5.206396,-7.708848,-6.465742,-6.311356,-6.468011,-6.901233,-7.180322,-5.423959,-5.644064,-7.934324,-8.616449,-6.691442,-6.304268,-6.909799,-6.905463,-6.708002,-6.814525,-7.133962,-6.228147,-6.120997,-6.347061,-6.164622
-3.761409,-4.112349,-4.353493,-3.649302,-3.834053,-4.824366,-4.869477,-4.618742,-4.259195,-4.489699,-5.079939,-3.972795,-4.608140,-4.156649,-4.223814,-4.883237,-4.842711,-5.184935,-5.461798,-6.142307,-4.258803,-3.636870,-4.607543,-5.871357,-5.600027,-4.700217,-4.527011,-4.867825,-4.006703,-3.894350,-4.374073,-5.190016,-4.232499,-5.136239,-3.760409,-3.868347,-3.882806,-4.143879,-3.471830,-2.453736,-1.945806,-2.239471,-3.989977,-4.185815,-4.946862,-4.324903,-5.155903,-5.977805,-6.380600,-5.131476,-4.861424,-5.574961,-5.874975,-6.155448,-6.027112,-5.082494,-4.833915,-5.657935,-4.630170,-4.026209,-3.690516,-3.863983,-3.885566,-3.974894,-3.933970,-3.703051,-3.771446,-3.789603,-4.119548,-4.456010,-4.854916,-5.192052,-5.823678,-6.362746,-6.491765,-6.924825,-5.925029,-5.806541,-5.800725,-6.234299,-6.270111,-6.565896,-7.039728,-5.979502,-5.728789,-6.385637,-5.553297,-5.805175,-6.157444,-6.178286,-6.906625,-7.008140,-6.663834,-8.143105,-6.770432,-6.248190,-6.393622,-6.319504,-7.102452,-6.496607,-6.882215,-6.745353,-6.828529,-7.772717,-7.095862,-6.691376,-6.866094,-7.042217,-7.732997,-5.995150,-5.406892,-6.358407,-6.815047,-7.224783,-6.281319,-6.537904,-7.371376,-7.533638,-6.930338,-7.713357,-7.654408,-7.330842,-7.649373,-7.589723,-6.856944,-6.867105,-7.239772,-7.360178,-7.143678,-7.568153,-6.333012,-6.472473,-8.601331,-6.159162,-5.726179,-6.467194,-7.779668,-7.074502,-7.290125,-7.319396,-6.799594,-6.801793,-7.117297,-8.617637
-4.122049,-3.959762,-3.959767,-3.669298,-3.976444,-5.120972,-5.119600,-5.237486,-4.210536,-4.432546,-4.803434,-4.125026,-5.084916,-4.147343,-4.148398,-5.039814,-5.188288,-4.798934,-4.750313,-5.385415,-4.589637,-3.998266,-4.142272,-5.070873,-5.008704,-4.964518,-4.292148,-5.212271,-3.940910,-4.218148,-4.376963,-4.038465,-4.894097,-4.260445,-4.334828,-5.097221,-4.838723,-5.233989,-5.050182,-3.928914,-3.291007,-3.159417,-5.200706,-4.462065,-5.178801,-4.440516,-4.855422,-5.542619,-5.645932,-6.200261,-5.382655,-5.445844,-6.313808,-6.319963,-5.773515,-5.571401,-5.742521,-6.208344,-6.618727,-5.298529,-3.790471,-3.102259,-3.380057,-4.158759,-4.039721,-3.878556,-3.483639,-3.791862,-3.988356,-4.545644,-4.373944,-4.596181,-5.687160,-7.090271,-7.533016,-6.670907,-6.387916,-6.114323,-5.312599,-5.409775,-6.423437,-6.282992,-5.960622,-6.930342,-6.965583,-9.332979,-5.738117,-5.555711,-6.310979,-5.687084,-5.421326,-5.410148,-5.313974,-5.546402,-5.777381,-5.870268,-6.391626,-6.623244,-6.579953,-6.481275,-6.344191,-6.859930,-7.176003,-7.540739,-6.864986,-6.609704,-7.150349,-7.207974,-7.683304,-6.326096,-5.577758,-6.027717,-7.109826,-7.399928,-7.219596,-7.336443,-6.956029,-6.459801,-6.609950,-7.069861,-7.934047,-9.130035,-9.564193,-7.856179,-7.423643,-8.292655,-7.831333,-7.202111,-7.202937,-7.235935,-7.647877,-7.840307,-8.251220,-6.862665,-6.054988,-6.478089,-7.708182,-7.915548,-7.827290,-7.026673,-7.305795,-8.304997,-9.906625,-8.592225
-4.919251,-3.868796,-3.669292,-3.885374,-4.288801,-4.719213,-5.120675,-5.563075,-4.382203,-4.400774,-4.445906,-4.435332,-4.695874,-4.055895,-3.904813,-4.329960,-4.552469,-4.302984,-4.012593,-4.800538,-4.476031,-4.913412,-3.953224,-4.100265,-4.116646,-3.943595,-3.957167,-4.467686,-4.026949,-4.715214,-4.643671,-3.721582,-4.016153,-3.734975,-3.387837,-3.399464,-3.218293,-2.837221,-2.315773,-1.826736,-1.686620,-1.955018,-1.947758,-2.217449,-2.680309,-2.937581,-2.878451,-2.902212,-2.800186,-2.651544,-2.448462,-2.286855,-2.095008,-1.985671,-1.995397,-2.143799,-2.413313,-2.781105,-3.170022,-3.047760,-2.727252,-2.636000,-2.580868,-2.626023,-2.937106,-3.119677,-3.404119,-3.379362,-3.267337,-4.258131,-4.676588,-5.178907,-5.071948,-5.155344,-5.710001,-7.093942,-5.633680,-6.306565,-6.254520,-7.037983,-6.812176,-8.963747,-6.746808,-7.410895,-7.833667,-9.134322,-7.393782,-7.404121,-9.092651,-6.973538,-7.022866,-6.718716,-6.065758,-6.400541,-7.792340,-7.344646,-8.545372,-8.963930,-9.309409,-9.258531,-8.883543,-8.860448,-8.927231,-8.431756,-8.114121,-8.666171,-7.498260,-8.009520,-8.231874,-7.012655,-5.988096,-6.667044,-9.001873,-10.041518,-7.671031,-7.458571,-7.607536,-8.547548,-8.609782,-8.359138,-7.588988,-7.933869,-9.161330,-8.777860,-8.262324,-7.861084,-8.361478,-8.978172,-9.014850,-8.369430,-10.144310,-8.555166,-9.228642,-6.957164,-6.349421,-7.002473,-8.241254,-9.082945,-8.410868,-7.430410,-7.214957,-7.443295,-7.635601,-7.985634
-6.232461,-3.829609,-3.563130,-4.280310,-4.803515,-4.583291,-4.975173,-4.903330,-4.704671,-4.529561,-4.467460,-4.845720,-4.815291,-3.953929,-3.799850,-4.174277,-4.384880,-4.245605,-3.699130,-3.630044,-3.936638,-4.299017,-4.280014,-4.133961,-3.857780,-3.627022,-4.023744,-4.132372,-4.107230,-5.664283,-4.312920,-3.733295,-3.921687,-3.822588,-3.418500,-3.508456,-3.317983,-2.854561,-2.265959,-1.441503,-0.903140,-0.895126,-1.352895,-2.286885,-2.870958,-3.045534,-3.187243,-3.139488,-2.999558,-2.593389,-2.187179,-2.113383,-2.411370,-1.192167,-0.528401,-0.906521,-2.399620,-3.052195,-3.718363,-3.601134,-2.186162,-1.284455,-0.932517,-1.234871,-2.188863,-2.884500,-3.188743,-3.275997,-3.937153,-3.563659,-4.188331,-4.319028,-4.658860,-5.488943,-4.673183,-2.284637,-1.428219,-2.871331,-1.365010,-1.576663,-4.288442,-2.772970,-4.277832,-4.704113,-4.729089,-1.439331,-0.600437,-1.094561,-3.360539,-5.926964,-6.649136,-4.081864,-3.021909,-3.582490,-4.745265,-6.574035,-6.270147,-7.062856,-6.582705,-4.592545,-3.587798,-3.679219,-3.692745,-4.235919,-6.241159,-6.595370,-7.243624,-5.832693,-5.141114,-3.175634,-2.259819,-2.734803,-5.845366,-5.355066,-5.173896,-5.453376,-5.619752,-6.923778,-5.881877,-6.369699,-7.425597,-5.257659,-4.820645,-5.938307,-4.097479,-4.317502,-4.857241,-5.335141,-7.481977,-6.556898,-5.414099,-5.654565,-5.975291,-5.635713,-4.985715,-5.477013,-7.320710,-6.364938,-5.063512,-5.295741,-6.602835,-4.623544,-4.152761,-4.730229
-4.901537,-3.748701,-3.631117,-4.728566,-5.627903,-4.762707,-4.905056,-4.646540,-5.121984,-4.825997,-4.718894,-5.462284,-6.136265,-3.959107,-3.894871,-4.569939,-4.491244,-4.723756,-3.797196,-3.205926,-3.283821,-3.902189,-5.550572,-4.759292,-4.297498,-3.724647,-4.559158,-4.555077,-4.356173,-4.809504,-4.460118,-4.297686,-4.650916,-4.597707,-4.347531,-5.657927,-4.765998,-4.705063,-3.551550,-2.362458,-1.289770,-1.367038,-2.188746,-3.180354,-5.001220,-4.992055,-5.816964,-6.252105,-5.499240,-5.365179,-4.811592,-4.634371,-4.260458,-1.412502,-0.570547,-1.129192,-3.812827,-6.530786,-5.204503,-6.847715,-4.965632,-3.999324,-3.619973,-4.013457,-4.866553,-5.822271,-6.244224,-4.608884,-3.314596,-3.561189,-5.462874,-6.536761,-7.653909,-6.154917,-5.248337,-2.458503,-1.497391,-1.495678,-1.266781,-1.728264,-3.955867,-5.010637,-5.185804,-7.903715,-4.301220,-1.588160,-0.655978,-1.160825,-3.881485,-4.991579,-7.258120,-4.204019,-3.122151,-3.497436,-5.876329,-6.790331,-7.738059,-6.821306,-6.949342,-4.898058,-4.018827,-4.330756,-4.412383,-4.844278,-6.851116,-9.559152,-7.457915,-7.697692,-6.260082,-3.497518,-2.506934,-2.957861,-5.545681,-6.272980,-5.713041,-6.012336,-6.613037,-7.037403,-9.117741,-8.865421,-8.356425,-7.151180,-6.411101,-4.638587,-3.593282,-3.997878,-6.219615,-8.338566,-7.867478,-8.147096,-7.976472,-6.643180,-6.108310,-7.448063,-5.811756,-6.317339,-8.323624,-5.905555,-4.882823,-5.210912,-6.992165,-4.944951,-4.340572,-5.466422
-4.499206,-3.654714,-3.788896,-5.253277,-5.396886,-5.077799,-5.125580,-4.637207,-5.217908,-4.909580,-4.860774,-5.555558,-5.397258,-3.972063,-4.087576,-5.677582,-5.050723,-6.266079,-4.223375,-3.231495,-2.940173,-3.585963,-4.672401,-6.152474,-4.848185,-4.129209,-4.437433,-4.672897,-4.791026,-5.598161,-4.769762,-5.655354,-4.613638,-4.861412,-5.808335,-5.997941,-5.830473,-5.701959,-5.042175,-3.305732,-2.239273,-2.541929,-4.659805,-4.507347,-5.138303,-4.965965,-5.209302,-7.010923,-5.961920,-5.618900,-6.451365,-5.824507,-4.471339,-1.531694,-0.689653,-1.251641,-4.077706,-5.105319,-6.681667,-6.205739,-7.887149,-6.126592,-7.607549,-6.605618,-6.669591,-6.588034,-7.125226,-4.523071,-3.371516,-3.645136,-5.571347,-7.384778,-9.558515,-5.947773,-5.367734,-2.499678,-1.544568,-1.780005,-1.492100,-1.956830,-4.397155,-5.722062,-8.581635,-6.757711,-4.514236,-1.646743,-0.726776,-1.227559,-3.846448,-5.181215,-7.209595,-4.559309,-3.419206,-3.753563,-5.894212,-6.761102,-7.500802,-6.641145,-6.644952,-4.985923,-4.174505,-4.898829,-5.429479,-5.701361,-9.362762,-7.417800,-7.444215,-7.251919,-6.695118,-3.674195,-2.685526,-3.126997,-5.513520,-6.607662,-5.621015,-5.997565,-7.073938,-7.691721,-8.937260,-8.743780,-8.512496,-8.102677,-7.843514,-4.907957,-3.845451,-4.207661,-6.261242,-8.461134,-9.092972,-9.437410,-7.389903,-6.241213,-6.068572,-6.566320,-6.532566,-6.833627,-7.965034,-6.168611,-5.122465,-5.506074,-7.865433,-5.117175,-4.549681,-5.252182
-4.340027,-3.654645,-3.908699,-6.438184,-4.889823,-5.135108,-5.246212,-4.906333,-5.026457,-4.774175,-4.903318,-5.188039,-4.780588,-4.004425,-4.140697,-4.951619,-5.550755,-5.743104,-4.595099,-3.597808,-2.868473,-3.344836,-4.667357,-6.053576,-4.987656,-4.449863,-5.488121,-4.949234,-5.596382,-4.653111,-4.337284,-4.723595,-5.892565,-5.130675,-6.789889,-5.830142,-5.051270,-5.003996,-5.267975,-4.235403,-3.103106,-3.338529,-4.918320,-5.069442,-6.622109,-4.843671,-5.413033,-6.235104,-6.335514,-5.760559,-6.018227,-7.008318,-4.472002,-1.635822,-0.813391,-1.393572,-4.349542,-5.300831,-6.031115,-6.653424,-7.339981,-6.583282,-6.309553,-5.662923,-6.802644,-7.150906,-6.799409,-4.766414,-3.446976,-3.681276,-5.378798,-6.294583,-7.016129,-6.317506,-5.357824,-2.626507,-1.589504,-2.464878,-1.729393,-2.104732,-4.715509,-5.593729,-7.050249,-7.786887,-4.649242,-1.747515,-0.842733,-1.357066,-4.046746,-5.187243,-7.279714,-4.805533,-3.687730,-4.078469,-6.526163,-7.813640,-7.709636,-7.078996,-7.569592,-5.079886,-4.154908,-4.579740,-5.766951,-6.528175,-8.752208,-8.423833,-7.699435,-7.918017,-6.507054,-3.977976,-2.933776,-3.350538,-5.753025,-6.954318,-5.890875,-6.291993,-8.077826,-8.153863,-8.260694,-9.461557,-8.432435,-8.860613,-7.140649,-5.314812,-4.208621,-4.596962,-6.858060,-8.748361,-10.101539,-8.700591,-7.539964,-6.740015,-6.386081,-6.628626,-5.449828,-5.876863,-7.535562,-6.268119,-5.247353,-5.641210,-7.727161,-5.365836,-4.726740,-5.227187
-4.291730,-3.757034,-4.016490,-5.412000,-4.735335,-4.994717,-4.915630,-5.236148,-4.977995,-4.693512,-5.243609,-5.051445,-4.843029,-4.141973,-4.231900,-4.660024,-5.348062,-5.380349,-4.688723,-3.660084,-2.959333,-3.477756,-5.021992,-5.699461,-4.885286,-4.816997,-5.152009,-4.824657,-4.953908,-4.510567,-4.237687,-4.318608,-4.612289,-4.745313,-5.304344,-4.733881,-4.028665,-3.533867,-3.158661,-2.856934,-2.721440,-3.087330,-2.812251,-2.994929,-3.149267,-3.307377,-3.823252,-4.067062,-3.971824,-3.856117,-3.985517,-4.065568,-3.726540,-1.856487,-0.972516,-1.511858,-3.493079,-3.515367,-3.393891,-2.976974,-2.527227,-2.458282,-2.543171,-2.344733,-2.293294,-2.365730,-2.333984,-2.370285,-2.950224,-2.702710,-3.584327,-3.591547,-4.355030,-4.781773,-5.537686,-2.737509,-1.748543,-1.769675,-1.846827,-2.382051,-4.681535,-6.391100,-7.396806,-7.340277,-4.831447,-1.823034,-0.947275,-1.487244,-4.300664,-5.367555,-6.628714,-4.997679,-4.269734,-4.870150,-6.439273,-6.620109,-7.181881,-7.155516,-7.733693,-5.203521,-4.334415,-4.808931,-6.389174,-6.955368,-7.981335,-8.225718,-6.978817,-6.851791,-6.393805,-3.730077,-2.787805,-3.273461,-5.808840,-7.424947,-6.396644,-7.010979,-8.164722,-8.246850,-9.224320,-10.395848,-8.471452,-8.803424,-6.875018,-5.387843,-4.215242,-4.603010,-6.910204,-8.203033,-9.526084,-8.389185,-7.940740,-6.865961,-6.507758,-8.357728,-6.118480,-6.598433,-8.847318,-6.531246,-5.482087,-5.857066,-8.073114,-5.668242,-5.034038,-5.652676
-4.404895,-3.914976,-4.280165,-4.641340,-4.688398,-5.097426,-4.636450,-4.912599,-4.721602,-4.671161,-6.048292,-5.174526,-5.451685,-4.384425,-4.566829,-4.856505,-4.900505,-5.810590,-4.458539,-3.377415,-3.185315,-4.017142,-4.983625,-5.534339,-4.895198,-5.176624,-4.984448,-4.277590,-4.604404,-5.362696,-5.048392,-4.432561,-4.651272,-4.835553,-5.358266,-4.519188,-4.099473,-3.672400,-3.193492,-2.543099,-2.067825,-2.155369,-2.664127,-2.956916,-3.128209,-3.422728,-3.951893,-4.442143,-4.363769,-4.041120,-3.752619,-4.052304,-4.302281,-1.867673,-1.075695,-1.637052,-3.594030,-3.779895,-3.665888,-3.110792,-2.318293,-1.454443,-1.031183,-1.281633,-2.322957,-3.362666,-2.695859,-0.765873,0.223306,-0.052795,-1.731413,-3.448065,-4.861817,-5.673252,-5.162433,-2.866122,-1.819961,-2.541392,-2.190853,-2.569874,-5.152746,-6.407640,-6.669209,-6.150791,-4.675981,-1.968058,-1.067676,-1.584736,-4.114027,-5.431137,-5.329191,-3.936074,-2.623809,-2.844127,-4.650796,-5.592087,-5.602148,-5.677262,-5.996681,-5.164207,-4.433104,-5.205156,-5.929711,-5.973271,-6.471268,-5.601635,-5.137450,-6.052665,-6.497002,-3.836304,-2.907985,-3.414618,-6.242424,-7.036628,-6.747995,-7.073012,-5.786740,-5.807758,-7.041902,-8.609411,-8.023449,-7.239151,-6.864048,-5.249007,-4.461258,-4.946099,-7.716155,-7.588844,-7.096887,-5.522742,-4.254458,-4.516543,-5.931864,-6.658605,-6.459651,-7.358056,-6.491961,-6.427969,-5.552226,-5.420718,-4.697039,-5.077783,-5.499228,-6.082119
-4.746326,-4.046539,-4.977034,-4.291405,-4.631690,-5.782331,-4.472297,-4.492533,-4.423977,-4.610449,-5.336490,-5.525438,-6.244609,-4.727569,-4.739177,-5.075141,-4.618117,-5.621114,-4.087923,-3.393655,-3.552074,-4.992915,-4.725458,-4.988099,-5.294671,-4.464693,-4.337404,-4.210714,-4.605856,-5.091955,-5.184898,-4.618612,-5.633291,-4.619039,-4.657499,-5.135075,-4.605113,-4.416736,-4.444697,-3.172623,-2.677260,-2.331111,-3.801963,-3.411527,-3.307340,-3.460938,-3.811975,-3.763816,-3.780204,-3.882634,-4.179994,-4.445211,-5.359183,-1.984503,-1.232169,-1.694195,-3.887441,-3.947237,-3.998251,-4.154900,-4.069967,-3.961915,-4.540595,-3.923767,-4.675074,-4.918740,-3.358497,-1.084343,0.172784,-0.086960,-2.065048,-3.683422,-4.622710,-7.506697,-5.685136,-2.954664,-1.943026,-2.303812,-2.382003,-2.813454,-5.199036,-6.552073,-7.580911,-7.843066,-4.907401,-2.087363,-1.186792,-1.711439,-4.430935,-5.672499,-6.228020,-3.791702,-2.603919,-2.893954,-4.857703,-6.779233,-7.020399,-8.336797,-7.970212,-5.544537,-4.551208,-5.001518,-7.127526,-7.745837,-8.197441,-5.883940,-4.934067,-5.410481,-7.316321,-4.275117,-3.271063,-3.707635,-6.028596,-6.987197,-6.782524,-6.535963,-5.520503,-5.883443,-7.964643,-7.847596,-8.550096,-8.072287,-8.229056,-5.659547,-4.575494,-4.978724,-7.416205,-8.039840,-9.509011,-6.163037,-5.128004,-5.336793,-6.363514,-7.466600,-7.664814,-7.013686,-6.760180,-7.168140,-5.805537,-6.354214,-4.920161,-5.172748,-5.745254,-6.723636
-5.124121,-4.113765,-6.454785,-4.163139,-4.585663,-6.038444,-4.455850,-4.295128,-4.355264,-4.609233,-4.827627,-5.134041,-5.850494,-4.674932,-4.422431,-4.798752,-4.789877,-4.708894,-3.951324,-3.769484,-4.119699,-4.530293,-4.938939,-4.622318,-4.394464,-3.891854,-3.869386,-5.173534,-4.634604,-4.441153,-4.438839,-4.613790,-5.204862,-4.468343,-4.011250,-4.115538,-4.308879,-3.990440,-3.114755,-2.608465,-2.208405,-1.906700,-2.156754,-2.378487,-2.526786,-2.735971,-2.877615,-3.001963,-3.003189,-2.833448,-2.744378,-2.855586,-3.163996,-1.739810,-1.279653,-2.030603,-2.119622,-2.184966,-2.150103,-2.104939,-1.830667,-1.601568,-1.646046,-2.294414,-3.650585,-4.254230,-3.426349,-1.263349,0.034552,-0.214517,-2.192144,-3.833778,-4.807114,-6.357347,-5.090810,-3.049243,-2.072656,-2.765950,-3.887378,-3.353451,-3.852880,-4.858248,-5.290617,-6.437705,-5.187399,-2.234702,-1.320591,-1.828625,-4.919924,-4.525687,-4.955449,-3.838909,-2.621970,-2.952160,-5.308349,-6.407345,-7.065772,-8.254308,-7.102728,-5.717783,-4.763020,-5.194573,-5.267879,-5.823328,-6.931328,-6.044896,-5.294350,-6.059675,-6.920812,-4.324610,-3.422360,-4.015102,-5.421891,-5.811072,-6.895180,-7.046840,-6.140419,-6.137685,-6.056147,-6.813222,-6.730836,-5.337247,-5.402104,-6.223515,-6.127158,-6.119213,-6.574510,-6.778844,-7.439211,-7.030683,-5.610347,-5.797453,-6.808532,-7.638510,-7.646914,-8.067450,-7.057061,-7.335284,-6.927131,-6.703462,-5.534622,-5.693415,-5.740003,-5.794732
-4.597378,-4.088519,-4.827197,-4.195125,-4.500547,-5.553199,-4.483694,-4.360681,-4.492782,-4.824049,-4.739372,-4.796602,-5.218913,-4.446145,-4.167114,-4.873206,-5.186230,-4.450760,-4.366405,-4.165151,-5.319023,-4.250991,-6.171365,-4.562924,-4.241865,-3.875700,-3.845648,-4.567855,-4.901154,-4.896038,-4.603189,-5.274635,-5.589837,-4.509939,-4.516971,-4.151039,-5.941703,-5.287516,-3.583556,-2.626400,-2.003351,-2.364077,-3.636835,-3.287515,-3.949946,-4.505691,-5.337767,-5.346714,-6.362906,-4.860171,-4.266696,-4.713896,-5.952491,-2.079152,-1.195756,-1.754979,-4.681390,-5.975707,-4.967877,-4.334594,-3.471340,-3.166278,-2.402651,-2.122384,-2.453865,-2.695110,-2.082750,-1.253592,-0.937774,-1.228647,-1.938692,-3.071289,-4.135521,-4.560119,-4.524162,-3.597974,-3.214262,-2.750491,-2.802761,-3.771918,-5.237105,-5.477070,-4.965384,-4.615314,-4.144402,-3.072224,-2.563850,-2.757829,-3.514771,-3.783842,-4.647022,-5.034925,-5.953197,-4.434509,-4.869247,-5.723624,-6.190844,-5.734225,-6.149329,-7.549747,-5.630996,-5.464890,-6.664235,-6.767330,-10.385862,-7.912804,-6.107665,-5.242673,-5.623425,-5.301590,-5.405631,-6.381186,-6.762605,-6.810415,-6.429597,-8.464414,-6.115086,-6.087893,-6.340926,-7.168393,-6.407430,-5.756769,-5.690855,-5.954495,-6.123923,-6.361817,-7.034581,-7.660896,-7.913027,-6.093513,-5.095481,-5.290798,-5.735992,-5.628042,-6.347699,-5.675014,-6.687464,-8.767600,-7.481731,-7.614895,-6.928909,-6.383564,-6.498821,-7.288001
-4.101415,-3.990087,-4.591724,-4.282177,-4.332860,-6.036956,-4.406798,-4.587683,-4.715261,-5.250607,-4.707139,-4.662736,-5.355570,-4.318109,-4.099535,-4.993103,-5.173381,-4.782176,-5.598351,-4.387185,-4.041258,-4.015157,-5.031172,-4.978508,-4.804035,-4.487555,-4.141209,-4.453362,-5.133931,-5.446196,-5.424585,-5.744067,-4.654926,-4.315909,-4.995055,-4.407291,-4.299034,-4.144317,-3.570098,-2.928128,-2.293673,-3.656413,-3.051855,-3.449514,-3.797510,-3.544809,-3.718993,-4.017517,-4.175299,-4.043300,-3.983512,-4.174459,-3.915781,-2.284084,-1.367394,-1.862444,-3.671525,-3.834651,-3.553258,-3.235926,-2.863728,-2.683995,-2.637760,-2.628988,-2.611685,-2.507606,-2.326265,-2.238165,-2.267754,-2.494913,-2.797724,-3.367922,-4.007204,-5.006787,-5.367554,-5.897194,-6.079114,-4.384019,-3.388949,-3.831722,-6.142011,-6.836143,-6.093055,-6.659687,-6.201840,-6.966019,-6.619432,-7.632720,-6.795395,-6.554140,-7.137292,-5.839309,-4.716299,-5.018504,-7.639791,-7.627062,-7.631007,-8.152814,-8.435385,-7.475413,-10.742877,-7.903808,-6.810468,-7.341965,-8.257210,-7.730810,-7.474903,-8.047156,-8.756644,-6.437116,-5.778884,-6.350653,-7.683868,-8.630774,-7.767930,-7.749765,-8.344467,-8.551662,-8.334122,-8.341715,-7.891734,-7.938896,-8.357990,-8.478321,-9.909715,-8.794157,-8.630921,-8.171824,-8.034447,-8.392031,-8.762740,-8.406034,-9.281620,-9.296946,-8.877677,-9.516416,-8.956560,-8.796325,-8.217422,-8.499543,-9.127889,-8.838162,-8.938772,-10.059399
-3.817812,-3.832386,-5.056446,-4.311404,-4.336155,-5.392119,-4.208279,-4.360603,-4.496129,-4.764737,-4.602703,-4.698866,-6.896850,-4.289811,-4.120301,-5.416684,-4.845705,-4.687016,-5.367531,-4.495204,-3.451548,-3.649773,-4.875529,-5.610044,-5.972663,-5.183873,-4.848732,-5.869182,-4.911931,-5.059287,-6.207514,-5.004238,-4.387919,-4.509676,-4.513535,-5.097428,-4.701943,-4.017568,-3.677427,-2.783382,-2.242416,-2.455542,-3.193586,-3.666047,-3.893865,-3.798757,-4.315632,-4.558267,-5.072765,-4.405245,-4.064593,-4.399255,-4.440246,-2.361558,-1.537789,-2.122443,-4.210304,-4.556099,-4.403380,-3.936648,-3.112881,-2.157520,-1.696680,-1.978259,-3.155533,-4.510302,-3.422009,-1.082939,-0.026108,-0.324896,-2.227434,-3.646791,-5.228814,-7.419881,-7.479173,-7.072070,-7.037441,-4.731744,-3.741035,-4.152134,-6.440288,-6.924357,-6.684062,-7.338108,-7.349293,-7.572199,-7.266912,-7.865235,-7.284972,-5.947066,-5.547624,-4.079608,-2.893315,-3.222388,-5.340530,-6.581605,-7.783295,-8.813002,-8.159637,-8.580101,-7.461317,-6.993392,-7.790589,-8.890120,-8.278349,-5.516769,-4.758424,-5.390710,-8.716115,-6.702259,-6.204802,-6.929131,-9.294173,-8.729637,-8.977595,-5.771772,-4.745573,-5.120081,-7.138906,-10.254211,-9.089728,-9.081002,-8.039391,-6.368503,-5.842901,-6.525756,-9.751615,-8.745176,-8.694371,-6.478741,-5.170209,-5.401292,-7.335539,-7.982171,-7.807259,-6.900248,-6.727454,-7.887887,-8.641854,-6.624688,-5.350691,-5.573084,-7.320098,-7.522717
-3.676574,-3.646050,-5.874494,-4.295341,-4.638205,-4.635580,-4.025484,-3.924007,-4.069965,-4.398658,-4.647910,-4.859605,-5.951354,-4.357720,-4.166772,-5.526754,-4.722849,-4.367325,-4.354596,-3.750485,-3.150126,-3.505021,-4.930745,-6.261703,-5.911094,-5.427084,-5.572345,-5.873990,-5.443033,-5.129972,-5.424801,-5.048968,-4.430696,-5.889018,-4.695712,-5.150878,-5.917798,-4.253768,-4.182046,-4.547033,-2.600012,-3.081365,-3.774404,-3.900616,-3.875456,-4.607049,-4.647642,-4.473693,-4.702497,-4.408064,-4.598896,-4.684708,-4.737529,-2.433614,-1.744083,-2.280257,-4.115091,-4.305342,-4.219053,-4.252579,-4.321921,-4.040975,-5.004833,-5.933633,-5.070210,-5.524654,-3.670017,-1.330404,-0.108066,-0.383302,-2.400495,-4.067955,-4.858322,-6.480747,-6.849923,-6.641563,-7.214519,-5.090947,-4.053010,-4.513463,-7.021060,-9.048445,-7.320670,-8.735402,-8.083003,-7.245533,-8.744856,-8.696723,-8.805072,-7.257804,-7.046617,-4.423752,-3.244456,-3.550656,-5.610370,-7.453495,-8.182164,-8.627664,-8.430290,-8.330457,-8.082337,-8.068443,-8.053964,-8.487661,-8.254408,-5.440349,-4.416337,-4.819975,-7.331094,-7.238503,-6.117667,-6.611292,-8.378843,-9.279700,-8.320551,-6.750937,-5.438574,-5.706320,-7.806521,-9.234365,-8.599428,-8.293450,-8.703274,-5.765865,-5.077005,-5.768007,-9.386952,-8.040956,-8.454639,-7.413620,-5.882639,-5.977873,-7.675873,-8.799591,-9.204811,-7.860982,-7.202713,-7.919272,-8.721329,-7.137729,-5.756535,-5.918543,-7.630317,-7.700835
-3.663625,-3.499061,-4.255239,-4.229013,-5.217676,-4.215707,-4.033911,-3.712200,-3.740027,-4.386827,-4.928964,-4.831695,-6.342572,-4.343194,-4.273701,-5.190967,-4.667985,-4.280417,-4.268633,-3.356591,-3.023627,-3.736424,-4.790501,-6.790394,-7.002830,-6.197482,-6.114323,-6.715631,-5.652633,-5.677919,-5.047777,-4.920527,-4.376055,-4.752321,-4.733461,-5.063473,-5.239206,-3.951237,-3.680595,-3.156270,-2.311703,-2.350963,-2.911143,-3.061311,-3.416790,-3.710341,-3.808237,-3.902973,-3.876064,-3.578237,-3.402718,-3.446376,-3.609481,-3.077035,-1.988743,-2.403725,-3.143962,-2.881220,-2.560021,-2.151090,-1.570313,-0.973663,-0.733734,-0.952610,-1.606124,-2.293880,-2.243261,-1.443556,-0.207370,-0.442137,-2.104484,-4.589184,-4.091259,-4.333086,-3.242876,-1.445505,-0.847363,-1.069557,-2.269350,-3.071614,-3.947708,-3.972850,-3.700713,-3.830931,-4.136803,-1.470522,-0.852046,-1.228573,-2.732191,-3.748549,-4.806398,-4.387179,-3.398554,-3.719159,-5.541663,-8.373865,-6.777577,-6.853727,-5.689931,-4.454492,-3.215191,-3.211218,-4.418568,-7.351490,-6.214061,-6.389355,-6.074121,-4.784461,-4.348523,-2.449765,-1.595587,-1.841368,-3.025564,-3.442056,-3.561868,-3.710535,-4.814569,-5.965332,-6.500182,-6.644010,-8.168756,-6.953164,-5.138913,-3.800932,-3.150666,-3.716333,-5.341904,-5.747512,-6.294834,-7.037931,-5.764354,-4.634238,-4.288953,-4.174772,-3.435405,-3.848969,-6.824359,-4.025581,-2.935874,-3.298922,-5.337919,-4.228989,-3.917079,-4.831850
-3.807879,-3.417289,-3.699641,-4.092618,-4.802498,-4.021136,-4.364708,-3.683075,-3.573709,-4.449812,-5.090159,-4.727639,-5.954195,-4.345116,-4.325212,-6.514040,-4.549317,-4.569604,-5.003119,-3.294400,-3.014185,-4.363564,-4.733826,-5.404710,-5.508185,-5.223150,-5.191258,-5.077466,-4.816351,-4.657627,-4.912211,-4.860413,-4.027733,-4.908669,-4.451953,-5.343951,-5.009331,-3.584394,-3.223722,-2.888871,-2.307471,-2.362680,-3.759252,-3.379842,-4.284583,-4.106965,-4.281589,-4.584842,-4.497065,-4.343355,-3.924488,-3.768019,-3.844486,-2.767270,-2.325519,-2.596176,-3.613312,-4.014975,-4.064594,-4.350834,-5.007883,-2.315588,-3.523473,-2.386036,-3.149347,-3.342318,-3.373375,-1.689489,-0.451375,-0.737550,-2.772759,-3.824480,-4.012786,-4.025856,-3.650583,-1.625021,-0.808641,-1.060401,-2.330301,-3.372200,-3.977390,-4.292493,-4.590427,-4.640899,-4.030195,-1.548272,-0.673066,-1.235428,-4.239799,-5.812169,-5.097885,-4.341312,-3.549268,-4.106841,-7.697209,-6.330579,-7.214661,-8.101367,-7.535203,-3.817499,-3.054828,-3.464300,-5.101060,-5.510028,-6.113352,-5.798836,-5.441678,-5.612560,-6.453530,-3.369377,-2.392811,-2.847693,-5.755187,-5.079480,-3.892144,-4.257880,-5.459831,-5.925056,-6.451184,-6.894361,-6.632372,-7.393688,-6.599020,-4.484275,-3.556838,-4.029319,-6.617891,-7.658844,-7.606463,-6.505957,-5.729554,-5.195070,-5.016366,-4.759353,-3.819762,-4.253710,-7.811050,-4.359896,-3.236019,-3.587541,-5.335052,-4.769716,-4.108353,-4.559824
-4.173169,-3.398534,-3.475853,-3.954757,-4.302384,-4.014726,-5.263261,-3.719939,-3.575783,-4.461679,-4.853367,-4.623853,-5.301832,-4.488292,-4.332193,-5.301556,-4.599491,-5.502790,-6.436583,-3.380485,-2.983278,-4.095519,-5.746132,-4.720624,-4.535263,-4.418538,-4.363044,-4.490574,-4.567762,-4.533959,-4.944469,-4.748124,-3.661703,-3.517367,-3.892358,-5.407594,-4.155499,-3.033165,-2.478295,-2.308733,-3.134879,-2.552058,-2.154876,-2.593308,-2.964718,-3.113600,-3.772038,-3.787944,-3.709023,-3.815498,-3.236462,-3.024459,-4.043894,-4.112365,-3.757543,-3.636672,-2.929001,-2.750243,-2.606409,-2.457520,-1.841197,-0.979573,-0.857385,-1.471725,-1.379783,-1.313871,-1.261012,-0.556567,-0.850079,-0.877899,-1.575562,-2.224464,-3.435995,-3.799595,-3.195379,-2.186721,-2.086721,-2.917829,-3.547701,-4.617229,-4.550130,-4.902674,-5.168461,-6.589612,-4.392278,-1.537686,-0.793348,-1.429734,-4.611023,-5.072289,-5.177312,-4.441580,-4.493247,-4.730553,-4.721597,-5.268560,-5.961379,-5.693933,-5.214291,-3.799415,-3.403908,-3.979264,-5.996082,-6.627652,-6.027066,-5.684928,-5.482399,-6.217892,-7.514396,-3.411671,-2.556131,-3.075427,-4.631332,-3.586073,-3.392427,-4.202733,-6.296353,-5.684054,-5.858614,-6.568854,-7.381465,-6.013334,-5.153563,-4.498883,-4.160699,-4.788381,-7.101893,-7.501897,-6.114762,-6.016625,-5.623946,-5.683924,-6.741830,-4.635836,-3.961186,-4.447472,-5.805708,-5.626170,-4.983511,-5.092163,-5.503975,-5.018991,-4.629185,-5.243633
-4.835296,-3.429099,-3.457536,-3.936413,-4.098752,-4.193773,-4.840957,-3.717560,-3.689240,-4.734172,-4.548154,-4.486323,-5.665898,-4.581885,-4.365357,-4.983525,-4.789019,-5.173495,-5.078817,-3.365265,-2.994497,-3.575259,-4.801847,-4.196391,-4.269767,-4.572641,-4.168812,-4.462619,-5.510373,-4.609886,-6.143341,-4.448290,-3.698905,-3.474322,-3.923716,-3.917885,-3.835202,-3.193608,-3.094554,-2.874183,-2.880792,-2.782663,-2.467322,-2.808373,-3.322906,-3.785707,-4.043715,-4.431886,-5.534011,-5.101346,-4.311997,-4.191588,-4.419121,-5.561302,-5.053491,-4.590159,-4.684396,-4.717432,-4.796460,-3.709097,-2.869203,-1.897758,-1.402548,-1.628200,-2.586888,-3.373102,-2.875401,-0.681377,0.494674,0.196770,-1.837205,-3.504989,-4.224440,-6.665866,-5.883730,-3.593749,-2.627865,-3.111034,-5.696428,-5.707413,-5.631845,-5.806878,-7.651833,-5.712511,-3.803161,-2.173388,-2.109981,-3.404370,-5.699811,-6.072253,-6.273304,-4.142175,-2.975519,-3.319425,-5.658721,-6.629560,-7.291987,-7.700075,-6.977925,-6.828013,-7.215368,-7.839258,-7.528964,-7.286121,-6.853045,-5.873054,-4.802776,-5.083800,-6.661443,-5.201018,-4.330578,-4.801786,-6.616858,-7.327910,-6.098892,-6.540061,-6.568065,-7.158199,-7.020026,-7.235189,-8.146246,-8.963177,-7.940464,-5.666062,-5.377337,-6.790661,-6.894119,-7.065706,-8.243801,-6.005758,-5.210901,-5.833178,-8.512719,-7.182858,-6.508634,-5.985531,-5.580143,-7.056120,-7.959604,-4.728863,-3.403448,-3.577828,-5.383054,-7.049772
-5.209329,-3.469278,-3.648122,-4.053923,-4.166111,-4.590501,-4.339835,-3.654423,-3.900149,-5.466212,-4.607639,-4.385118,-5.536845,-4.716389,-4.372297,-6.177133,-4.713561,-5.097873,-4.618127,-3.453983,-3.219279,-3.523066,-4.027378,-3.931943,-4.381896,-5.223408,-4.566082,-4.669635,-4.537977,-4.447465,-4.508230,-4.630030,-4.086584,-3.456928,-4.036496,-3.358944,-3.981488,-3.627774,-5.060545,-3.669772,-3.392188,-3.478853,-2.403671,-2.363896,-2.387109,-2.877146,-3.468025,-3.788906,-3.988979,-4.130934,-3.875367,-3.541347,-3.588252,-3.679602,-4.459530,-5.046880,-4.501383,-4.253390,-4.180538,-4.707568,-6.913797,-4.192918,-3.955816,-4.489046,-3.164219,-3.081887,-2.312369,-0.974148,0.359971,0.127555,-1.627446,-3.325143,-4.199080,-4.910605,-5.385064,-3.413220,-2.698045,-3.270631,-4.276420,-4.803519,-5.802083,-5.512187,-5.327966,-6.373046,-6.085382,-4.452316,-4.398061,-5.476295,-7.447230,-8.346854,-7.526158,-4.253319,-3.192463,-3.483906,-5.031914,-6.193582,-6.601845,-6.152405,-6.197342,-6.745231,-5.612354,-5.869998,-6.704261,-7.154887,-6.960892,-6.228007,-4.882523,-5.120776,-6.596833,-4.807978,-4.157650,-4.690754,-5.859637,-6.599520,-5.978068,-6.130055,-5.939526,-6.195385,-8.342744,-7.320038,-6.606636,-6.374193,-6.672729,-5.638436,-5.128716,-5.858947,-8.528255,-7.645632,-7.686930,-6.081826,-4.783776,-4.871422,-6.022287,-7.135643,-7.147654,-6.300027,-5.984657,-6.458746,-7.560467,-4.900134,-3.647183,-3.873854,-5.872150,-8.005818
-4.681462,-3.469710,-4.069545,-4.203352,-4.693765,-4.960664,-4.214718,-3.615561,-4.196961,-6.185555,-4.958258,-4.289396,-5.062632,-4.986113,-4.421659,-5.234466,-4.690405,-4.949487,-4.557815,-3.729033,-3.866962,-3.888296,-4.240723,-3.995309,-4.534426,-4.785313,-4.729993,-4.828336,-4.153421,-4.768791,-4.818750,-4.365142,-3.822818,-3.536547,-3.411345,-3.395713,-3.400541,-3.419595,-3.238803,-2.557906,-2.013613,-1.829014,-1.773706,-1.726699,-2.032828,-2.713874,-2.831316,-3.068778,-3.136431,-2.925714,-2.654181,-2.523588,-2.542158,-1.839117,-1.498417,-1.718249,-2.354963,-2.643855,-2.735315,-2.718519,-2.362050,-1.770609,-1.258679,-1.071029,-1.207501,-1.367264,-1.270567,-1.354898,-1.609461,-1.185041,-3.033607,-4.680908,-4.385538,-4.679908,-5.379050,-4.580401,-4.404163,-3.161292,-2.661012,-3.068414,-4.633481,-5.776357,-5.222143,-5.191588,-5.635461,-5.885870,-6.059902,-5.401646,-5.815223,-5.097726,-5.032060,-7.529095,-5.603347,-4.976581,-4.673874,-5.052425,-5.992907,-7.295682,-6.350884,-4.875471,-4.779729,-5.034782,-4.318490,-4.690895,-5.580094,-5.880129,-6.051495,-5.747543,-6.165298,-5.917604,-5.621311,-5.459145,-5.571712,-6.696227,-6.139393,-6.373023,-6.657309,-6.987525,-7.074633,-6.919344,-6.202995,-4.926059,-5.064737,-5.210084,-4.735748,-5.594919,-8.026585,-7.386633,-6.819378,-5.746690,-5.640389,-7.301434,-6.628263,-6.589784,-6.100688,-6.591466,-7.360982,-6.941851,-6.883570,-6.971218,-6.359318,-7.011505,-6.588346,-6.084030
-4.305619,-3.463592,-4.261817,-4.248272,-5.867294,-4.427341,-3.930445,-3.708060,-4.498969,-5.749037,-4.946741,-4.273304,-4.777995,-4.875023,-4.379871,-5.190830,-4.688324,-4.528279,-4.211999,-4.269699,-5.345456,-4.655551,-6.118358,-4.380366,-4.787749,-5.091396,-4.397227,-4.138926,-4.261087,-5.871845,-5.971175,-4.922095,-4.330036,-4.585796,-4.264844,-4.673120,-4.395977,-4.710263,-3.706349,-2.709311,-1.972186,-2.222044,-3.314421,-2.920005,-2.602938,-3.590745,-4.469828,-7.676194,-8.166093,-4.881854,-4.450558,-5.642313,-6.251682,-2.191701,-1.376224,-1.968160,-4.516775,-7.220061,-6.118166,-5.749106,-4.874213,-3.529076,-3.306211,-3.785924,-4.104095,-4.653243,-5.268085,-1.839784,-1.005124,-1.554849,-4.504086,-5.532073,-6.005469,-6.183700,-6.403798,-6.624358,-5.849277,-3.373402,-2.406946,-2.902794,-5.722825,-6.260320,-5.769397,-5.751654,-7.120733,-7.229092,-6.841266,-6.307179,-6.047659,-6.114852,-6.525151,-7.142814,-5.750042,-6.221178,-6.999245,-6.580617,-6.481030,-6.534612,-7.714828,-5.722806,-5.078496,-7.200355,-4.716762,-5.133226,-6.459381,-6.501195,-6.978627,-6.473980,-6.929613,-5.460466,-4.745917,-5.949361,-5.478288,-6.659746,-7.430219,-7.417805,-7.649615,-7.180954,-7.011721,-7.901256,-8.050456,-6.215492,-5.678937,-6.259745,-6.655460,-7.389639,-7.073596,-7.170747,-7.739953,-8.401439,-7.084772,-7.181044,-8.121927,-6.687817,-5.888279,-6.706918,-8.200650,-7.691370,-7.236951,-7.899559,-7.400317,-6.886705,-7.706721,-8.697901
-4.030779,-3.506724,-3.978984,-4.076593,-4.174620,-3.857073,-3.534096,-3.873065,-4.927286,-5.069802,-4.677855,-4.428288,-4.602101,-4.411180,-4.282511,-6.580662,-4.903318,-4.232884,-4.044293,-4.919647,-4.931343,-4.877228,-5.925207,-4.783238,-4.780674,-4.894426,-4.661364,-4.318594,-4.350089,-5.628134,-6.167507,-6.441607,-5.147797,-5.041992,-5.477957,-5.890784,-6.204119,-5.457546,-5.108058,-3.624525,-2.754159,-3.240744,-5.239276,-3.671695,-2.952387,-3.937581,-4.894076,-5.500327,-5.850005,-5.156515,-4.766613,-4.078912,-3.472729,-2.386072,-1.823451,-1.883923,-2.764161,-3.248458,-3.454919,-3.411289,-3.373530,-3.351380,-3.709546,-4.023694,-4.054905,-4.078630,-4.555624,-2.045604,-1.159350,-1.701394,-4.867578,-5.067132,-6.185077,-6.148463,-5.787658,-5.566233,-5.579040,-3.235227,-2.506463,-2.896844,-4.933832,-4.801290,-6.861886,-6.068907,-6.185159,-6.711505,-6.387457,-6.622933,-6.341208,-6.618581,-7.137045,-6.139822,-7.289023,-6.386608,-6.297930,-7.156357,-7.260132,-7.234115,-7.450560,-6.113172,-5.313674,-5.034081,-5.009839,-5.496854,-6.387080,-7.489289,-6.934167,-6.658926,-7.250156,-4.939276,-4.205243,-4.732200,-5.821328,-6.716162,-8.319939,-7.294808,-6.935843,-7.269232,-7.453607,-8.582019,-7.643559,-6.361632,-6.214194,-7.251791,-8.012170,-7.862910,-7.335264,-7.389493,-8.678589,-9.343575,-7.180736,-7.003651,-7.635536,-8.407210,-7.630506,-7.757435,-8.895072,-8.825461,-8.054605,-8.195312,-7.757315,-7.734769,-7.919023,-7.832723
-3.849698,-3.608632,-3.901681,-3.825125,-3.629729,-3.480864,-3.341176,-3.852881,-4.861619,-4.480109,-4.647636,-4.807565,-4.796443,-4.156998,-4.137443,-5.224723,-5.761915,-4.330887,-3.944099,-5.378826,-4.450549,-4.674486,-5.541677,-4.759579,-5.717473,-4.587030,-5.973000,-5.015574,-4.824056,-4.538449,-5.012118,-4.769389,-4.188658,-4.608808,-5.019774,-4.786200,-4.489280,-3.956605,-3.861472,-3.518838,-3.392039,-5.007440,-4.015633,-3.566384,-3.075614,-3.600585,-6.363557,-5.854866,-5.728821,-6.093471,-4.900441,-4.792959,-5.421871,-5.828007,-4.119057,-2.953831,-2.873960,-4.234764,-5.026327,-4.472777,-4.382848,-4.177448,-3.926863,-4.345819,-4.228486,-4.248134,-4.587463,-2.260744,-1.283717,-1.754842,-4.309879,-5.478202,-6.542927,-7.417405,-6.938088,-6.634924,-6.490979,-6.772591,-6.314688,-6.569883,-6.475647,-6.760643,-7.346414,-7.338462,-9.670490,-7.497209,-7.499350,-7.935779,-9.219159,-7.983694,-8.858477,-7.258857,-6.359660,-6.487934,-7.523607,-9.344004,-8.403170,-8.389179,-8.882995,-6.892989,-6.259449,-6.831602,-8.272019,-10.287253,-8.223440,-8.479994,-7.643834,-7.790850,-8.950255,-5.332705,-4.606304,-5.201776,-6.750092,-8.318776,-7.844163,-8.389163,-7.909313,-7.653924,-8.189860,-8.336412,-8.781648,-8.313570,-8.363545,-8.734145,-9.045642,-10.008571,-9.476824,-8.450218,-8.900250,-8.551962,-8.520750,-8.697007,-8.447803,-9.356391,-7.736048,-8.621890,-7.883004,-8.033349,-8.333338,-8.471094,-8.331696,-8.960858,-8.704089,-8.843785
-3.752514,-3.761014,-4.119806,-3.674782,-3.427728,-3.289947,-3.384189,-3.745035,-4.201220,-4.240712,-4.915999,-5.389092,-5.622102,-4.187201,-4.011118,-4.662307,-5.520892,-4.748627,-4.018848,-3.890763,-3.951120,-5.212817,-4.812506,-4.364625,-4.577758,-4.150095,-4.346725,-4.857476,-4.820678,-4.593764,-4.403687,-4.101948,-3.764653,-3.754952,-3.780342,-3.523815,-3.199163,-2.676168,-2.050329,-1.577808,-1.311954,-1.121640,-0.924009,-0.875888,-0.893454,-1.166809,-1.804675,-2.584238,-3.171131,-3.247791,-3.455199,-3.795298,-4.249367,-4.518419,-4.974816,-4.180323,-6.130581,-3.270754,-3.024497,-3.362776,-3.810082,-3.783579,-3.707105,-3.720709,-3.337862,-3.194715,-2.721505,-2.079980,-2.067816,-1.730368,-2.819968,-4.009081,-4.802985,-5.073826,-5.030365,-5.144557,-5.679787,-5.357830,-5.608771,-6.590449,-6.200230,-6.454490,-6.547949,-6.223817,-6.560865,-5.792532,-5.354763,-5.369001,-5.871961,-5.694618,-5.939285,-5.769372,-5.655597,-5.999703,-7.380878,-6.944472,-6.204367,-6.605210,-6.645245,-5.999924,-5.951377,-6.835784,-7.354049,-7.888931,-7.024427,-6.794456,-6.104963,-5.926200,-6.534134,-5.315653,-4.772252,-5.554690,-9.893058,-8.382988,-7.611636,-7.492302,-8.686145,-7.993631,-7.521501,-7.621518,-8.286798,-8.097224,-8.537043,-9.416676,-7.898896,-7.644635,-9.301019,-7.931291,-7.535484,-8.597746,-7.366181,-7.386563,-8.131976,-7.343345,-6.716640,-7.150532,-8.750773,-8.828491,-7.891055,-7.633668,-7.100564,-7.616673,-8.943299,-8.713458
-3.743202,-3.956037,-4.616310,-3.712778,-3.414191,-3.299146,-3.634749,-3.782252,-3.855349,-4.265165,-5.621963,-7.120356,-7.253918,-4.312953,-4.055636,-4.611202,-4.783608,-5.135887,-4.203129,-3.335175,-3.500182,-4.652004,-4.716144,-4.257211,-4.059896,-3.892406,-4.070307,-4.994607,-4.755782,-6.388266,-4.652742,-4.465966,-4.218058,-3.900568,-3.931125,-3.731201,-3.398528,-2.874843,-2.241247,-1.365559,-0.783962,-0.781844,-1.154689,-0.269014,0.091322,-0.430200,-2.206861,-3.261621,-3.640857,-3.634370,-3.595580,-3.994450,-5.039589,-6.746274,-5.367557,-4.776430,-4.960720,-3.987108,-3.068936,-3.510953,-4.609874,-3.931788,-3.186461,-3.011927,-3.849057,-5.267891,-3.786098,-1.901014,-0.924858,-1.303796,-3.375157,-4.595608,-6.137204,-5.939525,-5.751906,-6.104489,-5.804513,-5.362159,-5.652394,-5.996625,-6.137377,-4.298066,-3.957446,-4.901797,-7.549466,-6.539385,-6.263172,-6.948946,-6.160765,-5.881837,-5.602874,-5.793337,-4.687159,-5.051312,-6.640025,-7.184373,-10.387938,-7.090852,-8.141261,-4.380248,-3.844749,-4.731658,-6.424080,-6.669675,-6.895922,-6.872398,-7.037475,-6.806748,-7.794550,-5.862784,-4.946296,-4.496799,-4.456626,-6.312104,-5.729859,-6.704774,-6.320678,-6.847327,-6.382741,-6.069746,-6.348940,-6.231051,-6.175339,-6.398873,-6.424329,-7.072278,-6.770415,-6.813118,-7.187632,-7.533719,-6.605377,-6.518079,-6.622885,-6.382042,-6.149507,-6.297193,-7.119155,-7.340523,-6.440620,-5.619395,-6.444001,-6.155141,-6.406150,-8.109880
-3.814754,-4.118015,-4.915856,-3.969191,-3.558661,-3.525183,-4.048557,-4.099570,-3.744884,-4.453752,-6.455468,-6.479798,-5.718676,-4.328176,-4.299489,-5.036193,-4.638205,-4.786427,-4.154774,-3.194138,-3.126646,-4.024800,-6.232998,-4.345444,-4.353542,-4.268518,-4.001523,-5.001959,-4.516842,-4.767661,-5.537586,-5.652915,-6.042999,-4.644144,-5.417829,-5.209550,-4.530491,-4.277819,-4.258094,-2.300440,-1.455251,-1.810947,-3.446381,-0.679591,0.103885,-0.491303,-3.575949,-4.050825,-4.910418,-4.752315,-5.746837,-5.818525,-5.274824,-5.803174,-5.774852,-5.430123,-6.099518,-4.008825,-3.437820,-3.827818,-5.339804,-5.155548,-5.004991,-4.698498,-5.333053,-5.188783,-4.548942,-2.007732,-1.095326,-1.612110,-4.209662,-6.280042,-5.582488,-6.027411,-6.260736,-6.143356,-6.078896,-6.674337,-7.705461,-6.954150,-6.534745,-5.209630,-4.517801,-5.139999,-6.205551,-6.857543,-7.565266,-7.278023,-7.384486,-8.302695,-7.203251,-6.019853,-4.905312,-5.364763,-8.098112,-7.744225,-7.349714,-8.043155,-8.031818,-5.296171,-4.613926,-5.311474,-9.930357,-11.702503,-8.831933,-6.862694,-5.969007,-6.442898,-9.217531,-5.957035,-5.130749,-4.729902,-4.761698,-5.835382,-9.103397,-7.957778,-6.926417,-6.822793,-7.513129,-8.831457,-7.068046,-7.233667,-10.318055,-7.354003,-6.554978,-7.162747,-9.027963,-8.225942,-8.204224,-7.913357,-7.628347,-7.636310,-7.745527,-7.331861,-7.177046,-8.561954,-8.909901,-8.692864,-7.611410,-7.173408,-8.041988,-8.742080,-8.293147,-8.477360
-3.943178,-4.235178,-4.612289,-4.393094,-3.883416,-4.030129,-4.414562,-4.466059,-3.812836,-4.720911,-6.089326,-6.202459,-5.151607,-4.433309,-4.651637,-7.346903,-4.757091,-4.854200,-4.213645,-3.421812,-2.889002,-3.607260,-4.845345,-5.160094,-4.944314,-4.986684,-4.274295,-4.270298,-4.211362,-4.661611,-5.906380,-5.176239,-4.966382,-5.066835,-4.700652,-4.462670,-4.343231,-4.118618,-3.313551,-3.976360,-2.205754,-2.123180,-2.549517,-0.907657,-0.026253,-0.629076,-4.915985,-3.588989,-4.288927,-3.859497,-3.729099,-3.789051,-3.990288,-4.275376,-4.176452,-3.772856,-3.377429,-3.201861,-3.056754,-2.685003,-2.056071,-1.457858,-1.143772,-1.155550,-1.409557,-1.599821,-1.366308,-0.529525,-0.473139,-0.857287,-1.312772,-2.710220,-3.647988,-4.309022,-4.382512,-4.414557,-4.638853,-5.117579,-5.655780,-6.804497,-6.179436,-5.052453,-4.482224,-5.272160,-5.592253,-4.970173,-5.056654,-5.149906,-5.424555,-5.402961,-4.919950,-4.285782,-3.853273,-4.453216,-6.368974,-5.503550,-5.640311,-5.825792,-6.504093,-6.045178,-4.780875,-4.853211,-5.569716,-6.349197,-6.880060,-6.151046,-4.888023,-4.826985,-5.558734,-6.430943,-6.166750,-5.701184,-5.443749,-6.221481,-5.400457,-5.486838,-5.862384,-5.388985,-6.282666,-7.281028,-6.608582,-5.882542,-6.593602,-5.078708,-5.606385,-6.475618,-5.458704,-5.338288,-5.930147,-5.907813,-4.515166,-4.536287,-6.027013,-7.117526,-7.052064,-6.274353,-6.276644,-6.858973,-6.719677,-5.618004,-4.550711,-4.731511,-6.231782,-6.156469
-4.082355,-4.306154,-4.599232,-4.753056,-4.145730,-4.747837,-4.425300,-4.161931,-4.053334,-5.028803,-6.082932,-5.870845,-4.882941,-4.735855,-5.175319,-5.244632,-4.762455,-6.511779,-4.122782,-3.749875,-2.748802,-3.236382,-4.674404,-5.092880,-4.808139,-5.053427,-4.781772,-5.054008,-4.330953,-4.481689,-5.247250,-4.797328,-5.047823,-5.940722,-5.377440,-4.819774,-5.552788,-4.669495,-4.228824,-3.198406,-2.392801,-2.695432,-3.288973,-0.860706,-0.083397,-0.657466,-3.434955,-4.546297,-5.271196,-5.761849,-5.318939,-5.396818,-5.482603,-7.408727,-5.742882,-6.720616,-6.185308,-4.961201,-4.131607,-5.407716,-4.170650,-3.035475,-2.543009,-2.703899,-3.593669,-4.733107,-3.379513,-1.076815,0.158584,-0.118114,-2.135265,-3.731477,-4.928267,-6.116637,-6.859616,-7.108727,-6.950887,-7.517808,-7.973262,-7.632390,-7.361262,-5.463915,-4.873973,-5.514046,-7.082020,-7.265663,-7.598101,-7.727841,-8.335177,-7.870593,-7.478338,-4.654841,-3.624553,-4.023750,-6.379423,-7.068226,-7.483218,-7.764244,-7.990295,-6.164824,-5.398671,-6.020888,-8.509203,-8.752753,-7.878418,-6.334491,-5.066855,-5.331894,-7.500077,-6.377851,-5.525723,-5.688250,-5.515795,-6.718084,-6.919130,-5.930935,-4.727242,-5.142128,-8.202768,-7.639781,-8.564903,-8.514756,-8.455194,-4.573044,-3.981067,-4.751613,-9.281175,-9.006539,-7.855998,-5.583010,-4.377444,-4.657964,-6.628848,-8.426899,-7.616699,-6.627381,-6.638925,-8.089468,-8.046853,-6.210192,-4.882133,-5.098350,-6.781027,-6.588956
-4.211498,-4.388093,-4.972204,-4.600554,-4.025241,-4.201566,-4.125500,-4.035303,-4.399658,-5.080027,-6.085341,-5.889007,-4.848145,-5.271176,-5.983223,-5.229115,-4.958668,-4.645020,-3.823424,-3.127423,-2.678726,-3.318552,-4.377407,-4.725319,-5.570319,-5.065135,-4.844276,-4.737630,-4.331441,-5.007542,-4.695061,-4.994485,-5.820296,-4.768958,-4.814772,-4.535483,-4.304657,-4.381592,-3.899115,-3.199787,-2.988735,-3.900347,-2.925467,-0.988848,-0.136049,-0.741687,-4.924092,-3.865108,-4.405120,-4.684562,-4.697355,-4.661082,-4.685529,-5.042853,-5.064363,-4.711263,-4.607073,-4.684314,-4.470305,-3.887538,-4.369600,-4.191658,-4.409918,-4.450615,-4.846300,-4.501567,-3.504594,-1.043118,0.159271,-0.150156,-2.251103,-3.701518,-4.791353,-7.644140,-6.614661,-6.902644,-7.047610,-7.618876,-8.129462,-7.554272,-8.329484,-5.957977,-5.247679,-5.885705,-7.284502,-7.411910,-7.575179,-8.149315,-8.258439,-7.836623,-7.003251,-4.737382,-3.671082,-4.061411,-6.421812,-7.427606,-7.318330,-7.130021,-7.381703,-6.449590,-5.796025,-6.513556,-8.669523,-9.415268,-8.578353,-5.905588,-4.892561,-5.263778,-7.851083,-6.153054,-5.455900,-5.451281,-5.870079,-7.279457,-8.342981,-5.988306,-4.937584,-5.314156,-7.312633,-9.247396,-8.731670,-9.542464,-9.287663,-5.286970,-4.712560,-5.514437,-7.691033,-7.969501,-7.703260,-5.878554,-4.641032,-4.916225,-6.841353,-8.677525,-7.554953,-7.035433,-7.133105,-7.723427,-8.790336,-6.274159,-5.081299,-5.334948,-7.325428,-6.864825
-4.421926,-4.468788,-5.121931,-4.335745,-3.896307,-3.721857,-3.754397,-4.272723,-4.776340,-4.928753,-5.675910,-7.051576,-4.714616,-5.664114,-6.866816,-5.393257,-5.777613,-4.341821,-3.638457,-2.833501,-2.708804,-3.822669,-4.572675,-4.885096,-5.485969,-4.483716,-4.060442,-4.167127,-4.382604,-4.825006,-4.583253,-4.906152,-5.269759,-4.976912,-4.694042,-4.685488,-4.341980,-4.055272,-3.577235,-2.804020,-2.380266,-2.394917,-2.887755,-0.917396,-0.179509,-0.778868,-3.587137,-3.929498,-4.517456,-4.117277,-3.914354,-4.100165,-4.540919,-4.982945,-4.652480,-4.284346,-3.898640,-3.453191,-3.793835,-3.535313,-2.660697,-1.977232,-1.629599,-1.810938,-2.478179,-3.024786,-2.756450,-1.155799,0.121693,-0.152055,-2.034430,-3.514811,-6.598938,-5.273860,-4.024387,-1.946185,-1.307498,-1.701693,-3.386434,-4.274531,-5.517080,-6.848198,-5.081853,-5.287033,-7.516769,-7.774692,-7.023927,-7.107367,-7.627172,-7.271556,-6.490169,-5.030432,-3.900180,-4.290967,-6.906668,-6.874136,-7.227922,-7.076381,-6.807086,-4.393825,-3.745228,-4.324013,-6.759072,-7.604730,-8.357514,-6.000907,-4.997500,-5.344959,-9.071815,-6.399268,-5.522404,-6.211422,-5.744312,-4.568317,-3.409959,-3.773803,-5.016393,-5.808229,-7.074714,-7.813698,-8.930851,-7.439256,-6.964130,-5.647073,-5.187899,-6.041426,-7.728521,-7.832583,-7.356691,-5.803149,-4.904828,-4.114407,-3.658607,-4.619904,-7.668852,-8.507696,-7.435253,-4.866738,-3.927783,-4.516209,-5.515009,-5.532550,-7.601151,-6.704808
-4.892859,-4.447234,-4.460487,-4.254567,-3.962052,-3.438296,-3.539474,-4.731908,-5.413508,-4.875107,-5.442996,-5.585596,-4.488358,-4.723164,-5.205470,-4.976803,-5.532417,-4.523623,-3.802206,-2.951194,-2.826901,-4.003959,-5.817956,-5.824444,-4.906856,-4.088260,-3.768614,-4.248002,-5.053498,-4.079219,-4.362550,-6.336993,-5.058274,-5.941329,-4.626275,-4.578627,-4.219298,-4.005339,-4.312722,-3.130391,-2.879064,-2.292983,-3.479183,-1.088945,-0.239555,-0.898876,-3.932763,-5.237361,-4.353468,-4.617423,-4.744466,-4.494022,-4.519279,-4.612417,-4.495973,-4.223112,-4.866869,-4.293814,-3.894659,-4.259172,-5.723135,-3.987907,-4.340352,-3.850199,-6.776964,-4.314261,-3.557236,-1.089346,0.034445,-0.302108,-2.428711,-4.079146,-5.004398,-6.040948,-5.078098,-2.148986,-1.263320,-1.781688,-4.499651,-5.673191,-7.210088,-6.218514,-5.238196,-5.693623,-9.268377,-7.435640,-8.708720,-7.962925,-7.527752,-8.010034,-8.557751,-5.058865,-3.998925,-4.335208,-6.288311,-7.942050,-7.093081,-7.143092,-8.039077,-4.608338,-3.896443,-4.561502,-7.543683,-9.281548,-8.726458,-6.321596,-5.267559,-5.647982,-8.258488,-6.450820,-5.802094,-6.549520,-6.940007,-4.437089,-3.482054,-3.863623,-5.125433,-5.881612,-7.670883,-9.633841,-7.978128,-7.946709,-8.519360,-5.510137,-4.794735,-5.490977,-8.340706,-7.677645,-7.620205,-6.163265,-4.935294,-6.087317,-4.574862,-5.423649,-8.281880,-7.847795,-9.299365,-5.816096,-4.769367,-4.980899,-5.403360,-5.763205,-7.814947,-6.833675
-5.596600,-4.352771,-4.050344,-4.262325,-4.245487,-3.274658,-3.473232,-4.945528,-6.263973,-4.860987,-5.661682,-5.320652,-4.243544,-4.103212,-4.460866,-4.973512,-4.711337,-4.958949,-4.187208,-3.545209,-2.947585,-3.836670,-5.747775,-5.450110,-4.583246,-4.044041,-4.224117,-4.094504,-4.276826,-4.299563,-4.420510,-5.053380,-5.604262,-4.866328,-4.304460,-4.055988,-3.874532,-3.732941,-3.193419,-2.661892,-2.293242,-1.842090,-2.182967,-0.909657,-0.263426,-0.874691,-3.091521,-3.689572,-3.317648,-3.230606,-3.064577,-3.021852,-3.157582,-3.261513,-3.061672,-2.525125,-1.742790,-0.729489,-0.313253,-0.374719,-0.708636,-0.799875,-0.862476,-1.202293,-1.900318,-2.863415,-2.753676,-1.334029,-0.164906,-0.511315,-2.689691,-4.363864,-4.848339,-6.639532,-5.126236,-2.204856,-1.319034,-1.844540,-4.790032,-4.456830,-4.263397,-3.248363,-2.971785,-3.297681,-4.433836,-4.632245,-4.640579,-4.890717,-5.352439,-6.084133,-7.404377,-5.038331,-3.969932,-4.184228,-5.167852,-4.887288,-4.636513,-5.146875,-6.192038,-4.842944,-4.123258,-4.930787,-6.468405,-6.367963,-6.781505,-5.136073,-4.385154,-4.811790,-6.264914,-6.143051,-5.586626,-5.702165,-5.509152,-4.864343,-3.651972,-4.013473,-5.360786,-5.941052,-6.151140,-6.156076,-5.953708,-6.627908,-7.163787,-6.487199,-5.871801,-6.828286,-6.743006,-6.370397,-6.958607,-5.691124,-4.641921,-4.692308,-4.883077,-5.942147,-6.347363,-6.429839,-8.635960,-5.905051,-4.826701,-5.336755,-5.833633,-5.455081,-6.212108,-8.614540
-4.775425,-4.248988,-3.916163,-4.227291,-4.293544,-3.235022,-3.491228,-4.844064,-6.028980,-4.840789,-5.340237,-4.995964,-4.217182,-3.834536,-3.970452,-5.479269,-4.294784,-4.266754,-4.122621,-3.996962,-3.103136,-3.616789,-4.971787,-5.844227,-4.331187,-4.106064,-4.942422,-4.294609,-4.479461,-5.071712,-4.891759,-4.642930,-5.770138,-5.420514,-4.412608,-5.472041,-4.118588,-5.105976,-4.470035,-2.847050,-2.150366,-2.021543,-3.271723,-1.208046,-0.379203,-1.014042,-5.237908,-4.855760,-6.517056,-5.589768,-4.462971,-4.816145,-5.688118,-5.981028,-5.223105,-4.879547,-3.716846,-0.840711,-0.038199,-0.626871,-3.049329,-2.671563,-2.410126,-2.622950,-3.578181,-5.168325,-3.986641,-1.616811,-0.475100,-0.790093,-2.854242,-4.388032,-5.639305,-6.018252,-5.031736,-2.296069,-1.387330,-1.895593,-4.589211,-5.844201,-5.634523,-3.806397,-2.850710,-3.290282,-5.638566,-7.120256,-7.617434,-7.847038,-8.609082,-7.926542,-7.698604,-5.239159,-4.087800,-4.422992,-6.417702,-6.361786,-5.184812,-5.357727,-7.506496,-5.012671,-4.260638,-4.913864,-8.546223,-8.502999,-8.159678,-8.512728,-5.714235,-5.725875,-7.596201,-6.394392,-5.863007,-6.446364,-6.775861,-4.478680,-3.548535,-3.995067,-5.583038,-6.457167,-9.321510,-8.355639,-8.073643,-11.825687,-9.073379,-7.943724,-7.008955,-6.997195,-6.617744,-7.766839,-7.846589,-6.415295,-5.241597,-5.109092,-4.363217,-5.248956,-6.410887,-6.009241,-7.019306,-5.620863,-4.591224,-4.958324,-5.906960,-6.208787,-7.846640,-7.913415
-4.257897,-4.229524,-4.020725,-4.119775,-3.982945,-3.321514,-3.564948,-4.882754,-6.020106,-4.753654,-4.833677,-4.618410,-4.519283,-3.856712,-3.659729,-4.335757,-4.005222,-3.691480,-3.661537,-3.500535,-3.498703,-3.550767,-4.373953,-5.528092,-4.249892,-3.856728,-4.017797,-4.813043,-5.155244,-4.811247,-4.899123,-4.999849,-4.659997,-4.750879,-4.197398,-3.895410,-3.725813,-3.533180,-3.232928,-2.728729,-2.703084,-1.988618,-2.655894,-1.267268,-0.519216,-1.165139,-3.653870,-3.845557,-3.908508,-3.850581,-3.983851,-4.144069,-4.292101,-4.267328,-4.155242,-3.829035,-4.655620,-1.080217,-0.308508,-0.984671,-2.434375,-2.039883,-1.882785,-1.925475,-2.081203,-2.267622,-2.416315,-2.794285,-1.098187,-1.050475,-2.524912,-2.890813,-3.265918,-3.410723,-3.328536,-2.034642,-1.425693,-2.339896,-3.009638,-3.263071,-3.454027,-3.834520,-3.574207,-3.491790,-4.353292,-4.401395,-4.527845,-4.834739,-5.152266,-5.319810,-5.485991,-5.135159,-4.168280,-4.310480,-7.323906,-6.438824,-4.997221,-5.590477,-7.144947,-5.281002,-4.603882,-5.193679,-10.003003,-7.604295,-8.146018,-6.054765,-4.999780,-5.341665,-7.527078,-6.668936,-6.012413,-6.676818,-7.484310,-4.603569,-3.649227,-4.113105,-5.845339,-6.570795,-9.749218,-9.040311,-8.074189,-7.879068,-8.867680,-6.796339,-6.163862,-6.688129,-7.218709,-9.121846,-7.573847,-6.833216,-5.438092,-6.069591,-4.956403,-5.800459,-6.596118,-6.733636,-8.251688,-5.864953,-4.733145,-5.033829,-5.944869,-6.536204,-8.025056,-7.673861
-4.023541,-4.368044,-4.342606,-4.000911,-3.875507,-3.526927,-3.680986,-5.307614,-5.343397,-4.819479,-4.671416,-4.426434,-5.219679,-4.037665,-3.553934,-3.881712,-3.918987,-3.838720,-3.372578,-3.327114,-5.117869,-3.584725,-4.684241,-4.845161,-4.240290,-3.990967,-4.025000,-4.500587,-5.224699,-5.046700,-5.524382,-6.241251,-4.769821,-4.410877,-4.238723,-4.104601,-4.183413,-3.836656,-3.346615,-2.625736,-1.974177,-1.843512,-2.781551,-1.369080,-0.632685,-1.256571,-3.592865,-4.887746,-5.117239,-4.396418,-4.336103,-4.440350,-5.033829,-6.452528,-5.375113,-4.633879,-4.289380,-1.558669,-0.610638,-1.144992,-3.287095,-1.811707,-1.303059,-1.574814,-2.756682,-4.757407,-4.569098,-4.260010,-1.884201,-1.976336,-3.821555,-5.549477,-5.987122,-5.821210,-6.080595,-2.465911,-1.527189,-2.028956,-4.778893,-4.836930,-3.399057,-2.859645,-3.140267,-4.587651,-5.693017,-5.456799,-5.467162,-4.841412,-4.968860,-4.942985,-6.040809,-2.464729,-1.703895,-2.337295,-5.402949,-7.608771,-5.162204,-5.557356,-7.257946,-5.834847,-5.456486,-6.213335,-7.640285,-8.056351,-7.849622,-6.191913,-5.831784,-6.407179,-7.306014,-6.061766,-6.124661,-6.715100,-6.457256,-5.131302,-3.972941,-3.325368,-2.732467,-3.293473,-5.728920,-7.414911,-6.894299,-8.025105,-8.127309,-6.208042,-5.556577,-6.166694,-7.562236,-6.605385,-5.874459,-2.792058,-1.840814,-2.279832,-4.419144,-7.253012,-6.914585,-7.121205,-8.426525,-6.785043,-4.941355,-2.655477,-1.737990,-2.260772,-4.997112,-6.203698
-3.956677,-4.813620,-4.941583,-3.970692,-4.003005,-3.820834,-3.804808,-5.748324,-5.088822,-4.885302,-4.940448,-4.428056,-5.369961,-4.176899,-3.586183,-4.054315,-4.106630,-4.509063,-3.550906,-3.163639,-3.611845,-3.651796,-5.035070,-4.976302,-4.643215,-4.840196,-4.624184,-4.765379,-5.657139,-5.151988,-5.432090,-4.892468,-4.320953,-5.336534,-4.488556,-4.943731,-4.263529,-3.801611,-3.358557,-4.032707,-3.268893,-1.750453,-1.635672,-0.923427,-0.949291,-1.881631,-3.047669,-4.078196,-4.653634,-5.199215,-4.902886,-5.471394,-5.626825,-5.298241,-5.722733,-4.997596,-4.397283,-1.832096,-0.942529,-1.442899,-3.800096,-4.653179,-3.482826,-4.038277,-3.415167,-2.457489,-2.049218,-1.450000,-1.205059,-1.887107,-3.796519,-3.540675,-4.446481,-5.918930,-5.521321,-2.495670,-1.604228,-2.102432,-4.419335,-5.070776,-4.773994,-5.023564,-3.920835,-4.475360,-7.494006,-7.018773,-7.019463,-6.091410,-4.978450,-4.380524,-3.772142,-2.404500,-1.374279,-1.789845,-3.953631,-5.276370,-5.306593,-5.272239,-5.007118,-5.271435,-5.569739,-5.295436,-5.628118,-5.418180,-5.059837,-4.893200,-4.951673,-5.443171,-6.045143,-6.393182,-6.012592,-5.978211,-6.357710,-5.108185,-4.149369,-3.999791,-3.746108,-4.226408,-5.787922,-6.106320,-5.890052,-6.247964,-6.972453,-5.921974,-5.623302,-6.695754,-5.968787,-5.767486,-5.769695,-2.879381,-1.967448,-2.434718,-4.342689,-5.564360,-6.032528,-6.440530,-6.801092,-5.619655,-5.226402,-2.842973,-1.976262,-2.502366,-5.103230,-6.689846
-4.016722,-6.114578,-5.540215,-3.979553,-4.116575,-3.962524,-3.840542,-7.066793,-5.223102,-4.595424,-4.980598,-4.436223,-5.431828,-4.216619,-3.776005,-4.607584,-4.441458,-5.138088,-4.035974,-3.133159,-3.045438,-3.827648,-5.014874,-4.910496,-6.119064,-5.963815,-5.222535,-5.443983,-4.807310,-4.902033,-5.087530,-4.686782,-4.259991,-4.292140,-4.281649,-4.025132,-3.636162,-3.203778,-2.842345,-2.580297,-2.401867,-1.507108,-1.444108,-1.830842,-1.609524,-3.562664,-3.233890,-3.557832,-3.329444,-3.202330,-3.076746,-3.156190,-3.373044,-3.580190,-3.459590,-3.072430,-2.825846,-1.678369,-0.981271,-1.187923,-1.232113,-0.627564,-0.360352,-0.434625,-0.663139,-0.883181,-0.655197,-0.108583,0.101806,-0.088825,-0.749639,-1.976315,-3.151612,-3.963316,-3.734941,-2.979496,-1.842738,-2.415427,-4.563514,-5.231541,-5.562499,-4.172871,-3.669870,-4.115549,-5.005273,-4.883695,-4.857717,-5.038857,-5.283953,-4.919290,-3.818620,-2.380920,-1.905595,-2.373276,-3.352119,-4.367152,-4.502735,-4.949595,-5.877016,-5.509339,-4.885131,-4.955176,-5.555986,-5.953602,-5.883728,-6.246102,-5.402895,-6.686054,-5.572035,-5.751923,-6.118268,-5.886061,-5.202680,-5.328974,-4.056627,-4.400282,-3.678275,-4.186797,-6.013040,-5.894545,-6.243137,-5.313897,-4.705592,-4.582143,-5.002729,-6.578896,-5.296671,-5.094626,-5.529109,-3.535519,-2.576490,-2.968034,-4.341936,-5.068331,-5.069298,-4.965656,-5.430898,-5.590385,-5.884192,-2.853769,-2.039558,-2.602735,-4.852285,-6.286121
-4.168068,-5.644249,-5.045227,-3.883853,-3.877014,-3.799482,-3.776776,-5.180366,-4.500630,-4.204079,-4.258596,-4.385551,-6.909232,-4.443743,-4.153054,-4.494210,-4.464610,-4.180454,-4.763231,-3.250338,-2.861940,-3.990922,-5.572446,-4.775980,-5.526203,-5.008495,-4.976557,-4.775059,-5.360069,-4.993818,-6.025691,-5.425490,-4.571976,-5.324868,-4.688516,-4.728020,-4.185942,-3.886141,-3.798525,-2.564788,-1.870532,-1.820180,-2.835218,-2.117265,-1.685405,-2.234390,-4.766620,-4.798565,-5.261373,-4.430646,-4.257845,-4.569102,-5.101639,-5.857718,-5.563862,-5.515948,-5.444090,-2.434457,-1.465989,-1.987085,-2.794926,-1.760115,-1.222528,-1.457781,-2.554513,-4.560933,-2.586627,-0.569183,0.863583,0.696350,-1.112463,-2.781528,-3.965715,-6.120034,-5.406193,-2.659190,-1.719398,-2.201538,-4.766883,-6.662708,-6.829206,-5.177197,-5.023305,-5.739470,-7.151845,-8.426020,-6.803909,-6.650414,-7.578877,-5.973436,-5.014807,-2.143611,-1.201791,-1.648681,-3.981488,-5.465606,-5.767617,-6.347958,-8.258861,-6.030673,-5.410151,-6.109341,-9.555688,-8.405401,-7.061620,-5.326180,-4.078832,-4.342995,-6.334587,-7.101025,-6.554098,-7.213613,-7.587403,-5.094017,-4.078399,-7.427688,-3.899401,-4.660695,-7.416621,-8.110054,-10.219709,-8.693054,-7.675944,-4.100143,-3.379673,-4.051798,-7.261618,-7.360695,-6.343863,-3.755770,-2.768625,-3.149235,-4.899563,-7.344023,-7.248269,-5.101030,-4.828127,-6.038580,-5.305860,-3.391548,-2.559443,-3.222399,-7.417593,-6.344907
-4.346581,-5.057266,-4.672882,-3.723762,-3.610584,-3.720429,-3.773757,-4.267244,-4.053044,-3.966244,-3.984234,-4.221209,-5.183553,-5.069512,-4.522956,-4.826281,-4.110637,-4.383918,-4.759045,-3.201824,-2.720339,-3.777031,-4.805818,-4.193830,-4.343244,-4.798788,-5.606972,-4.456680,-5.200364,-5.154700,-4.839212,-5.343851,-4.469845,-4.345206,-4.604305,-4.656575,-4.761039,-4.573801,-3.987948,-2.823339,-3.470457,-2.715879,-2.383644,-2.139579,-2.097023,-2.588144,-3.645414,-5.389865,-5.952630,-5.984842,-5.454303,-6.081318,-6.701455,-6.074820,-5.482036,-4.491123,-3.472310,-2.176961,-2.015727,-2.914813,-2.896079,-2.688841,-2.989883,-2.656719,-2.686635,-3.062559,-1.526275,0.069012,0.704703,0.401133,-0.967943,-3.510091,-4.803177,-4.213278,-4.911813,-2.844548,-1.849770,-2.247997,-5.279829,-4.115144,-4.093911,-4.057629,-4.454451,-5.919892,-5.640595,-5.993979,-6.521645,-5.183955,-4.829192,-4.783325,-4.105788,-1.837908,-0.787367,-1.056341,-2.699878,-5.292647,-5.041918,-5.180010,-5.898205,-6.161301,-5.389360,-5.475870,-6.780021,-6.151160,-6.275307,-5.668458,-5.257779,-8.001543,-6.009676,-6.158046,-6.008497,-6.249629,-6.950340,-5.226178,-4.284813,-3.665247,-3.155404,-3.704709,-6.108995,-7.339838,-7.570112,-6.961092,-6.968027,-4.369664,-3.654320,-4.313820,-7.905930,-8.547768,-7.144289,-3.792885,-2.935978,-3.446572,-5.555286,-6.079252,-6.614608,-5.637391,-5.428252,-6.058545,-7.053087,-3.370351,-2.410884,-2.827685,-5.079422,-5.925945
-4.565290,-5.236856,-4.452747,-3.597075,-3.524262,-3.876025,-3.896248,-3.897498,-3.840842,-3.951317,-4.076825,-4.017081,-4.580799,-4.744621,-4.691218,-5.227904,-4.120608,-4.605980,-4.645697,-3.020637,-2.614932,-3.203489,-3.947629,-3.898402,-4.269316,-4.949558,-4.615685,-4.125524,-4.686641,-6.081774,-4.569659,-4.436724,-4.174497,-3.753339,-4.066162,-5.376227,-4.292596,-5.196033,-3.625447,-3.287051,-3.768273,-3.141578,-2.891635,-4.579122,-3.737255,-4.569606,-5.173986,-4.890605,-4.989062,-4.508761,-4.483944,-4.796199,-5.165730,-6.384750,-4.859922,-4.738887,-3.305297,-2.831697,-3.267863,-3.317971,-3.600472,-3.093045,-2.655140,-2.178479,-2.685750,-3.335398,-3.768063,-3.227358,-3.013304,-3.280905,-3.373508,-3.460142,-5.269788,-5.424942,-3.736663,-3.421066,-4.432695,-5.021233,-6.765110,-5.441442,-5.155559,-5.314079,-5.698650,-5.804615,-5.752865,-4.606491,-6.584264,-4.655061,-5.717667,-2.764347,-1.783451,-2.131512,-4.075523,-4.202778,-4.346672,-5.053596,-5.238573,-7.470650,-6.497319,-5.906086,-6.080772,-6.344155,-6.572090,-6.944179,-6.714941,-5.670535,-5.959810,-5.898007,-5.286319,-5.750450,-6.031065,-7.470222,-6.201406,-6.301321,-4.732520,-5.350355,-6.393021,-6.479759,-6.911858,-6.882934,-6.752374,-5.803284,-5.852785,-6.016130,-5.953941,-6.405567,-5.743242,-5.183585,-3.736083,-4.278616,-5.117361,-5.317095,-5.376631,-5.120947,-5.679616,-6.424157,-7.594620,-5.477532,-5.306450,-5.897835,-7.018861,-6.287663,-5.736903,-5.611778
-4.826933,-5.381895,-4.193613,-3.529086,-3.668696,-4.299231,-4.140538,-3.903401,-3.779446,-4.243133,-4.482615,-4.052052,-4.135216,-4.168060,-4.530772,-5.257312,-4.331318,-4.313110,-4.151426,-3.074056,-2.704502,-2.994231,-3.896227,-4.256500,-4.099591,-4.960088,-3.939358,-4.138097,-4.603780,-4.851508,-5.100007,-4.365640,-6.460982,-3.710227,-3.971494,-3.780762,-4.517898,-3.864757,-4.499395,-3.941100,-4.652084,-3.780325,-3.642053,-4.110385,-4.742985,-5.306380,-5.067409,-4.785511,-4.925928,-5.206944,-5.226935,-5.824601,-5.341452,-5.078732,-5.675382,-5.006310,-4.278313,-5.074434,-4.353958,-6.528788,-4.694127,-3.182534,-2.631626,-2.830676,-3.704549,-6.763930,-5.091174,-4.782184,-4.944726,-4.306089,-3.597086,-4.004348,-5.961498,-6.139503,-6.337175,-6.535883,-6.231544,-7.180783,-7.727203,-7.062215,-8.182248,-6.785736,-6.312175,-6.308531,-6.281921,-6.458879,-5.896215,-4.474006,-4.025364,-4.070352,-4.525424,-5.136650,-5.675800,-5.822002,-5.535766,-6.378395,-7.069502,-7.544971,-7.833142,-6.596617,-6.518151,-6.329791,-6.663096,-8.106888,-7.285843,-7.454783,-6.812486,-6.738062,-6.506030,-8.603639,-6.603273,-6.893588,-7.886788,-6.847696,-6.343802,-6.519252,-6.965655,-7.296409,-8.776817,-8.549455,-6.972702,-6.847602,-5.630398,-5.870172,-6.743732,-7.697319,-6.360498,-6.080258,-5.657725,-5.614388,-5.285860,-5.534500,-6.475770,-5.894157,-6.198812,-7.017497,-7.583838,-6.455818,-5.939870,-6.203395,-5.746303,-6.102855,-5.764817,-6.120545
-4.635321,-4.558724,-3.905740,-3.559974,-4.113054,-4.634787,-4.339687,-4.306582,-3.840983,-4.671654,-4.825845,-4.467617,-3.927238,-3.979349,-4.165568,-6.007707,-4.329896,-4.605560,-3.915694,-3.483800,-3.105935,-3.174489,-4.336644,-5.118100,-4.090352,-3.769998,-3.746379,-4.891438,-5.194502,-4.465563,-4.987569,-4.283060,-3.801295,-3.539041,-4.354236,-3.446495,-2.847425,-2.439431,-2.151847,-1.846909,-1.680371,-1.626735,-1.767304,-1.875787,-2.082812,-2.271320,-2.491823,-2.613480,-2.657565,-2.616589,-2.695854,-2.771850,-2.827225,-2.941631,-2.934572,-2.740375,-2.504593,-2.481155,-2.093992,-1.745314,-1.374708,-1.271668,-1.280287,-1.525113,-1.519444,-1.696891,-1.968820,-2.211544,-2.465029,-2.704427,-3.073061,-3.167078,-3.593408,-3.898206,-4.010802,-4.459846,-4.214018,-4.290755,-4.411064,-5.900871,-5.181517,-5.115233,-6.152350,-6.763465,-7.072268,-6.143006,-5.681906,-6.309628,-6.531544,-6.167939,-5.841243,-6.042231,-6.147497,-6.302599,-5.685186,-5.778980,-7.049442,-6.379065,-6.230786,-6.654722,-5.862972,-7.035365,-7.438001,-7.040525,-6.944651,-7.176725,-6.271406,-6.822654,-6.750733,-7.899618,-6.618818,-6.700579,-7.195636,-7.721505,-6.947732,-6.731854,-6.583735,-6.629217,-7.474951,-6.998170,-6.565407,-6.618205,-6.450325,-6.919895,-7.157320,-6.623890,-7.123378,-7.171789,-6.903874,-6.497619,-6.380653,-7.639881,-7.541106,-8.132984,-8.321953,-7.305023,-7.648949,-6.970948,-7.020952,-6.907306,-7.359337,-7.145423,-8.106147,-7.121892
-4.228348,-4.048510,-3.668064,-3.733492,-5.052066,-4.512470,-4.198710,-5.059889,-3.925155,-4.143559,-4.685308,-4.496097,-3.885126,-4.400716,-3.837860,-4.230637,-4.370634,-5.757967,-4.229243,-4.636594,-3.856726,-3.691082,-4.444119,-5.490749,-4.532822,-3.582514,-3.648766,-5.087863,-5.289384,-4.392714,-4.517524,-4.433020,-3.760072,-3.711236,-3.919827,-3.589073,-2.849736,-2.290620,-1.944593,-1.480866,-1.004730,-0.974335,-1.355947,-1.749686,-1.991425,-2.225175,-2.596221,-2.904110,-2.768904,-2.564079,-2.410057,-2.369210,-2.760923,-3.935676,-3.443019,-2.998303,-2.592939,-2.489207,-2.286066,-1.734920,-0.971010,0.106437,0.747939,0.639158,-0.558858,-1.531113,-1.906188,-1.816962,-1.791572,-1.950723,-1.978409,-1.878386,-0.635030,-1.142919,-3.321443,-5.663486,-5.213317,-4.353266,-3.666456,-3.836282,-3.680305,-0.997648,-0.004647,-0.389758,-2.636820,-4.089394,-3.226295,-3.164402,-4.185133,-4.345401,-5.578108,-5.349459,-5.918955,-6.132660,-5.963762,-5.513044,-4.201127,-4.920413,-6.526330,-4.980607,-3.417800,-3.322397,-4.324850,-7.289826,-5.301694,-2.766195,-1.720905,-2.142786,-3.793415,-2.818421,-1.712125,-2.148566,-4.888504,-5.051950,-7.091939,-8.584762,-6.619545,-6.335083,-5.201053,-3.738174,-2.441679,-2.733572,-4.657077,-4.426411,-4.336428,-4.546191,-4.832927,-4.152199,-3.725991,-3.645877,-3.045482,-3.404691,-5.084332,-4.026344,-3.295849,-3.824495,-6.164947,-4.470885,-3.845266,-3.253916,-3.136407,-4.449628,-5.293429,-3.150051
-3.981391,-3.775006,-3.558813,-4.027071,-6.249056,-4.463966,-3.989813,-4.355577,-3.870909,-3.844813,-4.286786,-4.048063,-3.914308,-5.312121,-3.576329,-3.693834,-4.801262,-5.703015,-4.584426,-5.383035,-4.846730,-4.414555,-4.928469,-7.632882,-5.215833,-3.877482,-3.632771,-4.287937,-4.480051,-4.387881,-5.459740,-5.565555,-4.489034,-4.689837,-5.959064,-5.279804,-3.858233,-3.483613,-3.388650,-2.820955,-1.595961,-1.709700,-3.001368,-4.441285,-4.681093,-5.002824,-4.781718,-5.218166,-5.730460,-5.888262,-5.100570,-5.391973,-4.720833,-5.503825,-6.012285,-5.599754,-6.533603,-4.921267,-6.302492,-3.255707,-2.686429,-1.638398,-0.791538,-0.885286,-1.816768,-3.274125,-4.141915,-4.623358,-3.585731,-2.897438,-1.915339,-1.352082,-1.857892,-3.435350,-4.620356,-4.343884,-4.406212,-4.685164,-3.656607,-2.489045,-1.698711,-1.244019,-1.075888,-1.477037,-2.515548,-3.884461,-5.218365,-5.551941,-5.855714,-5.874965,-5.636802,-5.186212,-5.140342,-4.960875,-4.762193,-4.549498,-5.213857,-6.070972,-5.748755,-5.030771,-4.909856,-5.142584,-5.161011,-4.409137,-3.536772,-3.552685,-3.571984,-3.988888,-3.792478,-2.795755,-2.972724,-4.561947,-6.103459,-6.554058,-7.017717,-6.902596,-5.569504,-4.771918,-4.458152,-4.340242,-3.346875,-4.030797,-7.293303,-6.951634,-6.840043,-7.224812,-5.220011,-4.443257,-4.945547,-4.827166,-4.532028,-5.487757,-6.546877,-5.856848,-6.265911,-7.208428,-7.225115,-8.091213,-6.197694,-7.953224,-6.404032,-7.303143,-6.785371,-6.075879
-3.879285,-3.686879,-3.579891,-4.321620,-5.266056,-4.421623,-3.998964,-3.952248,-3.770586,-3.943903,-4.019795,-3.922816,-4.062924,-4.100929,-3.430879,-3.527842,-4.691507,-5.028333,-4.290045,-4.841093,-5.019223,-5.659971,-5.232789,-6.301049,-5.518622,-4.458806,-3.836820,-4.632234,-4.539515,-4.416741,-5.855447,-4.918923,-6.571976,-5.333904,-6.661898,-5.875515,-6.280627,-6.245036,-5.689302,-3.545233,-2.614259,-2.819153,-4.377029,-5.246207,-5.767039,-4.595135,-4.758929,-5.393032,-5.454351,-5.763913,-5.410290,-6.098528,-6.290711,-6.620731,-6.314363,-6.763439,-6.048031,-5.054872,-5.375518,-5.052264,-3.947895,-3.673358,-3.338326,-3.474896,-3.764770,-4.440742,-5.116981,-5.139138,-4.963733,-4.417840,-4.263342,-4.649989,-5.969050,-6.312396,-5.213622,-6.804559,-4.937831,-5.843069,-6.155544,-5.871166,-6.943922,-5.960453,-5.787065,-7.121195,-6.498555,-6.707682,-7.037677,-7.552252,-6.871311,-7.553800,-7.687903,-7.821647,-6.788126,-6.689189,-7.695114,-6.734536,-6.872573,-8.490591,-7.468925,-7.084125,-7.194676,-7.350605,-8.883168,-9.153042,-7.804780,-7.378977,-7.268434,-7.586406,-7.275759,-6.653670,-5.895905,-6.593549,-7.467056,-7.292503,-6.773454,-6.830428,-7.394112,-7.709372,-7.217385,-6.531406,-6.215263,-6.388116,-7.069399,-7.566304,-6.966372,-7.242367,-7.285869,-7.687213,-9.189819,-6.801208,-6.458262,-7.056734,-7.198184,-7.156532,-6.325951,-7.110010,-6.841458,-7.217304,-8.801973,-7.659083,-7.162063,-6.858408,-6.894124,-6.834944
-3.915165,-3.802264,-3.705252,-4.511877,-5.152657,-4.343760,-4.241516,-3.890487,-3.786234,-4.398115,-4.047748,-4.023518,-4.510744,-3.827121,-3.429981,-3.595944,-4.392965,-4.991755,-4.094858,-4.019373,-4.368044,-5.435151,-5.769343,-5.381675,-6.262505,-5.008030,-4.110147,-4.677557,-5.316594,-4.538038,-4.397142,-4.881052,-4.960017,-4.651023,-5.235603,-5.914650,-5.777474,-5.477955,-4.920384,-4.734700,-3.815230,-3.726294,-4.648318,-5.738808,-4.717006,-4.394548,-5.490438,-6.431248,-8.510962,-6.657846,-6.643084,-6.086531,-5.079618,-5.218457,-5.971383,-6.167662,-5.951296,-5.395199,-5.622963,-5.284665,-5.934376,-4.923501,-6.449741,-5.435460,-5.647408,-6.356375,-6.603290,-6.126660,-5.746593,-6.411376,-6.865343,-7.155417,-6.996753,-8.609654,-6.037652,-5.646322,-6.123112,-7.468815,-6.723062,-6.502083,-6.691647,-6.679715,-7.304764,-6.849355,-6.888201,-6.999745,-6.965765,-7.785728,-8.245745,-9.127962,-7.790884,-7.751818,-8.371033,-8.693563,-8.063608,-8.496909,-6.937414,-7.141805,-6.691322,-6.900647,-8.466817,-8.674624,-8.546265,-8.756258,-8.360894,-8.001921,-8.591230,-8.312285,-8.292835,-6.620689,-5.999633,-6.858593,-8.293603,-9.228069,-8.078155,-7.465526,-7.656993,-7.823823,-8.843600,-6.858934,-6.277384,-6.651061,-7.465103,-8.908152,-9.317149,-7.842602,-8.091611,-8.568000,-8.475278,-7.637814,-8.204300,-8.422114,-8.368743,-7.160509,-6.363194,-7.021450,-9.145678,-9.688580,-8.059264,-7.790129,-8.149161,-8.046029,-8.649714,-8.133748
-4.129245,-4.114343,-3.945002,-4.413838,-4.954968,-4.493723,-4.639445,-4.115590,-3.939662,-5.422103,-4.347016,-4.247873,-5.699014,-3.944068,-3.671528,-3.931885,-4.304001,-5.192553,-4.217347,-3.473941,-3.673661,-4.693681,-5.431357,-5.122791,-5.381286,-5.651281,-4.451789,-3.985069,-4.679303,-4.293113,-4.464909,-5.006103,-5.292118,-4.109760,-3.943535,-4.217089,-4.070286,-3.640639,-3.126680,-2.857034,-2.913249,-2.777884,-3.113687,-3.154170,-3.618431,-3.564879,-3.564452,-3.997578,-4.073708,-4.081072,-4.160113,-4.011810,-4.488222,-4.386019,-4.197864,-4.054169,-3.921916,-3.596358,-3.450495,-3.363964,-3.440791,-3.427213,-3.849508,-4.274523,-4.325966,-4.548626,-5.256147,-5.655695,-5.815837,-6.277654,-6.625841,-6.811704,-6.966063,-6.643605,-6.920976,-7.506113,-7.314849,-8.196330,-7.443077,-7.039403,-8.777445,-7.910505,-7.584942,-8.059820,-7.488543,-7.569864,-7.161702,-6.963849,-7.844161,-8.592791,-7.895700,-7.314607,-7.242235,-7.726391,-8.792397,-9.120438,-8.577502,-9.188611,-9.650599,-8.888271,-8.015790,-7.701067,-9.011716,-9.486409,-9.293884,-8.429280,-7.830842,-8.223375,-8.237452,-6.472304,-5.896015,-6.546181,-8.215397,-8.781993,-8.215412,-7.719893,-7.911987,-8.229420,-8.610185,-7.175231,-6.464088,-7.281426,-8.712616,-8.819617,-7.896968,-7.836128,-7.906172,-8.799411,-7.839200,-8.061710,-7.602238,-7.054186,-7.120450,-7.583446,-7.179979,-7.741684,-8.387444,-8.358283,-8.874200,-8.143606,-9.310798,-8.345575,-8.361054,-8.825288
-4.601765,-4.582973,-4.433993,-4.157924,-4.577742,-5.105124,-5.214115,-4.505953,-4.173886,-5.531224,-4.755866,-4.530537,-4.954489,-4.272610,-4.331437,-4.327439,-4.661591,-4.650807,-4.182594,-3.418508,-3.180656,-3.697482,-4.278503,-6.015497,-4.712630,-5.450761,-4.977587,-3.870230,-3.852117,-4.351014,-5.406548,-4.891619,-4.547345,-4.369018,-4.050346,-3.802342,-3.941747,-3.774953,-2.993857,-2.282820,-1.881237,-1.942655,-2.381866,-2.912266,-3.083745,-3.299535,-3.705061,-3.849948,-3.965794,-3.776687,-3.568186,-3.583918,-3.967078,-4.171925,-4.525028,-3.832143,-3.259267,-2.871000,-2.280477,-1.603538,-1.272637,-1.183089,-1.277550,-1.684353,-2.484345,-3.657737,-4.005278,-4.335113,-4.824831,-5.159691,-5.348561,-5.287001,-6.943278,-6.963943,-6.969299,-7.129474,-6.196284,-6.416044,-5.528701,-5.981574,-6.482314,-5.933436,-6.468448,-6.235797,-5.922730,-6.723381,-6.574671,-7.988887,-7.783038,-7.568224,-8.141577,-7.162503,-6.975961,-8.327564,-7.150579,-6.673781,-6.924371,-7.138001,-6.708503,-6.663956,-6.141382,-6.585736,-7.323881,-7.273239,-7.051642,-7.194887,-7.462146,-9.473393,-7.485332,-7.698516,-6.538644,-7.051902,-8.748768,-8.125534,-8.835783,-7.662105,-7.399158,-7.927494,-8.603285,-7.031116,-6.542088,-7.160392,-7.368391,-7.378320,-7.500572,-7.243238,-7.246385,-8.254877,-6.869039,-6.206435,-5.821693,-5.563985,-7.276370,-7.126770,-6.703035,-6.598024,-7.628803,-8.933174,-8.020464,-8.461924,-8.635548,-8.128263,-7.775620,-7.997741
-5.366868,-5.073417,-5.164089,-3.994426,-4.265718,-7.374841,-5.590631,-4.741099,-4.318537,-5.435262,-4.827353,-4.677083,-4.962595,-4.413287,-4.804616,-4.187856,-4.447611,-4.122077,-4.179926,-3.817581,-2.969321,-3.216212,-3.838297,-4.258200,-4.145155,-4.449446,-5.213978,-3.855579,-3.869847,-5.531162,-4.965491,-4.399477,-4.131327,-4.191964,-3.799730,-3.609524,-2.984318,-2.292380,-1.921075,-2.007511,-1.325372,-2.141089,-1.956254,-2.369179,-2.735897,-3.063656,-3.802364,-3.921352,-4.031961,-4.396659,-4.975604,-4.913044,-5.224221,-5.309945,-4.954121,-4.954922,-8.907156,-5.376492,-4.394997,-4.102326,-4.453767,-4.526913,-5.243529,-5.725842,-5.680122,-5.964305,-7.124654,-6.510782,-6.106157,-6.997179,-7.024004,-7.864369,-6.705222,-6.418692,-6.719980,-7.355005,-7.381812,-6.821771,-5.577693,-6.072858,-8.082356,-8.774765,-7.830057,-7.679920,-8.002995,-7.520132,-7.405589,-8.313529,-7.283997,-7.696813,-8.749228,-8.383146,-7.722569,-7.505522,-7.700769,-8.349919,-8.473524,-7.939942,-8.396525,-9.075816,-9.978309,-8.659545,-7.758960,-7.555548,-7.958428,-8.402677,-8.182487,-8.367041,-8.093139,-7.240330,-6.393581,-7.217564,-8.057267,-8.365954,-8.991121,-8.164037,-7.788753,-8.191051,-9.339744,-8.144955,-7.523627,-8.007781,-8.674860,-8.941153,-8.611259,-9.173603,-9.038830,-8.393840,-8.514841,-8.333780,-8.064770,-9.072829,-8.836137,-7.360381,-6.730476,-7.333807,-10.615323,-10.642380,-8.687352,-8.919576,-8.289524,-8.088062,-8.837766,-8.905107
-5.011132,-5.210130,-5.104477,-4.003940,-3.979244,-4.896047,-5.122663,-5.061871,-4.316685,-5.394491,-4.867435,-4.807069,-6.233211,-4.258285,-4.025904,-3.891594,-4.224490,-4.350889,-4.097136,-3.792356,-2.968872,-3.251485,-4.034345,-3.948743,-3.841658,-4.408898,-4.528190,-4.069440,-4.271264,-4.777069,-5.025086,-4.701891,-4.031235,-3.662196,-3.466839,-3.121727,-2.583837,-2.118115,-0.780020,0.113807,0.482312,0.358722,-0.180576,-1.147207,-1.888677,-2.397976,-2.725970,-2.948371,-3.069711,-3.074643,-3.089789,-3.275442,-3.616282,-3.834425,-3.930517,-4.481702,-4.222148,-3.808691,-3.421981,-2.809049,-1.941271,-1.186810,-0.766563,-0.616840,-0.727470,-1.128524,-1.783247,-2.453449,-2.519684,-2.440684,-2.384193,-2.412947,-2.874730,-4.516063,-2.803826,-2.153398,-1.801180,-1.820355,-2.089857,-2.524212,-3.184976,-3.918089,-4.770791,-5.032693,-5.719531,-5.701055,-4.783644,-4.499396,-4.762010,-5.509487,-6.513963,-6.472350,-5.520733,-5.370188,-4.756583,-4.381350,-4.436822,-4.482222,-4.423062,-4.077384,-3.124495,-2.756454,-2.959038,-3.530059,-4.180524,-4.901894,-5.514292,-5.468818,-5.475978,-5.596375,-6.156847,-5.357921,-5.093247,-6.100527,-4.757998,-4.783106,-5.187254,-5.819968,-6.018187,-7.954782,-5.705636,-5.603058,-5.898771,-5.110388,-4.688818,-4.621796,-5.316859,-5.494802,-6.817276,-7.283572,-4.965684,-4.597366,-4.652638,-4.131135,-4.689117,-5.662332,-5.540205,-6.030193,-7.532170,-5.439101,-4.933759,-5.776889,-5.877543,-5.581264
-4.478875,-4.880314,-5.022678,-4.124369,-3.743479,-4.224428,-4.746477,-5.182285,-4.299991,-4.787906,-5.057118,-5.177132,-5.162439,-4.126357,-3.705783,-3.838733,-4.512044,-5.309023,-4.064480,-3.340713,-3.186016,-3.799332,-4.914432,-4.183382,-3.898208,-4.745835,-4.773194,-4.707973,-5.384270,-4.841505,-5.136217,-5.125852,-4.987900,-4.061700,-4.517066,-3.722088,-3.480766,-2.671252,-1.465984,0.546961,1.160331,0.860164,-0.444291,-2.096536,-3.048571,-4.426464,-4.459709,-5.442204,-5.936889,-5.123563,-4.520455,-4.805151,-5.498365,-5.417121,-4.625765,-4.921546,-5.938525,-6.318326,-5.479670,-4.882277,-3.518823,-2.272854,-1.804480,-2.649998,-1.478705,-1.211329,-2.445678,-4.652241,-6.303069,-6.377806,-7.414421,-3.979653,-3.086835,-3.570506,-6.279898,-5.194615,-4.105525,-4.286644,-3.123661,-3.589417,-6.818722,-6.744003,-7.450832,-7.006175,-7.550350,-6.961843,-6.764935,-5.534957,-4.915261,-5.454938,-8.098205,-8.250869,-7.184015,-7.845545,-8.082912,-4.660357,-4.020705,-4.707523,-7.312366,-9.205225,-7.491105,-5.611276,-4.616913,-5.013509,-7.059762,-9.202981,-7.628750,-5.869734,-5.651117,-7.303676,-5.825133,-6.898503,-6.645106,-6.411178,-7.614003,-8.418506,-7.524794,-7.148417,-8.497570,-6.775306,-5.880455,-6.329948,-8.418526,-7.435305,-7.000888,-7.172904,-6.181499,-5.649215,-5.553719,-6.429090,-7.453083,-6.288342,-6.073874,-6.884343,-5.404519,-5.970631,-6.328775,-6.552378,-6.827213,-5.527866,-5.525583,-6.839804,-8.805039,-6.888271
-4.251125,-4.503864,-5.278439,-4.235810,-3.648155,-3.855025,-4.443687,-4.657864,-4.393414,-4.661635,-5.261651,-5.671886,-4.879173,-4.156870,-3.686424,-4.075527,-5.202046,-5.835314,-4.163257,-3.326526,-3.557562,-5.472435,-4.505604,-4.520669,-4.445277,-4.682086,-4.643551,-5.176667,-5.698720,-4.974364,-4.939721,-5.263565,-5.506762,-4.607471,-4.415137,-4.710027,-4.738598,-3.641096,-2.030340,0.379496,1.002010,0.496860,-1.358989,-2.448892,-5.353140,-4.891279,-4.796279,-4.768511,-4.737122,-4.548219,-4.467009,-4.351084,-4.439904,-4.407023,-4.051511,-4.181872,-4.420410,-4.206011,-3.646476,-2.853608,-2.020021,-1.426711,-1.134120,-1.306181,-2.243683,-2.405093,-1.964732,-2.070537,-2.589256,-3.270323,-4.230671,-3.493518,-2.887210,-3.474959,-6.406162,-6.448635,-6.440987,-3.903569,-2.993346,-3.495099,-5.257106,-6.628094,-6.491361,-6.044520,-6.682567,-5.613390,-5.242104,-6.536705,-5.798560,-6.321922,-6.293234,-5.633962,-6.018261,-6.154561,-6.397208,-4.529500,-3.942419,-4.604846,-6.687738,-6.908842,-6.440427,-6.071231,-6.065559,-6.349782,-6.136390,-6.730576,-7.250244,-6.069494,-5.869538,-6.228235,-5.586020,-6.351478,-6.244957,-6.319970,-6.837117,-7.493856,-7.538629,-6.985128,-7.160599,-6.532177,-5.771659,-5.733172,-6.189488,-6.956509,-7.653637,-7.978535,-6.367754,-5.907327,-5.709394,-6.629855,-8.995103,-6.729219,-6.352063,-6.276085,-5.664534,-5.991600,-6.519112,-6.610230,-7.040283,-5.570335,-5.275079,-6.023918,-8.208766,-7.210899
-4.295328,-4.234765,-5.261453,-4.249012,-3.716338,-3.702727,-4.232955,-4.429002,-4.554731,-4.984013,-5.226179,-5.524638,-4.995389,-4.451177,-3.857986,-4.553699,-6.090680,-5.261231,-4.495208,-3.677295,-3.747806,-4.946154,-4.804391,-4.918814,-5.187812,-5.468573,-4.444361,-4.320135,-4.742377,-4.656177,-5.394807,-5.542179,-5.505968,-5.039386,-4.541754,-5.119752,-5.572873,-4.667991,-1.987560,-0.106881,0.272508,-0.251364,-1.542463,-3.849527,-4.364103,-5.132227,-5.494597,-5.634879,-5.194854,-5.419512,-4.962009,-4.751959,-5.205672,-5.782366,-4.451826,-5.309816,-5.151521,-5.215151,-4.658777,-3.902784,-2.825650,-1.545672,-1.139078,-1.937911,-1.454858,-1.426480,-3.025118,-5.360408,-5.624456,-5.851707,-6.072388,-3.702307,-2.877673,-3.414054,-6.415869,-6.268033,-6.812843,-4.011729,-3.063101,-3.527067,-6.325361,-6.017004,-6.153096,-6.191462,-6.864180,-8.121548,-6.811351,-6.022007,-4.821500,-5.423613,-6.790273,-7.269798,-6.801494,-6.527661,-6.798093,-5.446927,-4.938396,-5.591432,-7.232552,-7.935834,-7.885230,-6.978497,-6.093570,-6.278502,-7.266599,-8.729868,-7.838202,-8.679029,-6.969013,-6.375664,-5.896264,-6.680581,-6.287680,-6.425210,-7.039739,-7.283119,-7.701491,-7.697825,-7.654748,-5.120653,-4.477363,-5.218329,-8.547728,-7.494831,-7.377972,-6.800992,-5.407745,-5.277047,-5.761758,-6.851943,-8.563319,-7.184062,-6.931406,-6.368325,-5.676876,-5.870811,-5.095133,-5.391247,-6.912249,-5.750089,-4.893902,-5.022111,-6.627588,-7.239258
-4.687188,-4.036696,-4.604908,-4.331994,-3.931641,-3.735038,-4.168622,-4.549862,-4.627643,-5.599381,-4.934191,-5.549366,-5.071638,-4.655457,-4.115690,-5.275161,-5.953700,-5.384433,-5.706874,-4.191547,-3.928063,-4.538266,-5.651455,-4.887533,-5.001475,-4.861351,-4.133584,-3.878764,-4.875871,-4.822648,-4.315701,-4.383204,-4.265670,-4.085261,-3.803075,-3.619161,-3.067080,-2.337958,-1.972262,-0.671737,-1.217054,-2.002516,-1.621885,-2.747927,-2.815051,-3.336451,-4.083731,-4.312733,-4.648943,-5.095487,-5.443462,-5.058965,-5.614242,-5.554121,-4.904946,-4.986048,-5.560981,-5.403293,-5.397497,-5.018158,-4.729342,-4.436342,-5.098063,-2.866241,-1.457542,-1.573393,-3.276011,-5.000188,-6.074902,-7.512697,-6.213411,-3.813425,-2.875604,-3.377710,-6.125389,-7.811302,-7.429953,-4.214316,-3.220263,-3.620912,-5.770141,-8.430779,-6.593871,-7.129865,-7.889760,-7.186140,-7.262069,-5.117694,-4.089453,-4.586358,-7.857180,-8.554283,-6.883096,-7.231660,-8.230848,-5.438028,-4.877821,-5.595123,-7.481740,-7.637776,-9.212583,-7.958537,-6.825314,-7.143527,-8.945845,-10.318652,-8.890664,-7.197202,-6.816228,-8.707461,-7.355031,-6.576516,-5.515345,-5.865727,-7.677290,-8.032599,-7.784786,-9.052444,-8.219695,-5.399986,-4.762088,-5.387814,-7.317044,-7.464993,-7.785081,-6.490169,-5.453225,-5.603168,-6.788306,-8.298665,-7.912551,-7.509613,-6.809304,-7.098162,-5.758418,-7.131502,-5.261295,-5.518286,-8.422407,-5.793317,-5.043166,-5.177670,-6.796003,-6.812001
-5.595768,-3.908206,-4.142257,-4.811491,-4.236051,-3.969129,-4.196519,-5.015609,-4.501499,-4.936932,-4.636647,-6.439110,-4.722053,-4.106255,-4.315657,-5.908195,-6.359768,-5.063319,-5.381266,-4.839992,-4.490994,-4.439899,-4.970080,-4.949234,-4.787388,-5.278367,-3.846930,-3.746984,-4.920729,-4.664906,-4.119851,-4.139453,-3.915115,-3.580190,-3.300618,-3.201807,-3.132948,-2.111450,-0.806020,-0.246191,-0.299314,-0.255091,-0.542577,-1.139001,-1.824213,-2.525087,-3.131896,-3.404931,-3.586743,-3.573455,-3.503135,-3.597584,-3.877933,-4.105413,-4.050034,-4.093575,-3.805153,-3.546746,-3.256234,-2.689245,-2.562941,-1.746363,-1.171225,-1.313530,-1.594643,-1.514751,-1.706969,-2.351147,-2.942248,-3.341046,-3.386862,-3.201257,-3.293204,-3.617574,-4.244008,-4.798372,-4.318893,-5.183595,-3.665860,-3.953831,-5.180328,-5.302547,-4.636957,-4.885158,-4.967604,-5.179403,-5.792622,-4.277264,-3.674160,-4.240304,-5.774782,-5.707782,-5.544040,-4.666979,-4.620070,-5.420519,-5.557388,-5.399490,-6.468951,-5.984371,-5.436880,-6.503849,-5.839159,-5.747649,-6.279250,-6.889682,-7.110786,-5.480709,-5.466966,-5.832812,-5.900736,-5.292892,-4.397580,-4.757489,-7.649155,-7.683695,-6.358069,-5.711478,-5.382348,-5.315163,-5.114421,-6.447090,-4.967368,-4.783302,-5.908965,-5.853156,-4.937642,-5.849940,-5.735870,-5.769116,-4.326955,-4.174002,-4.623969,-5.174143,-6.410394,-6.512492,-5.285127,-5.403233,-6.815513,-6.574479,-5.686958,-5.410501,-5.430545,-5.034494
-4.939144,-3.857968,-3.919576,-7.110308,-4.429478,-4.408716,-4.136596,-4.920374,-4.433431,-4.592097,-4.585407,-4.956714,-4.259465,-3.675635,-4.122187,-5.263860,-4.901683,-4.392271,-4.590868,-4.541778,-5.490542,-4.216543,-4.477139,-6.922725,-4.703425,-5.001717,-3.661067,-3.568793,-5.055718,-4.397149,-4.637135,-5.602449,-4.258057,-4.567044,-3.611327,-4.355357,-4.645877,-2.352240,-1.094676,-0.261576,0.029178,-0.093566,-0.906356,-2.074789,-2.515839,-3.739333,-4.949068,-5.368023,-4.100453,-3.685362,-3.273001,-3.582270,-3.689112,-4.598885,-6.036611,-7.266128,-5.424755,-4.763371,-4.819865,-4.417604,-4.005912,-2.049121,-1.333156,-1.300958,-1.491151,-1.832185,-2.852245,-4.431993,-4.780832,-5.510762,-5.140410,-4.918880,-4.832236,-5.052251,-4.435452,-4.579665,-4.716992,-5.306242,-6.896996,-4.987096,-5.002228,-5.554731,-5.552251,-5.619070,-6.352705,-5.844462,-5.301180,-4.646122,-3.940228,-4.295927,-5.818956,-5.888989,-6.040315,-5.471951,-5.594999,-5.886013,-5.922654,-6.783741,-6.542340,-6.777382,-6.528176,-7.192014,-7.767661,-6.434971,-5.979733,-5.941988,-7.088256,-6.014790,-6.367579,-6.608144,-6.719423,-5.772910,-6.010724,-6.836232,-6.974167,-6.604650,-7.741681,-7.537734,-6.468598,-5.826887,-7.293459,-5.717251,-5.955662,-6.684846,-7.352530,-6.857088,-6.140176,-6.739472,-7.408809,-7.628351,-6.728254,-6.538612,-6.886367,-6.791461,-7.026289,-7.602242,-5.818453,-4.692908,-4.261123,-4.225750,-4.712935,-5.159559,-5.958354,-6.105573
-4.298898,-3.887619,-3.890033,-4.589566,-4.297763,-4.285904,-3.908305,-4.574182,-4.639363,-4.541481,-4.761677,-4.608978,-4.022334,-3.463630,-3.711579,-4.613982,-5.035210,-4.069291,-3.769047,-3.671943,-3.768274,-3.805506,-4.886425,-5.548197,-4.568347,-4.053613,-3.680681,-3.589102,-3.928297,-4.775848,-7.215599,-5.142683,-4.405160,-4.123086,-3.772374,-3.797633,-3.073866,-3.796580,-1.791726,-1.316091,-1.451780,-1.167536,-1.647377,-2.252495,-3.000600,-3.304368,-3.310053,-3.704376,-3.387960,-2.956715,-4.288491,-2.854136,-2.471727,-2.798395,-3.179650,-3.305614,-3.035835,-2.633001,-2.265321,-1.888426,-1.318793,-1.222312,-1.124243,-1.011948,-1.336177,-1.573315,-2.279562,-2.814269,-3.626517,-4.451760,-5.323076,-5.210682,-5.593959,-6.210938,-5.217219,-5.257935,-4.703974,-4.768023,-6.159060,-5.119513,-4.912051,-5.249949,-4.722351,-5.880202,-5.779651,-6.363041,-6.850051,-5.619186,-6.077542,-4.325569,-3.702406,-4.068912,-4.507936,-4.276490,-3.692610,-3.957295,-4.886025,-5.030134,-6.597590,-5.226138,-6.330973,-4.961270,-5.016522,-5.864210,-4.014082,-3.811789,-5.288600,-4.228792,-3.986147,-4.028353,-4.101819,-4.874290,-7.253796,-5.917510,-5.458017,-5.170376,-6.044358,-7.620560,-5.524998,-4.629559,-4.846043,-5.751464,-5.422975,-5.583159,-7.855356,-6.773953,-6.176174,-5.740562,-6.953857,-6.698583,-4.698652,-5.027205,-5.056621,-5.439065,-5.342077,-5.188782,-6.051050,-5.085737,-6.130970,-5.677642,-6.262707,-6.153699,-6.048887,-5.994472
-4.009096,-4.057556,-4.010743,-4.046356,-4.003082,-3.819714,-3.690888,-4.483657,-4.926650,-4.692893,-5.212776,-4.606117,-4.098809,-3.461945,-3.472234,-4.198970,-5.736119,-3.911654,-3.545389,-3.286798,-3.248377,-3.611634,-4.930471,-5.278597,-4.523598,-4.028055,-4.475227,-4.027340,-4.063692,-4.669490,-7.493000,-5.349914,-4.268377,-4.064975,-4.153436,-3.844538,-3.685331,-3.223276,-2.800068,-2.457579,-2.030283,-2.056836,-2.420157,-2.867051,-4.683241,-3.594735,-3.632906,-3.864313,-3.945284,-3.663939,-3.305280,-3.318393,-3.692099,-3.224283,-2.912995,-3.427574,-3.233430,-2.975639,-2.730706,-2.267200,-1.417298,-0.306070,0.251935,0.259000,0.621251,0.228660,-1.618698,-2.375109,-2.772038,-3.175473,-4.229564,-5.945794,-5.775816,-8.122778,-5.367058,-4.725644,-5.109541,-4.957959,-4.433201,-4.515685,-5.381620,-6.152209,-4.634019,-4.729616,-5.309267,-5.720560,-5.267236,-4.049298,-2.886712,-3.175385,-4.301041,-4.190499,-3.151671,-3.552490,-4.201474,-4.753541,-6.166404,-5.774833,-6.380512,-4.749004,-4.356963,-4.370190,-3.425525,-3.839463,-5.891640,-6.307468,-7.096094,-6.375702,-6.270190,-4.819637,-4.126436,-5.341376,-3.755062,-4.114340,-6.604411,-6.179816,-6.818184,-6.259171,-5.724501,-4.247905,-3.555698,-4.418189,-5.116267,-5.270181,-5.930951,-6.317182,-5.240058,-5.343159,-6.269097,-6.789757,-5.682236,-5.432650,-4.614894,-5.248841,-5.589434,-5.546005,-4.729226,-4.953753,-5.519184,-6.164960,-3.897256,-3.941568,-5.553605,-7.451686
-3.925691,-4.467372,-4.207296,-3.930402,-3.786292,-3.588924,-3.615571,-4.329471,-4.734666,-4.705183,-5.217231,-5.082231,-4.481738,-3.671058,-3.496185,-3.960999,-4.552590,-3.965786,-3.831168,-3.331907,-3.163848,-3.791140,-4.372208,-5.095951,-4.959158,-4.251120,-4.950892,-4.843613,-4.990562,-4.406904,-4.917500,-5.392884,-4.446635,-4.246871,-4.476532,-4.561775,-3.828866,-3.600557,-3.532706,-4.144698,-2.462599,-2.875800,-2.098299,-3.817861,-3.120030,-3.884184,-4.615949,-4.051803,-4.116800,-4.110500,-4.028812,-3.954026,-3.894150,-4.312148,-3.239054,-3.336895,-3.554303,-3.740524,-3.467415,-3.417693,-3.213792,-2.520796,-1.129414,-0.626307,-0.830222,-0.883679,-1.030878,-1.691408,-2.780355,-3.680925,-4.075696,-5.250907,-5.681264,-6.054988,-5.412973,-4.484051,-4.837833,-5.399532,-4.200569,-4.304433,-4.956161,-5.113142,-6.304490,-5.977875,-7.104418,-6.266491,-7.279246,-6.141196,-4.150382,-3.443611,-3.529106,-4.307356,-4.079331,-4.919120,-5.463743,-6.196706,-7.869061,-9.248484,-8.592844,-6.559729,-7.126000,-4.983078,-4.476448,-5.048686,-6.444839,-6.242097,-7.621929,-7.436012,-8.717701,-5.329241,-4.678564,-5.324657,-7.103979,-6.476194,-7.200075,-7.626225,-7.327936,-8.640718,-7.251781,-7.127987,-8.094510,-6.103802,-6.141479,-7.868170,-8.379642,-7.610946,-7.015313,-7.471509,-8.227578,-7.337416,-6.149546,-6.514578,-7.465374,-6.996343,-6.789035,-7.104450,-8.342361,-10.374461,-7.691265,-6.708362,-6.438353,-6.987690,-9.113130,-7.883424
-4.026382,-5.217158,-4.404395,-4.135232,-3.707096,-3.561490,-3.727035,-4.146763,-4.360140,-4.442931,-4.842102,-6.701503,-5.153395,-4.047165,-3.841447,-3.974625,-4.212420,-4.515890,-4.453427,-3.735703,-3.273177,-4.945459,-4.211547,-4.677360,-4.740948,-4.703846,-4.195891,-4.401057,-4.949347,-4.919363,-4.446266,-4.603034,-4.313767,-4.079171,-3.964317,-3.788619,-3.442090,-3.072365,-2.663898,-2.079127,-1.721521,-1.717053,-1.781364,-2.188196,-2.599666,-2.840888,-3.055864,-3.012100,-2.925605,-2.596891,-2.300548,-2.075192,-1.895686,-1.164527,-0.805822,-0.898208,-1.371833,-1.787084,-1.847807,-1.922793,-1.641360,-1.508643,-1.766613,-1.790371,-2.638388,-3.443701,-3.341726,-4.832501,-2.471481,-2.913909,-3.477610,-3.282609,-3.626280,-3.616056,-3.190198,-3.052993,-3.187820,-1.907201,-1.506834,-1.699116,-2.447488,-3.204821,-2.940036,-2.868351,-2.824076,-1.903343,-1.650978,-1.922324,-2.544749,-3.340171,-4.164808,-4.725503,-3.969921,-4.145558,-5.384217,-6.084645,-6.727241,-5.650662,-5.337824,-5.075127,-4.957004,-5.244230,-5.066489,-5.533046,-6.891313,-6.190838,-5.754786,-5.423962,-4.715123,-4.278383,-3.845047,-3.809670,-4.073511,-4.659531,-5.344632,-5.959691,-6.506286,-6.724401,-6.199767,-6.283776,-5.578895,-4.905660,-4.642582,-4.523840,-4.511380,-4.673142,-4.947743,-5.090361,-5.713915,-4.952603,-4.198341,-3.989504,-4.386297,-5.174598,-5.316461,-6.829078,-7.788813,-6.351481,-5.749651,-4.867640,-4.201841,-3.783763,-3.852608,-4.660810
-4.307811,-4.983500,-4.471269,-4.775598,-3.745889,-3.785208,-3.985001,-4.175891,-4.117482,-4.376046,-4.780962,-5.309683,-6.039460,-4.303255,-4.620759,-4.210436,-4.596679,-5.844195,-4.829586,-3.668159,-3.335117,-4.519553,-4.669212,-4.481477,-5.012004,-6.305484,-4.254076,-3.921755,-4.634505,-4.715086,-4.906299,-4.891724,-4.674614,-4.935323,-4.442650,-4.592899,-4.375483,-3.643883,-3.539988,-2.345388,-1.586010,-1.724274,-2.839778,-2.966914,-4.562470,-4.025071,-4.701435,-4.197851,-4.238506,-3.133120,-3.151156,-2.463979,-2.158429,-1.254690,-0.803237,-0.947946,-1.860704,-2.504169,-2.768477,-2.808792,-2.885069,-2.420048,-2.396358,-3.204000,-3.264521,-4.539956,-5.157817,-3.377928,-2.315358,-2.483240,-3.888692,-5.136213,-5.430196,-4.779172,-4.534926,-3.478996,-2.676577,-1.834671,-1.189690,-1.487427,-3.259401,-4.023090,-4.945454,-5.064989,-4.231449,-1.567149,-0.603995,-1.068666,-3.551433,-4.462413,-4.947426,-4.207857,-4.732090,-4.727294,-4.779472,-4.906798,-5.378885,-5.696600,-6.277033,-5.433308,-4.321669,-4.973076,-4.516627,-4.750762,-6.363530,-6.939988,-6.700498,-7.567164,-6.601038,-3.832424,-2.791407,-3.169139,-5.318186,-6.741669,-5.797053,-6.067600,-6.969715,-7.139670,-7.786885,-7.760774,-7.898223,-6.478052,-6.877814,-5.302509,-4.242205,-4.611689,-6.757267,-7.347807,-6.865916,-6.842576,-7.458161,-6.265421,-6.293025,-6.023322,-4.894396,-5.175024,-6.680815,-6.609665,-5.437819,-5.852730,-7.723422,-5.170821,-4.395175,-4.996328
-4.809607,-4.420126,-4.438869,-5.236433,-3.873163,-4.479700,-4.213423,-4.542794,-3.983824,-4.749288,-4.709211,-5.447761,-5.458246,-4.202039,-4.612001,-4.326190,-5.049534,-5.632501,-4.563108,-3.406873,-3.256361,-4.230871,-4.743294,-4.666270,-6.033288,-5.469791,-4.319890,-3.909660,-4.536158,-4.682436,-4.893823,-5.078678,-4.989238,-4.602967,-4.975559,-6.643958,-4.967321,-4.593765,-4.000437,-3.070856,-2.576248,-2.524900,-3.250351,-4.091633,-4.845994,-4.859127,-5.266342,-4.902637,-5.917139,-3.815457,-2.936692,-2.666718,-3.359600,-5.307228,-3.817988,-3.264702,-3.529184,-3.906053,-5.524553,-3.511568,-5.132439,-2.602031,-2.208078,-2.963236,-4.301291,-4.374843,-3.953400,-3.477553,-3.520749,-4.514293,-5.145957,-4.810690,-5.053602,-6.028346,-4.590615,-4.027289,-5.403132,-5.296637,-4.124557,-4.041035,-4.872952,-4.628931,-4.345188,-5.470374,-2.756803,-1.795302,-1.764659,-2.517073,-4.223767,-6.936848,-5.024285,-5.825885,-6.380898,-5.786767,-6.414849,-6.668077,-6.521024,-6.936466,-6.563798,-5.625670,-5.932863,-5.847254,-6.665264,-7.852136,-7.286202,-7.091346,-7.972517,-6.405310,-4.937209,-3.799104,-3.988283,-5.197267,-6.720233,-8.199022,-6.951220,-7.049188,-7.301785,-7.581326,-7.807518,-7.274175,-7.174744,-7.141152,-6.034878,-5.971548,-6.767415,-7.043131,-7.249950,-6.421689,-5.890421,-5.747191,-5.807154,-5.775028,-6.320723,-7.058185,-7.153019,-7.468231,-7.317369,-6.889878,-7.111243,-7.737347,-7.041968,-5.950140,-6.125922,-7.637690
-5.395935,-4.122664,-4.450804,-4.591221,-3.961330,-5.858268,-4.261355,-4.496669,-3.927070,-7.108696,-4.601441,-5.973347,-4.975552,-3.995892,-3.966761,-4.302306,-4.994612,-5.284379,-4.116812,-3.450215,-3.380915,-3.826129,-4.211768,-4.341952,-5.026843,-5.838807,-4.453439,-3.992713,-5.478666,-5.333528,-4.667630,-5.485789,-6.342998,-4.383249,-4.359090,-4.631682,-3.844163,-3.975172,-3.483833,-3.203275,-2.940604,-4.174846,-3.536183,-4.635509,-4.138762,-4.513038,-5.137950,-6.590584,-5.618152,-5.613724,-5.012261,-5.560719,-4.873382,-5.403769,-4.967933,-4.951137,-4.827933,-5.221255,-4.326071,-4.852104,-4.019757,-3.388676,-6.552647,-3.424173,-4.392552,-4.295261,-4.377142,-4.754241,-4.411564,-5.199014,-5.310313,-5.547604,-6.134068,-6.472828,-6.428118,-8.009871,-6.287409,-6.386021,-6.266458,-6.950331,-8.419613,-6.269136,-8.077238,-6.628950,-6.955791,-6.627277,-6.061420,-7.129473,-8.345472,-5.950492,-5.504893,-6.281474,-9.316223,-8.750840,-7.695563,-7.905325,-8.207245,-9.406605,-9.561470,-8.275419,-7.826177,-7.606861,-7.456042,-8.079052,-7.366033,-7.529330,-7.858998,-8.270819,-7.297318,-6.589400,-5.583924,-6.329588,-7.461257,-7.606224,-8.124016,-7.640448,-7.429284,-7.506284,-7.628878,-7.405048,-7.326777,-8.835646,-7.239127,-7.194913,-7.788845,-7.900348,-8.159783,-8.453488,-8.396775,-7.422593,-7.458147,-7.399148,-7.443400,-8.257912,-7.670186,-8.882182,-7.607579,-7.452118,-7.924141,-7.589633,-7.395630,-8.080461,-8.342231,-8.017378
-4.690985,-3.968544,-4.553782,-4.429359,-3.911125,-4.313689,-4.203531,-4.141146,-3.888482,-4.619727,-4.555917,-5.771667,-4.896484,-3.847996,-3.764903,-4.482621,-5.217354,-5.084410,-4.103728,-3.773809,-3.971895,-3.719559,-3.980253,-4.370093,-4.751192,-5.335584,-4.567505,-4.176681,-4.557659,-5.849145,-4.535286,-4.490584,-4.753571,-3.867964,-3.632832,-4.230674,-3.088690,-2.744324,-3.278686,-1.993370,-1.799070,-2.849473,-2.529981,-2.500183,-3.053720,-3.171319,-3.536015,-3.374565,-3.450432,-3.404599,-3.393193,-3.362911,-3.447198,-3.560995,-3.967564,-3.875902,-4.441966,-4.867497,-4.347926,-5.029204,-4.136757,-3.132890,-3.144918,-3.374972,-6.202201,-6.080585,-5.390394,-4.818272,-4.131135,-5.366687,-5.108263,-6.176773,-8.307408,-8.353387,-7.203571,-5.624222,-5.351977,-5.604202,-5.799228,-6.583866,-7.361286,-6.379328,-7.107228,-7.984771,-6.383408,-5.890076,-6.844021,-6.259957,-6.715542,-6.692629,-6.067992,-6.359766,-6.785780,-5.541832,-5.446501,-6.382718,-6.573845,-7.613122,-8.067268,-9.257957,-8.165889,-7.670517,-7.775249,-9.014223,-7.781561,-7.823534,-7.487685,-7.962619,-7.843020,-6.705221,-5.728925,-6.222516,-7.893983,-7.642762,-9.897266,-7.597717,-7.792542,-7.898602,-9.491240,-6.960662,-6.617328,-7.594270,-8.532784,-6.738762,-6.335200,-6.864852,-7.519264,-6.865069,-6.868687,-6.693430,-6.831537,-7.341839,-6.973375,-6.630243,-7.090617,-7.278462,-6.382749,-6.819904,-8.607096,-8.035152,-9.110844,-7.335927,-7.376933,-7.721356
-4.226579,-3.891328,-4.639290,-4.428274,-3.828492,-3.918731,-4.124344,-4.215300,-3.835540,-3.992207,-4.436390,-6.194012,-4.720134,-3.830905,-3.868341,-4.729740,-5.577142,-5.715391,-4.366561,-4.312847,-5.192467,-4.167232,-4.272215,-5.134565,-4.871587,-5.568336,-5.098316,-4.504530,-4.788378,-4.769641,-4.267436,-4.108438,-4.027110,-3.725050,-3.466010,-3.372511,-3.082746,-2.691880,-2.199593,-1.383228,-0.989346,-1.157296,-1.539984,-2.021713,-2.495719,-2.830061,-2.980752,-3.071408,-2.914575,-2.570628,-2.303275,-2.177987,-2.131094,-1.832445,-1.817101,-2.423150,-3.814317,-4.244792,-3.720172,-4.242790,-3.044022,-1.952033,-1.423885,-1.481208,-2.030219,-2.582083,-2.626494,-2.520895,-2.345947,-2.392570,-2.914177,-3.675461,-3.944262,-4.158275,-4.613021,-3.003264,-2.974329,-2.756589,-1.916226,-2.416660,-1.540174,-1.042698,-1.141461,-1.824411,-3.096255,-3.943968,-3.555673,-3.767231,-4.379202,-4.817997,-4.636028,-4.571193,-4.333499,-3.446857,-3.647192,-4.671949,-5.710414,-7.318290,-6.070243,-5.461866,-4.176420,-3.605606,-4.514452,-4.828449,-4.087754,-3.492240,-3.842735,-3.950196,-4.758824,-4.549845,-4.166768,-5.131363,-6.304850,-7.909680,-5.527583,-5.468052,-5.616621,-5.326845,-4.245453,-3.191121,-2.271420,-2.956011,-5.335241,-5.069140,-5.161931,-6.332378,-5.333283,-5.301429,-6.252059,-3.783875,-3.513530,-3.916093,-5.406453,-8.098140,-5.004285,-6.059104,-4.579190,-4.597752,-3.639004,-3.843456,-5.337057,-6.856126,-5.192949,-4.158658
-4.143562,-3.845544,-4.488086,-4.330140,-3.871418,-3.846508,-4.134266,-4.798645,-3.853882,-3.831802,-4.333781,-5.656035,-4.580202,-3.989128,-4.292414,-4.740939,-5.237657,-5.413339,-4.719701,-4.784268,-4.459480,-5.030281,-5.045526,-5.047838,-4.659907,-4.904280,-5.060818,-4.468968,-4.744514,-4.470287,-4.500790,-4.768672,-4.378318,-5.046586,-3.940979,-4.696213,-4.450377,-3.716770,-3.090659,-1.882130,-1.231763,-1.510611,-2.283503,-3.418486,-4.886902,-4.926380,-4.288051,-4.952533,-4.650223,-4.515944,-4.413028,-4.734352,-5.546145,-2.876402,-1.974491,-2.665921,-4.247064,-4.849755,-4.268964,-4.082395,-3.978029,-2.927388,-3.363219,-3.335259,-4.949576,-4.722014,-4.904225,-4.566345,-3.738654,-3.781880,-4.926969,-7.377464,-5.508173,-6.259763,-5.711340,-3.287846,-2.452940,-2.120776,-1.949805,-2.599429,-4.745323,-3.463849,-2.639637,-3.174700,-6.414145,-6.091118,-6.365853,-6.490535,-7.595403,-6.871030,-6.648100,-3.959536,-3.003953,-3.589803,-5.446558,-6.234648,-7.684869,-8.363428,-8.791564,-5.523296,-4.576778,-5.360773,-5.199216,-5.462625,-8.449778,-5.164799,-4.308904,-4.878199,-7.182854,-6.216192,-5.382658,-5.938474,-7.838529,-6.712045,-5.660214,-5.735252,-6.139853,-6.880117,-7.645778,-4.565710,-3.599627,-4.186206,-5.311046,-6.292817,-6.158782,-6.176477,-6.131556,-6.349880,-6.681596,-4.911147,-3.944142,-4.425148,-6.575693,-6.355762,-6.123396,-6.539273,-7.143155,-4.496110,-4.092722,-5.105227,-6.489954,-6.804239,-6.935714,-4.506052
-4.419038,-3.833508,-4.101275,-4.198536,-4.133796,-3.953754,-4.330319,-6.092434,-3.975789,-3.936998,-4.367904,-4.996790,-4.734872,-4.281010,-5.197991,-4.884129,-5.007147,-4.972398,-4.555154,-5.297399,-4.041013,-5.001100,-6.015661,-4.576274,-4.237561,-4.153465,-4.279704,-4.351397,-4.210124,-4.141670,-4.786409,-5.479024,-5.721528,-4.682045,-4.452490,-4.813665,-4.977273,-5.565358,-4.655491,-2.719143,-2.045443,-3.162299,-2.765750,-2.931340,-3.178773,-3.242820,-3.347451,-3.480032,-3.488703,-3.288060,-2.995654,-2.939303,-3.246002,-2.517679,-1.931972,-2.432680,-2.775855,-2.403847,-2.079676,-1.740276,-1.212726,-0.806400,-0.745450,-0.872296,-1.192515,-1.578958,-1.582261,-1.325033,-1.349203,-1.770057,-2.758859,-3.759334,-4.024121,-4.736955,-5.055465,-3.071820,-2.284858,-1.782162,-1.596941,-2.226218,-2.715893,-2.247796,-2.141433,-2.445332,-3.004130,-3.838298,-4.336196,-5.099267,-6.879127,-5.950298,-4.888725,-3.867067,-3.321368,-3.998093,-6.214292,-5.198099,-4.851953,-4.807179,-4.616568,-4.994287,-4.531209,-4.198071,-4.912628,-4.974742,-4.235459,-3.943817,-4.192636,-4.774394,-4.708697,-4.714415,-4.236790,-4.078656,-4.402907,-3.921907,-4.016184,-4.799581,-6.363191,-4.961979,-5.001774,-4.305819,-4.489028,-4.904676,-4.709682,-5.863600,-5.535899,-5.106542,-5.346511,-4.959041,-5.023074,-5.184103,-6.286644,-4.826472,-5.590683,-4.949026,-5.283716,-5.382984,-4.604116,-4.524160,-5.217628,-4.643848,-4.537616,-5.674109,-5.146040,-5.226077
-5.203189,-3.870391,-3.772221,-4.223080,-4.621294,-4.270216,-4.664078,-5.141394,-4.144049,-4.313985,-4.669027,-4.763817,-5.457845,-4.551468,-5.438485,-5.347772,-5.118003,-5.500275,-4.379245,-3.963541,-3.566615,-4.092872,-4.656817,-4.303729,-4.693560,-3.961577,-4.377925,-4.894604,-4.626753,-4.207873,-5.049792,-5.206243,-5.553916,-4.844431,-4.875375,-4.980399,-5.143529,-5.710228,-4.572439,-3.299000,-2.549253,-2.565281,-3.433316,-3.818329,-3.839170,-4.026712,-5.271423,-5.215141,-5.045498,-4.715286,-3.607673,-5.107687,-3.817502,-2.750567,-2.248013,-2.570509,-4.015856,-3.908936,-4.519552,-4.939487,-2.868642,-1.807146,-1.401946,-1.804236,-2.956307,-4.524912,-4.563937,-2.317165,-1.029041,-1.272931,-3.226900,-4.573243,-6.167465,-6.273240,-4.717820,-2.586576,-1.474415,-2.011137,-2.303086,-2.601327,-5.922446,-2.313292,-1.400676,-1.920295,-4.741990,-5.808753,-7.691901,-8.599660,-7.558642,-8.494546,-6.722507,-4.924489,-3.667938,-3.966318,-6.078435,-7.399619,-7.868682,-7.196353,-7.294397,-4.763303,-3.824081,-4.316714,-6.362174,-6.197860,-7.334743,-4.769418,-3.891309,-4.385978,-6.991877,-7.882035,-7.213200,-8.527311,-7.683983,-4.972186,-3.835614,-4.108411,-5.635370,-6.919945,-6.474988,-4.031285,-2.967045,-3.354846,-5.618674,-4.786267,-3.920427,-4.326766,-6.546237,-7.188514,-6.321482,-3.602589,-2.607287,-2.873062,-3.928993,-5.097604,-8.924685,-7.297798,-6.751211,-3.450920,-2.780256,-3.446560,-5.029410,-5.285836,-7.535186,-4.228908
-5.366839,-3.925758,-3.623971,-4.350174,-5.041741,-5.083642,-4.668072,-5.043608,-4.201376,-5.189838,-5.534053,-4.886342,-6.755674,-4.785999,-4.547368,-5.357770,-5.060593,-5.695723,-4.335658,-3.506541,-3.260608,-3.670285,-4.080722,-4.147420,-4.741686,-3.881077,-4.991009,-5.762040,-5.464506,-4.417534,-4.812572,-4.460534,-4.572142,-4.662880,-4.249475,-4.291305,-4.400606,-4.540182,-3.627815,-3.636180,-3.310385,-3.211454,-3.245210,-3.543881,-3.609846,-3.719171,-4.189394,-4.180281,-4.174103,-4.591217,-3.571546,-3.685700,-3.774005,-3.681259,-3.808849,-4.960866,-3.983263,-4.146643,-4.520230,-4.292221,-4.156020,-3.258978,-3.756049,-5.133685,-3.739834,-3.136151,-2.646639,-1.702362,-1.315652,-1.806024,-2.970538,-4.896420,-5.688364,-5.805195,-5.087789,-2.512809,-1.545675,-1.984476,-3.630704,-4.327991,-3.804314,-3.622071,-4.190707,-5.243842,-6.399825,-6.635406,-7.798209,-6.396745,-5.724822,-5.491162,-5.112815,-4.333215,-4.190503,-4.741317,-5.422572,-6.076663,-6.994599,-6.863648,-6.857594,-4.515718,-3.715692,-4.289167,-7.015283,-6.270372,-5.975661,-5.349404,-5.076860,-6.248280,-6.494630,-6.805295,-6.838404,-8.183373,-6.796653,-4.976241,-3.887679,-4.266411,-6.195334,-6.947547,-7.712190,-7.035248,-5.978051,-5.612830,-5.692349,-4.998554,-4.592433,-5.164104,-7.652170,-7.412543,-7.257995,-4.714731,-4.061085,-4.342756,-4.856036,-5.763850,-7.134143,-6.902169,-7.603354,-5.566545,-4.635935,-5.325339,-5.830041,-5.876582,-7.193161,-6.152335
-4.539461,-3.971657,-3.672551,-4.195459,-4.807928,-5.335106,-4.361248,-4.618049,-4.071027,-5.821504,-5.562026,-4.877495,-5.509515,-5.124078,-4.308216,-4.420065,-4.471452,-4.641008,-4.570197,-3.521834,-3.150242,-3.844099,-4.209401,-4.229500,-4.003980,-3.855665,-4.261034,-5.100749,-6.772866,-4.567988,-4.221136,-4.172066,-4.288963,-4.125103,-3.922411,-3.887490,-4.195399,-4.078496,-3.002258,-2.180564,-1.900592,-1.930279,-2.273672,-2.878284,-3.190102,-3.200004,-3.684108,-4.301708,-3.761540,-3.352694,-3.234481,-3.437286,-3.450899,-3.635100,-3.942431,-3.460037,-3.102045,-3.153557,-3.218089,-2.871406,-2.791792,-2.545399,-2.394244,-2.713175,-3.576812,-4.442987,-4.811110,-3.537769,-3.133471,-3.717539,-3.995078,-4.510549,-4.684520,-4.679378,-4.017069,-3.650574,-4.212231,-3.466403,-3.325577,-3.818535,-4.855529,-5.415308,-4.884135,-4.085925,-4.123958,-3.780625,-3.747523,-4.092461,-4.243592,-4.352169,-4.536685,-5.001718,-6.322984,-4.798129,-4.388051,-4.965870,-5.221245,-5.606824,-5.545743,-5.043298,-5.449665,-5.665697,-5.693796,-5.377435,-5.394545,-5.706350,-5.143350,-4.449882,-4.437369,-4.912697,-6.186910,-6.010565,-5.247885,-5.270446,-5.369642,-6.120493,-6.201535,-4.915936,-4.843872,-6.855019,-5.743880,-6.096136,-7.137366,-6.041043,-6.807037,-6.908240,-5.828338,-4.373433,-3.804959,-4.463308,-7.936696,-6.557849,-6.499907,-6.534520,-6.600020,-7.164147,-6.604050,-6.387007,-5.812868,-6.473002,-6.969253,-6.624575,-7.325466,-6.837503
-4.210179,-4.054601,-3.917640,-3.908595,-4.372211,-4.445318,-4.144337,-3.995115,-3.813124,-4.450119,-4.568501,-4.703297,-5.494559,-5.315888,-4.350005,-4.066022,-3.945388,-4.725894,-4.730937,-3.924346,-3.112742,-4.372874,-4.370514,-5.399884,-4.013418,-4.350926,-4.083310,-4.443891,-4.980210,-5.229202,-4.558961,-4.753360,-4.874697,-5.431193,-3.999977,-5.328693,-3.591370,-3.337746,-4.503429,-1.932095,-1.775002,-2.045921,-3.050963,-3.479399,-4.349617,-4.391978,-4.485940,-4.500743,-5.380359,-4.857146,-4.004566,-5.016586,-4.419416,-5.095475,-5.007334,-5.116250,-6.180967,-4.866347,-4.822040,-5.689354,-5.290923,-4.130014,-3.783742,-4.434549,-4.981736,-6.532565,-6.577099,-6.192513,-5.506871,-4.768727,-4.978077,-5.164622,-5.808615,-6.408417,-6.696618,-6.463715,-5.460372,-4.994507,-5.103744,-6.273234,-6.123486,-5.812179,-6.102905,-7.329393,-6.676732,-6.251979,-6.872424,-9.465549,-7.397234,-8.396043,-8.135805,-7.510202,-7.035425,-6.358539,-6.634521,-7.248713,-6.862020,-7.114232,-7.622913,-8.157635,-7.966051,-7.659586,-8.134562,-7.469568,-6.670781,-6.627982,-6.930013,-7.131292,-8.434528,-7.169929,-7.177061,-7.382880,-7.422979,-7.208681,-8.004832,-7.100403,-7.691205,-6.984031,-6.872465,-6.652178,-6.527019,-8.025243,-7.357849,-5.935856,-5.128895,-5.567968,-7.623588,-7.445941,-7.785517,-6.803935,-6.362642,-7.931250,-6.800976,-7.010829,-7.738555,-8.610694,-8.077826,-8.179140,-8.330634,-7.528377,-7.438917,-8.083961,-8.329819,-7.024940
-4.148011,-4.263591,-4.331771,-3.793286,-4.036355,-4.144542,-4.071329,-3.756830,-3.607929,-3.930294,-4.270854,-4.734659,-5.532720,-5.257033,-4.503548,-4.318283,-3.672759,-3.896270,-3.920972,-3.482934,-2.965789,-3.821413,-4.570269,-4.377742,-4.303597,-7.105119,-4.416895,-4.178067,-5.118229,-8.110893,-5.326581,-5.328045,-5.202628,-4.532212,-4.016501,-3.661711,-3.153512,-2.673439,-2.242790,-1.498008,-1.530993,-1.704460,-1.740622,-2.239083,-2.661345,-2.985365,-3.219951,-3.300315,-3.184561,-2.888140,-2.563044,-2.377009,-2.141818,-1.623923,-1.491556,-1.849344,-2.814499,-4.352982,-2.989063,-2.136946,-1.352817,-0.756540,-0.504374,-0.594413,-0.993457,-1.626341,-2.190400,-2.357917,-2.124641,-2.012244,-2.124647,-2.420171,-2.759111,-2.861472,-2.532369,-2.428774,-2.549680,-2.279060,-2.130219,-2.216976,-1.795412,-1.292260,-1.179432,-1.393180,-1.905998,-2.655853,-3.261392,-3.657190,-3.938955,-4.007853,-4.034704,-4.562430,-5.592350,-5.381271,-4.914827,-4.939313,-5.345657,-5.489357,-4.923820,-4.976860,-5.018701,-4.800936,-4.522497,-4.075927,-3.666365,-3.616053,-3.922621,-4.057251,-4.214649,-5.174510,-5.902331,-5.558651,-5.415759,-6.352408,-5.399238,-5.641271,-6.226904,-6.714114,-6.286638,-5.084765,-4.841082,-4.574665,-4.668273,-4.704932,-5.525334,-5.252516,-5.600814,-5.272891,-5.708902,-6.082490,-5.262914,-5.832762,-5.718228,-5.730579,-5.619383,-5.373737,-5.874445,-5.915133,-5.762973,-5.688826,-4.585886,-5.420943,-6.014866,-7.782350
-4.277420,-4.584739,-4.816770,-3.848928,-3.885137,-4.123569,-4.193391,-3.776821,-3.559183,-3.748460,-4.226829,-5.072324,-5.480016,-5.261524,-4.862844,-5.314326,-3.747929,-3.334244,-3.234414,-2.854192,-2.795397,-3.857795,-4.282128,-3.773870,-4.510460,-5.613510,-4.579808,-4.657970,-4.814788,-5.871151,-5.163199,-5.452115,-5.267331,-3.960465,-4.386621,-3.955821,-3.687226,-3.285161,-2.544030,-1.954283,-1.339422,-1.388889,-2.135427,-2.689614,-3.305701,-3.314874,-4.887397,-5.813341,-4.107224,-3.431340,-3.374122,-2.769486,-2.597631,-1.653749,-1.299158,-1.536093,-2.550959,-3.235719,-3.514075,-2.876314,-3.218608,-1.555023,-1.324861,-1.497739,-2.585019,-4.015203,-5.464415,-3.310218,-2.121098,-2.415540,-4.092495,-4.905254,-5.706411,-5.416541,-5.456632,-2.431421,-1.445827,-2.307597,-1.907594,-1.949045,-1.510023,-0.692557,-0.655025,-1.311498,-2.497496,-4.577893,-5.447886,-5.789254,-5.707625,-6.004648,-6.491158,-5.247566,-4.155392,-4.658629,-7.715032,-7.086199,-7.086777,-6.124291,-5.964488,-3.940325,-2.957681,-3.494968,-4.295244,-3.340781,-2.866669,-2.805860,-2.591442,-3.101186,-4.478662,-6.700522,-6.988453,-6.342976,-6.386093,-3.556466,-2.510329,-2.905214,-4.588973,-3.531519,-3.048872,-3.946461,-2.489677,-2.855182,-4.340183,-4.448535,-3.386030,-3.775910,-5.489660,-4.699057,-4.304391,-3.601762,-3.029499,-3.292928,-3.976180,-5.506863,-6.548426,-4.561689,-4.262547,-2.731806,-2.142417,-2.724452,-5.512393,-5.064703,-6.050468,-3.645026
-4.536624,-4.827493,-4.893370,-4.026820,-3.952498,-4.293276,-4.612392,-4.005827,-3.706266,-3.829426,-4.388797,-5.738682,-5.759939,-5.854788,-5.415782,-5.841410,-3.932467,-3.272804,-2.989194,-2.753461,-2.831493,-3.486134,-3.839958,-3.649342,-4.268680,-4.897804,-4.842084,-6.319497,-4.784996,-4.900974,-5.528077,-5.779382,-4.697823,-3.934120,-3.852912,-3.879662,-4.302180,-4.733128,-4.589421,-3.450379,-2.284834,-2.232854,-3.076860,-3.744191,-3.530613,-3.675720,-3.848131,-4.017308,-3.981282,-3.708739,-3.190611,-2.746154,-2.947430,-4.414483,-4.029435,-4.020277,-4.743506,-4.787538,-4.134768,-3.549856,-4.459988,-3.708553,-2.652134,-2.583940,-3.322556,-3.396663,-3.507380,-4.088494,-3.108156,-3.132301,-3.846232,-3.788445,-4.142644,-4.242164,-3.396463,-2.318824,-2.035958,-2.257481,-3.197511,-5.230552,-3.492529,-3.616731,-6.094371,-5.370700,-6.079664,-6.509909,-5.890397,-6.120456,-5.723404,-5.546159,-5.596660,-5.181210,-5.333014,-4.965820,-4.928454,-5.452169,-5.723592,-5.031224,-4.099943,-3.553211,-3.983509,-5.278360,-6.392756,-5.641370,-5.895533,-5.737248,-5.897977,-6.397191,-6.786627,-7.217278,-6.486626,-6.224064,-4.730810,-3.340752,-3.056882,-3.801847,-7.840763,-4.903044,-5.214438,-5.338738,-5.218787,-5.442856,-4.488986,-3.362695,-3.298179,-4.282754,-7.117846,-6.597802,-5.853707,-5.888086,-5.289081,-4.632609,-5.583839,-5.643671,-6.757928,-7.028009,-5.492846,-3.714139,-3.460775,-4.334259,-6.565209,-7.190704,-6.056401,-6.725989
-4.048229,-3.846491,-4.034935,-4.473818,-4.387453,-4.398251,-4.962573,-6.776891,-5.968528,-5.168708,-4.780021,-4.806526,-5.282049,-6.125212,-5.228721,-4.438563,-4.122244,-4.050859,-4.071104,-3.997561,-3.855046,-3.978514,-4.527660,-5.229549,-4.997789,-5.107085,-5.628999,-4.939150,-4.451532,-4.228740,-4.250002,-4.601932,-5.215912,-4.996056,-4.831798,-5.300458,-5.382429,-4.409711,-4.074486,-4.025668,-4.311408,-4.917826,-5.192725,-5.422017,-5.937777,-5.377473,-5.413042,-5.774585,-6.534081,-6.039586,-5.365358,-5.272128,-5.554034,-6.034498,-6.476537,-6.701745,-6.334993,-5.774075,-5.382297,-5.233139,-5.384189,-5.234170,-4.541780,-4.260045,-4.330354,-4.668826,-5.108434,-5.475688,-5.759675,-5.647333,-5.752184,-6.229449,-5.586483,-5.359123,-5.584587,-5.564487,-5.364365,-5.350561,-5.403000,-5.728549,-7.385338,-5.948435,-5.693127,-5.728550,-5.712029,-5.725801,-5.677932,-5.724002,-5.879880,-5.980804,-6.028849,-6.074929,-6.122963,-6.144763,-6.127909,-6.123172,-6.124540,-6.158473,-6.181699,-6.084261,-5.959568,-6.003592,-6.114118,-6.175842,-6.175340,-6.215402,-6.277312,-6.358884,-6.500555,-6.689860,-6.664008,-6.714844,-7.196592,-7.018567,-5.917579,-5.691152,-5.903880,-6.115732,-6.099106,-6.271899,-6.683214,-6.511355,-6.264980,-6.304094,-6.390472,-6.492393,-6.474144,-6.368303,-6.555133,-6.798203,-6.315519,-6.226996,-6.469840,-6.425002,-6.579935,-6.765855,-6.533930,-6.433475,-6.509034,-6.748474,-6.811240,-6.798448,-6.741461,-6.508901
-3.850439,-3.608730,-3.870413,-4.750430,-4.271163,-4.041401,-4.516421,-5.658278,-5.363840,-4.763941,-4.382148,-4.440588,-5.163440,-5.817425,-4.841096,-4.179995,-3.828066,-3.825354,-3.733752,-3.388834,-3.263361,-3.588547,-4.765579,-5.400614,-5.537384,-4.429478,-4.229166,-4.586084,-4.583384,-3.887117,-4.721502,-4.303273,-5.885876,-7.083359,-4.252101,-5.336936,-5.109732,-4.226614,-4.071823,-4.284018,-4.175262,-5.103051,-5.249668,-6.338513,-5.652563,-4.931162,-5.101442,-6.310791,-5.397360,-5.430377,-6.508372,-5.656730,-5.895337,-6.936203,-7.425424,-7.177946,-7.534976,-6.273204,-5.823404,-7.090676,-5.536247,-5.695098,-4.388753,-5.058065,-5.909101,-6.939450,-7.358057,-6.711585,-6.927264,-6.385221,-6.109475,-6.318662,-7.156890,-7.664031,-5.909371,-5.740233,-5.885314,-6.025819,-6.923920,-7.596961,-7.129101,-7.166591,-6.481135,-6.661671,-6.171724,-5.394422,-5.364867,-5.944871,-6.506320,-6.141067,-6.264361,-7.152808,-5.817546,-5.105402,-5.390525,-6.264364,-9.491641,-8.088423,-9.333765,-7.961867,-7.541045,-7.235270,-8.410822,-7.908073,-7.172793,-6.350420,-6.542850,-7.423248,-8.502196,-8.102888,-7.559995,-7.301775,-7.996189,-6.887093,-5.775847,-6.214582,-8.141849,-7.334573,-7.153211,-6.779785,-6.607187,-7.386674,-9.749003,-6.780383,-5.825153,-6.224475,-8.258441,-8.833755,-9.467043,-7.599473,-7.242619,-7.742524,-8.592572,-8.261321,-8.063396,-7.973762,-7.864024,-8.550847,-8.535233,-7.990589,-9.024018,-8.608626,-8.383745,-8.969864
-3.777734,-3.519901,-3.801969,-5.499488,-4.296424,-3.856795,-4.164003,-5.033587,-5.329916,-4.614594,-4.219819,-4.322493,-5.033466,-6.215669,-4.551576,-4.173837,-4.030936,-3.734554,-4.314986,-3.109583,-3.104566,-3.674894,-4.507965,-5.129762,-5.446771,-4.124843,-3.711146,-3.952594,-3.911401,-3.633333,-4.215259,-3.791857,-3.687133,-3.617285,-3.162550,-2.939850,-2.724992,-2.334942,-1.981681,-1.686011,-1.549235,-1.586031,-1.719065,-1.896568,-2.120321,-2.425246,-2.619099,-2.674842,-2.750237,-2.637415,-2.675073,-2.566903,-2.452738,-2.383175,-2.379973,-2.478181,-2.638854,-2.771011,-3.074493,-3.334073,-3.695026,-4.845799,-4.216506,-5.137412,-5.161849,-4.208264,-4.416862,-4.675844,-4.583009,-4.899387,-5.993024,-5.701602,-6.752795,-6.774684,-6.577575,-8.922192,-6.102252,-6.430712,-5.978796,-6.191699,-7.318008,-7.994523,-7.698247,-8.498773,-6.865409,-6.757564,-6.598763,-7.373724,-7.136583,-6.975822,-7.030620,-7.110719,-7.275247,-6.897646,-8.335506,-7.538672,-7.040214,-7.262437,-8.618644,-8.795146,-7.598475,-7.695150,-8.393508,-8.185420,-7.911479,-7.760635,-7.966846,-7.688504,-7.538647,-7.442735,-7.831172,-7.960835,-8.277402,-8.323892,-7.006347,-7.489801,-8.324955,-8.023845,-8.635579,-7.500120,-6.883998,-7.638484,-9.287913,-8.611696,-9.150412,-8.438993,-7.689353,-7.959345,-8.948865,-8.051814,-8.000113,-7.812882,-7.855186,-8.045313,-9.310432,-10.632957,-9.012864,-8.614107,-8.203779,-8.134373,-8.107043,-7.987213,-9.440450,-8.503740
-3.835613,-3.581484,-3.791793,-5.552304,-4.461346,-3.838762,-3.942919,-4.635759,-6.071099,-4.530932,-4.272768,-4.517851,-4.791787,-5.381541,-4.465760,-4.476434,-4.930150,-3.756256,-4.221276,-2.924872,-3.298730,-4.251178,-4.163986,-5.364511,-4.792229,-3.892255,-3.875973,-3.896518,-3.579133,-3.912973,-3.706118,-3.597183,-3.974954,-3.114481,-2.965009,-2.773575,-2.580712,-2.170780,-1.636485,-0.960715,-0.578486,-0.650261,-1.062842,-1.453851,-1.780214,-2.162341,-2.415294,-2.586930,-2.532849,-2.479510,-1.956549,-1.971085,-2.539716,-1.145242,-0.860069,-1.008971,-1.593675,-2.323156,-1.893613,-1.837361,-1.480108,-0.977716,-0.823327,-1.084594,-1.773168,-2.190246,-1.975470,-1.135456,-0.993731,-1.336242,-1.913384,-3.321370,-3.766420,-4.172603,-3.986825,-2.411241,-1.754686,-2.358105,-1.757187,-2.264621,-3.530161,-0.692210,0.049415,-0.392752,-2.335365,-3.503085,-3.617040,-3.653795,-4.134537,-3.891782,-4.039768,-3.494024,-2.761457,-3.442135,-5.070783,-4.686802,-5.628686,-6.026954,-6.146683,-4.299818,-3.541675,-3.832848,-3.894361,-4.354348,-6.180817,-3.617101,-2.585335,-2.873727,-4.320434,-4.316540,-3.929055,-4.530514,-4.432858,-4.408145,-3.104608,-3.540685,-5.483430,-5.804452,-4.666765,-3.721071,-2.613120,-3.617036,-3.611884,-4.081641,-3.624282,-3.814569,-4.139818,-4.430872,-5.848208,-3.261988,-2.449071,-2.862918,-3.948022,-4.458802,-4.412511,-4.525607,-5.042760,-3.111247,-2.518173,-3.147220,-4.149815,-4.231621,-5.531576,-3.840967
-4.018369,-3.831175,-3.810044,-4.771264,-4.880326,-3.939637,-3.897221,-4.466354,-5.974542,-4.439252,-4.557892,-5.049302,-4.743930,-4.833145,-4.675330,-5.139298,-5.393014,-3.891581,-3.330344,-2.823115,-3.313875,-4.286467,-4.260355,-6.292477,-4.752261,-4.059496,-4.257024,-4.401699,-3.877989,-4.733479,-4.054582,-3.655672,-4.098728,-3.165587,-3.873209,-3.443545,-4.018013,-2.897001,-3.336768,-1.454444,-0.936812,-1.237873,-2.469842,-3.060967,-3.784963,-4.383327,-4.527823,-4.732744,-4.081485,-3.442384,-2.505281,-2.180210,-2.086981,-2.518186,-3.151518,-3.123165,-3.546408,-3.816826,-4.061000,-4.344388,-3.644812,-2.967483,-3.269439,-4.236396,-2.956664,-2.203922,-1.489792,-0.993466,-1.341138,-2.105601,-2.836024,-4.282037,-5.869501,-5.620097,-4.197682,-2.534529,-1.786859,-1.923588,-2.412034,-2.799225,-1.490163,-0.572311,-0.690610,-1.746265,-2.954402,-4.210045,-5.403091,-5.845775,-5.776637,-4.526247,-3.602265,-3.940682,-6.230411,-5.208666,-5.242809,-6.747905,-6.732020,-6.395773,-6.301732,-4.279681,-3.304315,-3.757221,-5.301230,-4.068714,-3.405245,-3.371883,-3.856030,-4.783559,-5.519647,-4.624354,-4.499547,-6.054585,-5.485301,-4.309271,-3.224722,-3.658492,-4.771452,-3.491108,-3.401842,-3.831522,-4.075584,-4.603696,-6.937731,-5.351001,-4.034763,-4.334629,-5.862405,-4.897951,-4.751332,-3.393898,-3.004891,-3.476161,-4.175519,-4.987331,-7.139205,-6.530163,-4.866253,-3.383759,-3.038152,-3.797754,-7.802200,-5.622180,-5.464706,-4.827747
-4.311080,-4.359343,-3.836759,-4.516843,-5.407161,-4.136068,-4.032530,-4.550302,-5.093976,-4.348076,-4.821447,-5.537826,-5.112274,-4.683120,-5.505919,-5.398471,-5.355585,-3.898901,-3.350456,-2.890627,-3.088836,-4.181571,-4.736463,-4.663067,-4.967441,-4.565437,-3.873283,-4.150545,-5.182317,-4.478054,-4.177778,-4.012634,-3.810613,-3.639214,-3.536557,-3.712280,-3.677314,-3.586258,-2.896809,-2.291204,-2.445304,-3.346759,-2.994157,-3.749566,-4.486610,-4.605765,-4.809220,-4.470533,-4.236254,-3.798988,-3.827280,-4.427833,-5.075811,-5.015211,-5.142005,-4.725737,-4.550374,-4.415053,-4.554961,-4.203635,-3.675739,-3.261901,-2.875207,-3.188170,-3.912267,-4.522168,-4.764240,-4.017416,-3.616528,-4.149480,-4.516823,-5.457826,-8.394789,-6.727555,-5.182314,-4.748024,-4.650216,-4.615709,-4.874501,-4.049453,-3.108083,-3.307333,-4.394281,-5.777211,-6.397552,-5.507082,-6.017283,-6.383098,-6.389985,-5.685440,-5.559325,-6.648381,-6.617573,-6.872318,-6.210793,-7.163328,-7.540924,-7.605473,-7.959445,-6.178256,-6.334550,-7.251327,-7.028556,-7.730127,-7.657340,-8.168735,-8.038584,-8.349482,-7.576045,-7.848023,-6.816916,-8.428915,-7.051369,-6.396480,-6.082868,-6.777776,-7.940319,-7.209864,-7.134325,-6.787972,-6.045481,-7.121998,-8.178262,-9.392300,-8.136625,-8.752183,-7.687109,-8.335906,-8.096651,-6.047053,-6.079490,-7.724338,-7.443717,-8.040884,-7.883463,-7.918015,-8.333618,-7.568846,-7.499284,-8.263321,-9.606212,-8.509173,-8.049816,-7.945544
-4.702795,-5.585908,-3.886930,-4.426903,-5.329118,-4.485444,-4.277698,-4.879795,-4.888237,-4.383557,-4.489913,-5.307684,-5.646957,-4.863430,-6.311259,-5.335059,-5.537683,-3.992984,-3.950821,-3.223334,-3.005440,-4.470933,-4.753774,-5.060364,-4.721238,-4.172256,-3.678020,-4.203575,-5.999117,-4.962031,-4.794611,-4.462663,-5.457128,-4.791338,-3.930267,-5.784777,-5.339727,-4.146579,-3.946280,-3.928286,-5.023753,-3.403157,-4.117580,-5.014184,-5.201780,-4.752726,-5.344012,-5.886484,-5.906690,-5.538066,-6.358085,-5.208456,-5.754488,-7.507411,-5.975008,-5.385304,-4.988473,-4.848168,-4.671941,-4.544101,-5.354457,-4.141238,-3.792440,-3.598195,-3.501745,-3.227393,-2.941966,-2.953332,-3.416084,-4.411203,-5.540682,-5.966626,-6.558400,-6.802274,-5.623343,-5.245931,-5.491592,-6.225667,-6.272464,-5.402364,-4.359650,-4.988774,-5.889771,-5.945669,-4.864770,-4.533681,-4.717970,-5.254072,-5.901969,-5.102977,-4.711626,-4.808361,-4.606101,-3.927213,-3.856589,-4.449897,-5.864109,-6.238569,-6.117610,-6.794406,-10.253057,-7.994797,-8.070857,-6.802959,-6.766741,-7.477657,-6.258640,-6.260682,-6.704762,-6.619696,-6.450379,-7.434086,-6.811434,-5.756308,-5.234291,-5.393613,-6.858755,-5.789052,-5.435797,-5.986727,-7.165271,-7.454017,-6.691684,-5.769794,-5.597616,-6.303464,-8.079618,-7.135332,-7.153330,-6.491819,-6.548725,-6.713321,-7.064121,-6.827511,-7.060428,-7.596504,-6.706828,-8.012592,-6.555664,-7.047810,-7.436816,-6.917417,-7.943918,-8.138503
-5.125103,-5.605213,-3.949698,-4.193506,-5.155419,-4.785563,-4.499911,-5.514045,-5.204503,-4.498767,-4.132279,-4.738315,-5.060411,-5.523734,-5.196879,-5.204503,-4.796323,-4.375913,-4.949524,-3.575824,-2.976287,-3.980134,-5.794430,-6.442023,-4.634017,-4.133511,-3.973355,-4.051531,-4.623702,-4.327650,-4.028322,-3.820888,-3.649223,-3.612031,-3.410467,-3.345299,-3.232150,-2.748602,-2.283282,-1.991806,-1.672328,-1.600032,-1.864412,-2.054337,-2.352067,-2.507502,-2.760630,-2.888353,-2.778054,-2.653832,-2.504435,-2.418744,-2.140395,-1.943392,-1.865642,-1.934631,-2.089218,-2.234361,-2.320317,-2.309294,-2.285217,-2.525101,-2.427171,-2.659762,-2.840420,-3.273356,-3.843964,-3.507586,-4.142263,-3.966494,-3.995166,-4.564532,-4.563312,-4.364630,-4.496712,-4.322061,-4.400197,-4.597611,-4.613990,-5.393171,-5.205911,-7.070730,-6.480221,-6.807461,-6.145782,-5.665643,-5.735003,-5.634715,-5.363754,-7.282208,-5.964440,-6.442602,-7.441557,-6.196595,-5.737537,-5.727553,-6.189484,-6.890499,-6.355366,-6.396054,-6.439447,-6.424994,-6.530417,-7.264579,-7.165151,-7.526068,-6.997470,-7.199224,-7.345006,-8.522419,-8.214756,-7.598833,-7.443588,-7.443460,-6.595174,-6.931810,-7.307735,-7.325033,-8.259143,-7.650980,-6.754606,-7.136729,-8.106834,-9.373145,-7.853188,-8.102757,-7.697915,-8.572112,-8.558146,-7.922863,-7.425427,-6.681674,-7.411395,-8.136172,-8.461102,-8.899022,-8.428061,-8.479955,-8.400770,-9.018247,-9.163792,-8.298613,-9.343761,-9.464593
-5.273930,-5.125467,-3.957221,-3.975422,-4.954186,-4.623680,-4.478263,-5.155830,-5.557474,-4.603524,-4.052750,-4.218219,-4.610015,-6.067699,-4.718540,-4.944021,-5.166486,-4.673473,-6.475115,-3.403625,-2.889090,-3.672229,-5.099538,-4.770406,-4.470274,-5.371584,-4.720631,-4.522303,-4.285181,-4.325277,-4.208257,-3.682698,-3.589711,-3.709367,-3.501354,-3.555625,-3.291938,-2.849977,-2.238709,-1.501263,-0.974289,-1.004374,-1.565330,-2.037109,-2.369012,-2.697414,-3.003783,-3.159872,-3.432081,-2.543368,-2.909228,-2.066975,-4.661370,-1.254522,-0.763705,-1.008011,-2.712579,-2.308771,-3.386722,-2.396235,-2.064382,-1.397662,-1.197375,-1.637222,-2.796772,-3.586704,-3.789284,-3.436729,-4.119111,-3.972136,-3.964216,-5.447757,-5.347445,-5.863315,-4.981281,-3.536986,-2.455000,-1.935657,-1.358739,-1.875001,-4.098372,-3.705493,-4.111046,-5.886026,-5.191082,-1.019130,-0.132808,-0.585582,-2.717425,-3.788134,-3.470564,-4.521241,-5.238373,-4.737463,-5.418684,-7.285867,-7.105403,-8.051172,-6.740520,-5.273546,-4.455114,-4.800995,-4.689030,-5.129814,-6.753756,-7.218398,-6.634645,-5.958626,-5.522127,-3.603622,-2.618493,-3.008796,-5.296721,-5.489482,-4.794304,-5.306458,-6.420403,-6.945908,-7.576850,-6.902168,-6.521831,-4.825403,-4.922071,-3.760333,-2.760185,-3.129994,-5.343860,-6.879050,-7.697843,-7.814051,-5.913450,-5.731203,-5.048586,-7.819893,-4.620740,-4.978014,-6.721724,-5.346231,-4.424694,-4.889640,-6.332088,-4.612868,-3.999574,-4.816192
-4.805774,-5.948522,-3.833484,-3.921247,-4.787735,-4.400172,-4.273532,-4.863671,-5.270314,-4.537457,-4.226106,-4.081668,-4.193322,-4.628166,-4.572770,-5.006655,-6.170285,-4.543767,-4.599788,-3.254060,-2.871578,-3.457467,-4.546934,-4.536668,-4.512068,-4.754000,-4.733997,-4.522692,-5.139997,-4.882049,-7.121075,-4.133626,-4.512644,-6.496528,-4.286369,-5.273649,-5.100150,-4.248843,-3.571686,-2.454128,-1.471188,-1.614454,-2.955846,-4.725850,-4.324367,-5.359023,-5.261675,-5.861873,-4.161096,-3.145588,-2.523321,-2.159864,-2.103436,-2.643543,-2.812328,-2.519855,-2.650020,-2.719267,-2.886487,-2.981772,-3.107841,-2.976316,-2.983938,-3.976930,-5.147195,-4.765878,-4.571158,-4.116936,-3.837457,-4.509007,-4.813600,-4.850333,-5.088697,-5.399926,-4.252640,-3.163491,-2.482894,-3.071063,-3.865179,-2.960153,-3.047869,-3.759511,-5.166419,-6.249549,-3.755313,-1.126311,-0.220540,-0.769181,-3.522280,-4.287149,-4.332904,-5.135407,-6.386179,-5.173347,-5.460801,-5.700566,-6.990249,-6.559177,-7.241647,-5.424517,-4.527721,-4.937282,-6.164673,-6.914340,-7.912492,-8.251362,-7.424543,-7.688409,-6.836620,-3.386223,-2.623484,-3.266954,-5.259132,-5.710818,-4.957897,-5.318950,-6.950173,-7.088678,-7.949004,-7.448985,-6.668383,-6.008933,-6.312128,-3.671968,-2.638616,-3.056618,-5.406742,-7.457439,-7.182449,-7.980737,-6.840135,-6.345557,-6.639597,-4.951351,-4.067916,-4.507028,-6.880393,-6.386493,-5.624399,-6.107530,-9.640650,-4.768650,-4.186612,-5.006374
-4.195450,-4.853270,-3.639971,-3.999554,-4.903507,-4.212093,-4.144442,-4.859481,-5.296947,-4.428772,-4.747063,-4.262753,-4.004878,-4.091909,-4.729510,-5.315380,-5.039907,-4.634002,-4.122635,-3.350786,-3.032531,-3.569324,-4.579859,-4.983532,-4.950555,-4.279020,-4.054770,-4.368150,-5.067952,-4.892220,-4.761032,-4.616859,-5.232877,-4.876920,-4.401067,-4.458901,-4.793495,-6.189196,-4.129534,-4.086960,-2.301724,-2.744820,-3.917290,-3.940905,-4.314649,-4.185367,-5.010101,-7.219908,-5.203666,-4.622484,-3.975443,-4.289031,-5.062654,-5.148389,-6.400771,-5.685117,-5.954464,-5.330004,-5.331958,-5.207808,-5.047341,-4.305583,-3.793653,-4.789742,-5.932970,-4.411883,-4.464578,-3.995751,-4.511148,-5.767470,-5.418930,-5.648116,-5.691654,-5.357234,-4.445283,-4.091621,-4.465748,-5.365627,-5.591183,-5.785033,-7.745379,-4.725590,-5.307155,-4.038759,-2.340269,-1.021152,-0.920546,-1.882574,-3.519522,-4.239451,-5.367055,-5.772339,-5.520891,-5.199501,-5.636097,-7.391869,-7.909323,-8.207226,-7.130433,-6.170809,-6.254895,-7.645929,-7.891126,-7.349458,-7.704526,-6.917800,-6.375569,-5.474093,-6.933883,-3.848755,-3.889580,-5.579680,-6.370161,-8.249524,-8.621201,-8.950142,-7.963304,-6.923858,-7.079958,-7.041360,-6.683341,-6.627230,-5.237433,-3.669611,-3.573243,-4.916808,-6.770552,-7.078481,-9.191885,-8.584576,-9.125215,-8.634759,-7.210064,-6.203060,-7.190465,-7.420341,-8.596728,-8.469329,-7.924626,-8.843403,-7.881752,-6.630544,-6.571543,-8.258591
-3.732828,-3.983669,-3.522110,-4.036814,-5.246481,-4.146041,-4.181945,-4.889053,-5.645642,-4.424167,-6.018862,-4.507727,-4.254473,-3.819975,-4.524636,-4.887588,-4.884069,-4.917884,-4.386826,-3.789412,-3.485627,-3.735809,-5.155602,-4.662401,-4.806822,-5.106259,-3.813980,-4.161916,-5.117547,-4.349409,-5.532988,-4.986384,-4.646655,-4.417291,-5.627779,-4.778078,-5.302307,-4.479275,-4.602634,-3.247435,-2.692821,-3.024431,-4.008003,-4.756715,-5.076399,-4.396246,-4.696558,-5.827304,-6.103315,-5.689768,-6.441907,-5.427966,-5.658612,-6.828194,-7.366163,-7.126727,-6.033669,-5.133242,-5.079444,-5.318457,-4.792092,-4.172134,-3.574975,-3.485147,-3.847797,-3.455515,-3.131897,-3.049915,-4.014047,-4.435043,-4.824563,-5.927763,-6.315744,-6.523498,-6.146605,-5.459525,-4.976730,-5.030438,-5.911604,-5.962261,-6.525774,-6.221853,-6.170591,-6.765234,-5.632572,-4.914561,-5.047795,-5.501566,-6.685513,-7.203016,-5.936070,-6.372419,-6.640792,-5.812852,-6.114107,-7.193368,-7.533333,-7.790958,-7.682121,-8.370716,-8.236470,-9.945825,-8.953731,-8.169217,-8.287000,-7.320605,-7.479236,-7.958092,-8.113674,-5.333930,-4.685634,-5.369414,-7.636925,-7.397198,-6.906199,-7.377304,-8.350026,-8.364133,-8.334974,-7.958147,-7.747636,-8.254573,-7.949793,-6.957654,-6.643148,-7.626565,-9.864567,-8.696580,-8.272411,-8.562366,-9.077439,-8.874062,-9.772327,-7.485575,-6.807195,-7.523395,-10.731434,-8.525822,-8.263172,-8.383467,-8.608404,-8.177041,-7.999185,-9.179536
-3.419832,-3.568254,-3.590617,-3.914028,-4.686531,-4.406988,-4.270077,-5.122510,-5.808270,-4.407200,-4.736380,-4.704707,-5.028699,-3.787169,-3.935553,-4.324009,-5.255013,-5.294546,-5.773856,-4.430565,-4.627596,-3.828004,-4.171023,-4.238017,-4.460102,-4.817664,-3.858456,-3.857769,-4.392840,-4.509670,-4.601187,-5.014957,-5.753128,-4.390063,-4.360964,-4.477562,-4.621459,-3.884232,-3.726933,-2.937695,-2.817771,-3.487667,-3.068697,-3.476861,-3.672467,-4.247134,-4.291529,-4.275698,-4.458704,-4.359681,-4.506204,-4.296774,-4.298276,-4.538959,-4.571815,-4.414146,-4.070158,-3.594000,-3.206891,-2.850582,-2.556029,-2.412214,-2.313221,-2.423929,-2.524873,-2.739025,-2.921363,-2.779245,-2.993490,-4.376755,-3.488750,-3.744627,-3.787729,-3.601102,-3.420045,-3.417223,-3.414981,-3.508195,-3.693147,-4.024643,-4.479986,-4.744956,-5.320691,-5.797550,-6.178781,-6.631649,-6.694501,-7.882766,-7.859269,-7.982013,-7.702133,-6.611590,-6.043690,-6.664517,-6.848019,-7.324792,-9.763853,-7.861029,-8.096567,-7.513258,-7.478456,-8.307555,-8.444154,-7.246161,-7.554108,-7.978053,-8.468313,-7.898141,-8.548714,-5.647851,-4.869302,-5.397103,-7.715992,-8.436645,-7.308486,-7.668861,-8.416234,-8.544888,-8.087003,-8.174001,-8.080821,-7.736583,-7.861593,-8.657590,-7.020424,-7.350112,-9.296302,-8.789771,-8.456166,-8.326415,-8.179582,-8.558385,-8.587450,-8.255496,-6.775595,-6.796698,-7.661067,-9.177578,-8.560100,-7.942274,-7.926057,-8.253843,-8.637743,-7.759175
-3.226157,-3.366180,-3.941895,-3.743610,-4.060772,-5.432265,-4.294204,-5.201583,-5.384394,-4.309310,-4.338585,-4.981390,-5.179073,-3.954538,-3.659417,-4.031032,-5.134628,-6.577269,-5.259665,-4.418997,-4.536268,-3.993110,-4.441998,-4.255669,-4.256398,-4.733015,-4.155697,-3.901427,-4.801849,-4.978029,-4.722508,-5.520946,-5.135997,-4.724000,-4.638996,-4.526513,-4.789930,-4.144598,-3.625388,-2.848730,-2.480493,-2.621889,-3.024750,-3.341907,-3.700828,-4.653190,-4.568789,-4.986938,-5.030435,-4.662480,-4.397623,-4.412683,-4.992383,-6.283602,-5.015855,-5.668979,-4.688797,-4.408161,-4.064185,-3.566475,-2.796447,-1.964469,-1.585383,-1.925435,-3.040528,-4.295676,-4.837951,-5.007402,-4.304277,-4.049753,-4.068048,-4.760369,-5.852616,-5.233036,-4.260046,-1.346585,-0.456646,-0.970317,-4.073799,-4.603093,-5.355600,-7.241033,-6.946885,-8.325606,-7.583810,-6.650256,-7.745986,-7.430728,-8.608582,-8.125572,-8.078476,-6.828691,-6.495195,-7.032603,-7.380469,-7.453672,-8.094713,-7.449878,-6.299329,-3.933174,-3.089633,-3.603513,-6.190694,-8.249578,-7.993316,-8.489829,-8.717991,-8.376808,-8.576727,-5.641419,-4.939973,-5.597485,-7.824380,-5.508443,-4.543053,-4.998039,-7.380034,-8.271791,-7.990779,-8.609373,-8.088387,-6.996026,-7.196863,-4.203962,-3.258818,-3.723346,-6.227725,-7.719627,-7.708015,-7.771413,-7.161104,-4.210543,-3.711430,-4.621927,-6.783472,-7.460537,-7.443943,-4.958323,-3.932668,-4.356156,-6.735978,-8.310401,-9.236478,-7.471592
-3.145060,-3.299513,-4.904652,-3.641621,-3.719318,-4.889110,-4.244533,-4.890944,-5.032853,-4.221380,-4.306860,-5.381378,-4.784269,-4.272516,-3.744551,-3.797234,-5.379805,-5.553074,-5.077862,-3.825315,-3.668014,-4.517680,-5.253561,-5.042128,-4.248860,-5.562481,-4.578973,-4.609944,-4.507564,-4.956409,-6.165709,-5.636836,-4.796021,-4.775145,-4.760978,-5.723329,-4.495441,-4.086398,-3.819561,-3.716029,-3.162182,-3.411950,-4.908848,-4.435269,-4.474077,-4.665827,-4.631432,-5.742943,-5.959098,-6.040259,-6.090787,-5.923528,-6.760539,-6.385392,-6.105091,-6.479842,-6.445270,-6.123740,-6.477994,-6.403092,-5.596567,-5.084815,-5.227613,-5.270365,-6.249569,-7.286904,-6.639050,-6.434736,-6.667158,-6.312924,-5.943928,-6.078890,-6.135848,-5.128557,-4.301994,-1.432788,-0.501298,-0.991870,-3.745183,-4.751309,-5.837189,-7.199242,-7.573909,-7.406099,-7.387638,-7.698697,-8.066669,-7.240944,-7.453073,-7.536730,-7.507001,-8.469763,-6.881595,-7.364449,-7.779233,-7.523493,-8.703639,-8.103016,-6.591162,-4.134451,-3.137727,-3.577445,-6.076846,-7.058631,-8.179510,-8.425693,-8.515238,-8.006259,-8.006320,-5.748822,-5.121807,-5.843599,-7.953648,-5.633173,-4.583966,-5.034565,-8.149326,-8.711388,-9.537395,-8.287438,-7.653302,-7.746722,-7.038373,-4.749117,-3.696213,-4.096699,-6.402974,-7.747322,-8.066500,-7.977095,-7.799309,-4.755905,-4.218170,-5.131122,-7.069049,-7.876781,-7.586764,-5.366288,-4.271605,-4.635117,-6.850902,-8.713534,-7.909127,-7.093959
-3.180339,-3.322298,-5.272022,-3.652785,-3.519824,-4.089470,-4.248152,-4.726395,-4.779535,-4.330018,-4.367287,-6.301708,-4.656581,-4.923287,-4.046896,-3.699994,-4.493378,-4.585498,-4.070961,-3.225117,-3.266998,-4.667267,-5.745103,-5.063154,-4.559330,-4.578843,-4.790208,-5.339830,-4.699557,-4.835530,-5.046824,-4.786925,-5.006306,-4.045662,-3.748091,-3.951231,-3.851458,-3.130788,-2.717581,-2.288429,-2.088645,-2.078085,-2.118417,-2.396089,-2.766431,-3.027570,-3.237500,-3.561491,-3.636990,-3.574419,-3.626507,-3.775405,-4.125341,-4.612968,-4.809190,-4.665059,-4.321244,-3.756260,-3.252853,-2.745633,-2.158630,-1.696253,-1.491729,-1.515141,-1.693595,-1.885563,-1.694082,-1.340613,-1.253313,-1.479913,-2.027050,-2.865639,-3.716152,-3.880609,-5.187013,-1.474682,-0.559631,-1.046850,-3.575462,-5.017972,-4.264022,-4.522416,-4.452551,-4.562659,-4.698837,-4.554423,-4.537235,-4.903497,-5.307857,-6.122025,-6.015771,-5.416692,-4.919420,-4.951397,-5.224355,-5.952663,-6.472265,-6.110979,-6.608443,-4.262168,-3.382866,-3.893946,-6.851761,-6.583823,-5.949049,-6.323786,-6.798705,-6.972989,-9.898693,-5.909098,-5.185332,-6.031043,-6.848159,-5.480861,-4.678020,-5.118618,-7.587276,-8.420412,-8.037449,-6.980360,-6.619950,-7.387914,-7.121570,-4.832366,-3.834982,-4.270581,-6.619646,-7.847198,-7.018076,-6.968083,-8.561563,-6.053548,-5.593787,-6.264965,-8.113795,-7.751979,-8.030794,-5.400422,-4.325765,-4.700518,-6.882957,-8.098860,-8.877829,-8.196631
-3.317414,-3.377858,-4.363713,-3.740847,-3.462539,-3.733850,-4.421801,-4.749013,-4.631349,-4.775778,-4.476933,-5.178509,-4.761115,-5.554132,-4.280655,-3.772261,-4.169845,-4.268349,-3.583030,-2.880522,-2.961248,-4.144941,-6.051285,-4.811608,-5.001221,-5.126311,-4.656728,-4.612126,-4.916562,-5.075245,-4.339321,-4.487977,-5.318356,-3.943787,-3.451156,-3.786573,-4.874314,-3.216541,-2.869616,-2.603461,-1.951819,-1.914140,-2.350785,-2.660829,-3.367624,-4.257904,-3.713769,-4.991341,-4.546664,-4.205049,-5.344477,-4.690526,-4.456849,-5.110860,-5.533855,-5.289508,-5.710546,-4.824723,-5.176765,-4.241597,-3.404821,-2.247321,-1.847008,-2.322960,-3.275503,-4.408121,-3.789271,-1.504961,-0.309862,-0.603271,-2.631495,-4.615090,-4.860679,-5.079446,-4.252222,-1.578076,-0.606061,-1.061345,-3.539905,-5.113011,-5.620302,-6.323324,-6.856019,-6.591068,-5.930079,-3.669616,-2.761199,-3.299840,-5.986488,-8.154786,-6.853190,-4.355728,-3.409277,-3.901977,-6.586134,-6.838355,-8.033916,-8.022427,-6.793566,-4.460980,-3.463955,-3.909057,-6.418904,-7.567609,-8.047043,-6.817144,-5.454240,-5.768031,-7.297997,-4.978371,-4.057299,-4.534372,-7.306738,-5.790855,-4.657121,-6.114554,-4.786468,-5.331895,-7.879445,-9.269334,-9.976774,-8.866407,-7.806366,-5.314120,-4.313946,-4.727760,-7.014054,-7.682984,-8.250274,-6.204145,-5.289186,-5.358641,-4.425130,-5.190879,-7.001092,-6.413791,-6.283725,-5.659060,-4.416192,-5.075778,-5.545862,-6.034868,-6.954734,-6.830178
-3.496244,-3.435291,-4.308172,-3.801161,-3.619274,-3.608844,-4.469591,-4.644542,-4.767339,-5.210157,-4.856476,-4.679370,-5.015215,-5.256479,-4.371976,-3.953580,-4.517363,-4.184744,-3.609141,-2.879633,-2.747493,-3.656358,-4.997009,-5.146686,-5.257788,-5.223079,-4.957901,-5.067316,-4.527903,-4.370716,-4.527261,-5.106160,-4.467400,-4.429244,-3.942993,-4.034068,-4.202362,-4.256813,-4.952405,-4.209383,-2.860968,-3.041274,-4.933733,-5.131564,-4.920848,-5.443558,-4.441435,-4.990887,-6.799557,-5.727630,-5.470053,-6.792552,-6.089590,-5.281079,-5.816103,-5.962418,-5.757615,-5.879390,-5.933331,-5.734272,-4.704463,-3.930191,-4.245541,-5.677880,-5.210978,-5.287568,-4.020414,-1.566957,-0.371657,-0.660442,-2.684819,-4.534833,-4.893818,-5.351364,-4.408532,-1.646088,-0.677032,-1.134454,-3.652009,-5.170060,-5.351693,-5.845031,-6.203951,-6.599721,-5.995691,-3.722123,-2.855794,-3.410504,-5.714129,-6.785810,-7.090917,-4.723413,-3.976520,-4.546416,-7.182952,-7.402282,-8.275156,-8.284991,-6.750237,-4.418467,-3.476373,-3.969033,-6.992939,-7.007990,-8.739703,-6.230313,-5.340220,-5.677027,-6.916840,-4.824535,-3.984004,-4.589000,-7.393645,-5.743520,-4.659365,-4.720975,-4.985147,-5.591103,-7.012316,-7.420116,-8.265286,-8.116837,-7.634928,-5.804313,-4.729905,-5.132342,-7.252171,-7.911050,-9.720368,-5.910235,-5.043443,-4.638629,-4.582239,-5.548876,-7.329486,-8.024236,-8.861780,-5.867150,-4.718932,-5.397162,-5.626030,-6.068789,-6.962065,-7.699631
-3.625962,-3.549306,-4.770279,-3.825871,-4.046849,-3.647715,-4.021629,-4.238623,-4.680067,-5.233243,-5.874012,-4.591463,-5.229622,-5.375784,-4.786331,-4.187184,-5.266481,-4.498144,-4.033180,-3.234624,-2.665382,-3.375875,-5.758112,-5.623561,-5.422145,-5.243197,-4.908781,-4.917747,-4.894629,-4.487083,-4.769055,-5.687655,-4.855206,-5.419448,-4.865347,-5.767131,-5.632775,-5.679606,-5.524018,-4.939172,-3.684620,-3.875723,-5.348566,-6.235803,-6.069492,-4.849329,-5.240318,-6.580148,-7.791578,-6.911694,-6.098165,-6.355670,-6.421517,-6.479116,-6.140977,-6.352850,-6.864583,-6.316059,-5.498950,-4.987246,-4.706988,-4.047400,-3.810152,-4.091278,-4.583600,-5.287343,-3.731330,-1.661709,-0.455486,-0.764690,-2.898561,-4.481958,-5.086507,-5.423562,-4.292704,-1.740107,-0.758731,-1.214143,-3.766182,-4.862616,-6.300396,-5.443745,-5.543225,-6.094437,-7.505089,-3.712654,-2.943707,-3.509930,-5.128466,-5.788782,-6.560949,-5.419879,-4.826511,-5.582309,-8.195872,-6.604501,-6.386074,-6.210309,-6.086484,-4.349183,-3.401503,-3.859136,-5.961236,-7.549555,-6.545449,-6.108805,-5.825766,-6.604306,-6.557419,-5.214584,-4.221879,-4.698223,-6.506544,-5.680380,-4.796922,-5.331241,-5.535862,-6.384375,-6.923983,-7.031897,-8.215446,-9.059023,-9.075868,-5.932191,-4.961600,-5.358480,-7.528264,-7.941055,-8.023357,-6.145785,-5.145841,-5.005408,-5.199091,-6.153877,-7.460481,-7.754655,-7.962152,-5.807849,-4.720107,-5.321900,-5.967806,-6.150838,-7.416777,-7.797431
-3.662161,-3.821761,-4.999304,-3.861592,-4.614367,-3.695763,-3.672091,-3.992477,-4.324481,-5.102734,-5.978567,-4.716139,-5.132654,-5.411552,-6.148223,-4.487196,-4.479989,-5.293618,-4.484238,-3.462582,-2.702922,-3.303879,-5.586298,-6.357352,-5.525580,-6.312132,-4.421203,-4.220665,-5.242048,-4.828639,-4.629555,-5.798325,-4.627631,-4.437097,-5.696394,-5.576700,-5.256101,-5.141649,-5.885425,-5.726280,-4.412326,-4.593817,-6.506833,-5.852005,-5.079847,-4.786090,-5.420248,-6.669672,-7.069318,-6.751953,-8.211115,-7.362199,-7.863241,-7.780739,-6.335224,-6.520266,-7.391085,-7.516584,-7.015801,-7.298671,-6.092453,-4.916826,-4.437736,-4.846081,-6.255604,-5.570537,-4.118272,-1.743401,-0.538568,-0.831903,-2.887384,-4.563401,-5.493204,-5.605711,-4.458797,-1.804535,-0.825877,-1.283296,-3.879803,-5.126957,-5.721984,-7.699728,-7.370817,-6.961605,-6.853699,-3.924592,-3.099312,-3.668377,-6.395834,-7.629340,-7.759045,-4.787030,-3.900375,-4.405875,-7.115645,-7.619719,-8.230387,-8.022840,-6.880798,-4.467346,-3.511927,-3.968057,-6.288338,-8.193448,-7.927918,-7.281999,-5.836357,-6.151215,-7.725249,-5.610320,-4.703624,-5.229101,-7.449935,-5.842809,-4.775939,-5.103759,-6.069344,-6.812620,-8.279181,-8.472912,-8.587189,-8.716987,-9.086311,-6.183116,-5.150165,-5.572240,-7.809165,-8.655204,-8.017039,-6.777746,-5.670678,-5.141873,-5.054843,-5.945867,-8.438217,-8.452654,-8.020217,-6.073143,-4.964950,-5.473116,-5.959653,-6.367011,-7.804383,-7.591759
-3.674939,-4.352324,-4.409415,-3.837380,-4.124631,-3.603507,-3.566500,-4.016182,-4.100070,-4.879865,-5.975931,-4.783356,-4.735561,-5.541432,-6.766891,-4.738769,-4.169688,-4.767818,-4.137512,-3.131568,-2.873640,-3.475538,-4.589840,-5.444615,-5.687176,-5.240730,-4.175683,-3.898470,-4.588977,-5.740288,-4.757218,-5.068055,-4.420478,-4.170006,-4.955786,-5.786086,-5.814558,-5.358896,-5.289480,-5.114810,-4.499319,-5.777820,-4.651959,-5.015896,-5.070285,-5.803703,-5.005323,-5.345530,-5.144777,-5.131177,-5.648075,-6.113348,-6.488858,-6.908894,-6.109158,-7.331073,-5.957001,-5.762094,-5.604032,-5.893809,-5.221925,-5.472816,-6.033457,-5.262236,-5.743520,-6.796357,-4.034372,-1.838183,-0.646987,-0.953729,-3.076271,-4.550969,-5.770898,-5.375230,-4.574551,-1.870403,-0.889658,-1.343253,-3.915556,-5.085732,-5.984993,-7.156122,-8.665819,-7.799758,-6.767505,-4.055530,-3.237961,-3.823548,-6.532011,-7.843030,-7.424088,-4.826814,-3.925322,-4.422435,-6.530520,-7.185655,-7.757714,-7.422742,-8.098206,-4.686708,-3.758670,-4.246027,-6.830724,-8.236851,-7.653534,-6.885967,-5.819334,-6.149595,-9.041898,-5.816280,-4.981255,-5.551618,-8.054545,-5.973339,-4.967571,-5.145496,-5.215770,-5.717452,-7.678791,-7.917252,-8.647118,-8.412736,-7.452581,-6.656682,-5.488200,-5.972629,-8.366810,-10.677593,-8.184325,-7.228117,-6.935197,-5.533170,-5.099760,-5.967340,-9.587131,-8.087799,-8.236873,-5.993341,-5.028008,-5.416055,-6.222890,-6.816671,-8.152182,-7.507944
-3.749623,-5.108173,-4.186669,-3.758950,-3.835617,-3.478334,-3.587756,-4.464971,-3.944524,-4.649000,-7.585808,-4.811951,-4.594219,-5.331877,-7.545278,-4.740536,-4.281755,-4.166768,-3.712736,-3.120275,-3.231838,-4.104100,-4.515895,-5.086077,-6.663089,-5.193067,-4.392061,-3.861588,-4.251482,-5.048844,-5.589555,-5.456666,-4.555772,-4.116605,-5.063493,-5.672800,-5.429674,-7.196540,-4.622676,-6.075299,-3.998716,-4.162581,-4.404659,-4.250523,-4.592419,-4.762496,-5.644442,-5.068579,-4.797992,-4.462485,-4.579345,-5.037283,-5.757846,-6.384240,-5.812490,-5.657425,-5.149415,-4.846119,-4.566136,-4.097922,-3.412893,-2.748480,-2.468059,-2.676266,-3.298556,-3.717673,-4.550296,-1.816355,-0.747732,-1.112666,-4.038089,-3.134129,-4.264445,-5.310453,-4.517487,-1.955235,-0.954409,-1.402133,-4.014591,-4.031993,-4.635224,-4.362285,-4.137064,-4.594341,-6.588785,-3.921848,-3.165732,-3.927027,-4.358529,-4.516883,-6.001744,-5.123040,-4.460737,-4.920758,-5.736070,-5.982530,-5.903586,-6.384197,-6.253468,-5.406519,-4.402312,-4.711085,-6.364436,-6.642619,-6.124209,-7.559974,-5.902751,-5.749908,-5.684714,-5.654442,-4.803073,-4.884079,-5.853615,-5.755430,-5.038973,-5.601316,-5.998291,-6.401726,-6.996944,-8.098495,-8.249041,-10.597245,-8.278926,-6.855938,-5.896138,-6.176224,-7.524007,-7.575220,-7.620360,-8.537374,-7.032245,-6.228910,-5.538336,-6.498666,-7.541440,-6.849387,-7.179524,-6.342081,-5.300909,-5.487366,-6.164849,-6.481376,-6.825962,-6.777606
-3.913751,-4.928733,-4.117990,-3.728976,-3.903826,-3.455956,-3.594393,-5.017751,-3.868345,-4.645530,-6.010749,-4.864755,-4.697025,-5.101896,-5.860716,-4.834809,-4.666515,-4.285369,-3.716401,-3.492173,-3.834598,-5.037337,-5.275652,-5.336581,-5.806801,-5.158642,-5.439835,-4.164001,-4.216417,-5.011042,-5.949563,-4.913205,-4.201077,-4.174245,-5.294004,-4.665864,-4.185752,-3.963396,-3.284569,-2.825435,-2.527970,-2.779801,-3.158074,-3.928032,-4.624180,-4.357474,-4.315191,-4.450024,-4.336146,-4.542203,-4.372815,-4.389171,-4.557781,-4.616050,-4.896180,-5.020171,-5.057520,-4.987433,-4.413158,-3.774892,-3.205576,-3.018574,-2.630027,-2.936793,-3.077682,-3.673743,-4.174968,-1.950387,-0.823991,-1.144872,-3.306530,-3.977813,-4.317401,-3.629215,-3.209482,-1.912065,-1.266018,-1.395668,-2.651078,-3.520730,-4.183444,-4.460808,-4.751990,-5.082379,-5.852600,-4.197767,-3.470788,-4.074891,-7.072827,-6.888108,-6.407035,-6.364733,-5.751873,-5.853719,-7.050966,-7.252198,-7.347877,-7.520573,-7.485900,-5.231140,-4.312177,-4.658085,-7.594098,-7.662738,-6.793115,-7.006059,-6.291641,-6.724167,-8.089101,-5.677835,-4.941367,-5.557330,-7.941268,-6.041949,-5.158321,-5.190570,-5.322516,-5.999814,-8.113009,-8.594612,-8.175330,-8.002367,-9.361171,-6.691289,-5.746203,-6.187297,-8.092823,-9.526394,-8.077969,-7.271690,-6.106040,-6.379844,-5.532223,-6.331860,-8.126399,-8.013412,-8.053586,-6.548150,-5.421053,-5.595522,-6.220535,-6.887879,-7.697773,-8.272862
-4.168528,-4.555984,-4.062340,-3.798301,-4.318471,-3.578517,-3.560798,-4.105996,-3.899944,-4.789876,-5.574560,-4.965950,-5.145274,-5.105930,-5.326199,-5.266661,-5.442580,-4.710526,-4.371675,-4.165919,-4.917851,-4.759585,-5.869708,-5.697763,-6.342153,-4.592536,-4.346962,-4.955900,-4.514151,-5.108909,-5.058344,-4.468110,-4.721737,-4.637441,-4.500082,-4.517663,-4.329512,-3.899567,-3.324730,-2.354847,-1.950019,-2.283977,-3.244883,-3.718158,-4.692322,-4.551325,-4.753588,-6.676040,-4.758921,-4.754911,-5.217256,-4.348560,-5.216186,-5.212994,-5.046030,-6.633656,-4.715615,-4.454895,-4.679490,-3.961541,-3.708668,-2.796710,-2.327033,-2.986262,-3.070122,-4.502658,-4.126136,-2.102073,-1.190172,-1.574938,-3.243908,-4.053166,-5.283485,-5.677351,-5.349206,-2.893263,-1.976198,-2.448277,-4.987353,-5.779905,-6.421068,-5.683303,-6.131525,-6.123219,-6.010247,-8.170182,-5.837438,-5.909440,-6.174033,-6.548475,-7.278773,-6.499286,-5.104164,-5.341247,-6.447078,-7.111360,-7.440538,-8.237848,-6.761669,-5.372269,-4.269777,-4.735296,-8.322644,-7.751625,-8.860569,-7.290966,-6.092336,-6.178990,-6.805625,-6.949235,-6.428202,-7.624310,-8.717271,-7.162954,-6.238596,-6.519137,-7.001638,-7.342212,-7.951121,-8.208189,-8.511878,-7.930925,-7.705317,-5.446938,-4.331715,-4.740685,-7.619963,-7.782062,-7.483332,-7.455012,-8.474560,-6.336870,-6.216011,-7.285823,-8.649208,-9.603415,-8.361085,-6.126562,-5.044105,-5.484617,-9.369580,-8.363954,-7.717905,-6.262818
-4.550877,-4.458679,-4.056296,-3.990211,-5.698658,-3.828229,-3.584023,-3.792726,-4.010875,-4.951914,-5.684598,-5.150817,-6.233866,-5.297071,-5.449146,-6.177070,-5.997022,-5.062645,-6.160080,-4.917069,-5.344020,-4.837434,-5.050854,-5.069174,-4.661907,-4.042328,-3.809109,-4.186584,-4.194328,-4.444118,-4.908591,-4.805799,-5.346601,-5.240608,-5.850873,-5.019876,-5.103987,-6.912503,-4.710992,-2.946449,-2.305610,-2.882933,-5.067216,-5.089498,-4.127641,-4.860306,-5.179447,-5.641434,-5.334457,-5.063078,-7.160234,-4.818681,-5.534597,-5.830333,-6.155125,-6.087492,-4.862189,-5.682913,-4.325480,-4.658310,-3.851204,-3.467020,-2.965046,-3.962922,-4.443986,-6.448465,-4.995380,-2.895769,-1.682951,-1.965685,-3.968497,-6.023726,-6.229568,-6.634537,-5.617092,-2.995234,-2.048607,-2.518222,-4.860221,-6.746010,-7.373022,-6.903165,-8.488417,-7.255423,-8.473934,-5.019658,-4.186487,-4.762924,-8.120204,-7.453120,-8.259492,-6.344392,-5.244385,-5.653761,-8.606630,-7.409151,-7.346765,-8.565234,-7.914503,-5.393930,-4.512290,-5.038309,-7.435218,-8.085756,-7.683532,-7.581772,-6.156852,-6.484891,-9.290106,-6.254839,-5.483207,-6.122071,-8.977427,-7.124549,-6.350134,-6.646978,-7.195621,-7.449639,-8.634953,-7.933934,-7.916853,-7.357496,-7.191464,-5.308847,-4.320868,-4.795578,-7.695261,-8.632450,-7.994883,-8.575830,-7.482150,-6.870476,-6.962317,-7.623854,-6.376975,-6.729487,-8.377598,-6.291241,-5.239439,-5.553439,-7.240295,-8.694697,-7.770116,-6.644718
-5.138792,-4.619936,-4.194512,-4.293103,-5.248592,-4.120843,-3.761246,-3.837346,-4.193178,-5.060395,-5.795371,-5.469924,-6.767313,-5.665667,-5.836297,-6.630405,-5.587272,-5.358415,-5.519828,-5.166316,-4.942032,-4.806172,-4.758137,-4.687634,-4.348577,-3.991840,-3.869833,-3.958895,-4.153568,-4.549253,-5.876256,-5.525015,-5.001818,-5.184802,-5.258490,-4.891692,-4.728914,-4.683629,-4.437458,-3.513069,-3.282276,-3.589865,-4.407569,-4.980076,-5.040614,-5.150125,-5.099440,-5.283391,-5.900643,-6.130765,-5.420978,-5.114364,-5.172984,-5.525891,-5.856953,-5.750478,-5.269117,-4.856297,-4.761097,-4.758530,-4.138344,-3.620489,-3.442489,-3.590405,-3.986576,-4.080931,-3.596222,-2.699734,-2.306751,-2.364531,-2.823912,-3.455957,-3.685694,-3.680659,-3.387372,-2.817244,-2.642264,-2.941115,-3.777277,-4.681785,-5.009645,-5.742719,-5.515384,-5.985067,-6.111267,-6.162949,-6.951408,-6.124806,-6.174038,-5.904483,-5.622321,-5.474349,-5.695099,-6.295823,-6.794679,-6.616117,-6.370498,-6.594719,-6.508313,-5.430585,-5.014957,-5.179444,-5.822387,-6.197915,-6.337271,-6.178531,-6.267557,-7.201407,-6.984967,-6.607017,-6.756778,-6.555106,-6.326753,-5.963597,-5.939440,-6.592133,-9.176435,-7.058560,-6.878674,-6.766872,-6.462586,-6.438094,-6.374539,-5.376337,-5.031975,-5.378912,-6.706546,-7.342574,-7.477432,-7.616397,-7.355780,-6.931016,-7.095054,-7.731893,-7.459166,-7.363076,-6.946469,-6.088035,-5.746133,-5.983366,-6.739742,-7.941082,-9.279513,-7.168891
