0.83897,-2.90648,-3.71204,-3.16812,-3.34124,-4.54396,2.42351,-10.85058,-4.14568,-1.89212,-5.14693,-3.72862,-3.24182,-3.70705,-1.36840,-2.17714,-4.64527,-6.11636,-3.18237,-1.88699,-0.02292,-10.93357,-0.89213,-1.84383,-1.91476,-4.52171,-0.43919,-6.10882,0.38705,-0.08847,0.61893,-2.01651,0.41263,1.23106,0.70817,-10.92098,-0.73237,-1.07343,0.24711,0.27274,-0.85674,-2.77021,-0.78897,4.82917,-3.90565,-1.83275,-0.19311,2.41535,-1.61394,-10.88095,5.99365,1.10694,-3.00974,-5.44079,1.99037,3.01695,-3.71015,-0.33905,-1.99519,-2.88067,-5.97267,-2.12699,-1.65130,-10.89857,0.75874,-0.38783,-4.76414,-0.37057,-2.90502,-0.09014,0.65980,0.29092,-2.18749,-2.42907,-0.06333,-0.33387,4.24453,-10.74878,-2.89342,1.37850,-1.02137,-0.70747,-2.32638,0.95872,-2.92667,-3.66778,-2.41893,-1.42002,-5.66438,-3.57493,-1.32331,-10.90591,-4.13163,-3.64936,-1.78580,-3.97279,-5.38644,-3.24750,2.90697,-2.33665,-4.47267,-3.86403,-0.45577,-4.00446,4.06657,-10.86429,-3.61063,-1.85537,-3.42551,-2.68822,-1.69312,-4.57278,0.50363,2.47716,0.40695,-5.10394,1.24039,3.03103,-0.24887,-11.15687,3.09702,0.34260,0.63315,-2.58471,2.05724,-3.02147,-1.31173,-0.16532,-1.98179,-3.92611,-1.17959,-0.52670,-0.27308,-10.76780,2.89796,-2.54323,-4.56291,-1.27039,0.72993,0.33636,-0.95942,7.53539,-1.76619,1.82376,-2.48593,4.70972,1.10962,-10.79736,5.01019,7.90809,-3.35931,-0.48580,2.04082,6.42402,-1.39246,-1.43833,-0.51896,-2.69490,-1.71412,-1.11177,1.32312,-10.77032,-1.12312,-2.83070,-0.85861,-1.39003,-4.00800,-0.50763,-0.57332,2.53270
0.87811,-2.76301,-3.93141,-3.06209,-3.52926,-4.73674,2.27393,-12.27877,-4.32211,-2.12748,-5.20233,-3.99609,-3.38423,-3.68054,-0.96731,-1.76651,-4.64298,-6.40175,-3.25743,-2.09236,0.17405,-12.31486,-1.03665,-1.80134,-2.02834,-4.70299,-0.17012,-6.02101,0.31553,-0.12000,0.49924,-2.65151,-0.19514,0.65899,0.60656,-12.32305,-0.87486,-1.50041,0.06494,0.11806,-1.06130,-2.88371,-0.62803,5.33941,-3.95408,-1.85982,-0.39574,2.30534,-1.38453,-12.24486,6.08942,1.30150,-2.92977,-5.37851,2.12421,3.20600,-3.89309,-0.13655,-2.18857,-3.17463,-5.81772,-2.11464,-1.93954,-12.25120,0.82300,-0.52999,-4.85159,-0.86486,-3.12606,-0.38730,0.66723,0.41190,-2.48343,-2.61486,-0.35878,-0.57655,4.16473,-12.03544,-3.15818,1.13193,-1.31483,-0.91737,-2.31840,0.75748,-2.95293,-3.47363,-2.75174,-2.03014,-6.00624,-3.65342,-1.42537,-12.32768,-4.32250,-3.75601,-2.03079,-4.32633,-5.30146,-3.34989,2.86284,-2.36432,-4.53173,-3.93273,-0.78707,-4.13843,3.89033,-12.25820,-4.08913,-2.19510,-3.49751,-2.97753,-1.84905,-4.64052,0.79110,2.86496,0.04838,-5.18569,1.28785,2.67032,-0.19927,-12.55594,2.84915,0.39329,0.45390,-3.05246,1.95544,-2.89285,-1.49451,-0.00669,-2.27040,-4.43624,-1.68959,-0.96826,-0.55804,-12.11570,2.92550,-2.69115,-4.77668,-1.62393,0.38206,-0.02684,-1.23987,7.56962,-1.98664,1.18730,-2.76533,4.40915,0.81467,-12.22875,4.68381,7.83812,-3.53895,-0.80015,1.72628,6.25016,-1.85304,-1.08810,-0.96673,-2.85630,-2.02073,-1.08667,0.84952,-12.14650,-1.34642,-2.91174,-1.03406,-1.93825,-4.08437,-0.65593,-0.44100,2.50793
0.59182,-2.86875,-4.08216,-3.32744,-3.67115,-4.84328,2.03897,-12.55972,-4.39085,-2.43242,-5.03988,-4.19487,-3.54101,-3.93447,-0.91978,-1.61792,-4.60564,-6.31191,-3.22466,-1.94188,0.03564,-12.56501,-1.11061,-1.90360,-2.12622,-4.87457,0.15756,-6.13082,0.41578,0.08926,0.33550,-2.80843,-0.36187,0.71585,0.44191,-12.60769,-0.68899,-1.73800,-0.06948,-0.15894,-0.80711,-2.81128,-0.30670,5.72403,-3.66889,-1.68456,-0.48808,2.41065,-1.17503,-12.48893,6.15211,1.57656,-2.68976,-4.98446,2.55112,3.69282,-3.85197,-0.01850,-2.22750,-3.38105,-5.61529,-2.05464,-1.91514,-12.51145,0.94435,-0.55782,-4.84631,-1.08554,-3.03807,-0.15126,0.27475,0.31252,-2.64623,-2.57856,-0.74792,-0.82249,3.70855,-12.29629,-3.25671,0.90013,-1.53273,-1.03101,-2.58919,0.55017,-3.01081,-3.51471,-3.02088,-2.43637,-5.95353,-3.78971,-1.43967,-12.60199,-4.52737,-3.94822,-2.08574,-4.44299,-5.45504,-3.72830,2.50062,-2.57258,-4.56718,-4.09841,-1.18036,-4.38505,3.38182,-12.52968,-4.48021,-2.58755,-3.48162,-3.29292,-2.14670,-5.07576,0.95010,2.80574,-0.20538,-5.30440,1.26842,2.32021,-0.22362,-12.81897,2.36291,0.21559,0.26379,-3.45987,1.88642,-2.77779,-1.30169,0.37814,-2.17324,-4.40561,-1.62111,-0.88986,-0.59927,-12.36905,3.01565,-2.50289,-4.68376,-1.68689,0.47081,0.18349,-1.03946,7.62881,-1.87319,1.07025,-2.71545,4.20587,0.91580,-12.57577,4.77250,7.71677,-3.61514,-0.76587,1.59712,6.46388,-2.02765,-0.71630,-1.13722,-2.93781,-2.42687,-1.10008,0.69914,-12.40741,-1.17348,-2.63860,-1.12267,-1.98482,-4.11174,-0.56955,-0.32669,2.61704
0.44155,-2.93388,-4.18107,-3.41820,-3.69429,-4.96204,1.86474,-12.36167,-4.47654,-2.56759,-4.88636,-4.40632,-3.80741,-4.13713,-0.86893,-1.68069,-4.51161,-6.28424,-3.30176,-1.99620,-0.04249,-12.36223,-1.27453,-1.99712,-2.10307,-4.91066,0.37513,-6.21214,0.54058,0.22688,0.26907,-2.84199,-0.33031,0.83433,0.30346,-12.40468,-0.57557,-1.89434,-0.01151,-0.31363,-0.46049,-2.65720,-0.03795,6.22016,-3.31223,-1.28472,-0.40962,2.76411,-1.06337,-12.28059,6.48916,1.86631,-2.44008,-4.58486,2.97393,4.15571,-3.59838,0.31907,-2.00627,-3.24578,-5.35207,-1.84785,-1.67439,-12.33619,1.44253,-0.30375,-4.74066,-0.84083,-2.71278,0.25906,-0.02691,0.29656,-2.59433,-2.61931,-1.09749,-0.91724,3.38910,-12.11508,-3.11736,0.85180,-1.60859,-0.95250,-2.56856,0.52298,-3.12688,-3.68268,-3.12629,-2.65786,-5.91554,-3.83642,-1.49319,-12.41667,-4.73089,-4.15354,-2.04367,-4.43167,-5.36610,-3.96491,2.44579,-2.70697,-4.48717,-3.96333,-1.16410,-4.32780,3.15065,-12.34554,-4.69760,-2.83947,-3.28032,-3.36232,-2.09732,-5.29743,1.18823,2.68009,-0.25092,-5.23679,1.43732,2.09753,-0.21623,-12.62141,2.05599,0.01212,0.23123,-3.63920,1.86721,-2.70172,-1.18421,0.45490,-2.16456,-4.53066,-1.57262,-1.01342,-0.67322,-12.16875,2.90736,-2.43374,-4.65400,-1.68022,0.49325,0.33006,-1.09548,7.50457,-1.84643,0.87110,-2.69177,4.02693,0.79326,-12.43298,4.69968,7.43278,-3.70291,-0.69797,1.37078,6.47242,-2.26958,-0.52179,-1.25114,-2.72219,-2.58211,-1.15603,0.42628,-12.21135,-1.14322,-2.45280,-1.16551,-2.01108,-4.38751,-0.52744,-0.24038,2.62936
0.36556,-2.95016,-4.21870,-3.50511,-3.72766,-5.11077,1.78245,-12.29679,-4.60894,-2.56626,-4.68886,-4.61985,-4.24580,-4.35663,-0.83045,-1.78903,-4.38466,-6.28098,-3.55577,-2.19400,-0.16493,-12.28041,-1.53727,-2.09438,-2.07479,-4.97105,0.52298,-6.29424,0.61742,0.41756,0.10408,-2.93638,-0.37855,0.85410,0.03532,-12.34257,-0.44485,-2.14889,-0.02858,-0.59053,-0.08480,-2.49470,0.28453,6.97744,-2.82130,-0.72720,-0.32031,3.32652,-1.02325,-12.23234,6.98857,2.22594,-2.09105,-4.09479,3.48960,4.61894,-3.25142,0.84775,-1.68528,-3.04311,-5.06180,-1.53306,-1.43739,-12.29862,2.14765,0.02407,-4.61080,-0.55727,-2.19839,0.81677,-0.41368,0.33863,-2.55394,-2.69108,-1.68971,-1.07986,2.94429,-12.06475,-2.93648,0.89848,-1.79280,-0.89180,-2.47006,0.58883,-3.24130,-3.86873,-3.19012,-2.90431,-5.79590,-3.82947,-1.55192,-12.38052,-5.05097,-4.34990,-1.92583,-4.34290,-5.21982,-4.22436,2.49582,-2.84123,-4.31690,-3.69327,-1.06968,-4.25914,2.93360,-12.29669,-4.94766,-3.18037,-2.95598,-3.36948,-1.98800,-5.58668,1.47575,2.46409,-0.41898,-5.24176,1.57557,1.61371,-0.19885,-12.55935,1.66652,-0.27675,0.11065,-3.93804,1.65717,-2.77584,-1.10721,0.44725,-2.16224,-4.83305,-1.57418,-1.29707,-0.85032,-12.13005,2.57703,-2.42734,-4.56097,-1.73277,0.41877,0.39071,-1.24767,7.27133,-1.93623,0.53432,-2.64221,3.70864,0.46761,-12.44126,4.46709,6.89832,-3.87696,-0.79680,0.90995,6.33964,-2.53556,-0.19825,-1.44737,-2.34645,-2.81703,-1.25979,0.07711,-12.16546,-1.13924,-2.14975,-1.33643,-2.16872,-4.79613,-0.42436,-0.09375,2.63384
0.44117,-2.86794,-4.28040,-3.61086,-3.62193,-5.29590,1.73826,-12.44891,-4.77692,-2.53806,-4.53102,-4.97257,-4.80689,-4.67592,-0.79181,-1.94015,-4.31433,-6.44052,-3.95210,-2.66782,-0.28570,-12.39545,-1.95645,-2.18718,-2.09559,-4.99409,0.57187,-6.23006,0.65714,0.75284,-0.14357,-3.05266,-0.42236,0.88828,-0.23664,-12.50936,-0.31082,-2.30296,-0.05796,-0.92268,0.31316,-2.20224,0.49667,7.78590,-2.31426,-0.04801,-0.34969,3.90046,-1.12530,-12.36738,7.52243,2.46859,-1.78657,-3.63253,3.92184,4.95488,-2.71510,1.61027,-1.36202,-2.73423,-4.73703,-1.18395,-1.10451,-12.46251,2.92364,0.45968,-4.54819,-0.29348,-1.49750,1.47985,-0.74641,0.42676,-2.49283,-2.92688,-2.39826,-1.26006,2.55914,-12.20178,-2.73881,1.01258,-1.95243,-0.82636,-2.20243,0.63786,-3.20625,-4.03534,-3.17945,-3.07536,-5.55839,-3.76135,-1.52988,-12.56077,-5.47140,-4.52110,-1.78380,-4.11826,-4.80457,-4.29945,2.68962,-2.71001,-4.14080,-3.22895,-0.83121,-4.00734,2.78503,-12.43121,-4.99829,-3.41914,-2.63999,-3.34843,-1.58055,-5.70160,1.76223,2.23426,-0.57770,-5.21307,1.68448,1.00016,-0.15988,-12.72019,1.39284,-0.68206,-0.03742,-4.05235,1.37881,-2.90302,-1.01872,0.44398,-2.21741,-5.20636,-1.57187,-1.60554,-1.01285,-12.29171,2.10084,-2.47482,-4.46992,-1.81499,0.38078,0.39358,-1.66708,6.79753,-2.24439,0.03911,-2.71716,3.15499,-0.14380,-12.64140,3.94645,6.06252,-4.15731,-1.20019,0.18810,5.93801,-2.65171,0.10390,-1.76902,-1.86345,-2.86232,-1.42277,-0.23453,-12.31567,-1.41522,-1.91627,-1.58721,-2.47631,-5.27113,-0.36815,0.09798,2.54889
0.59510,-2.84897,-4.28887,-3.85290,-3.45140,-5.55113,1.74272,-12.66112,-4.96192,-2.59268,-4.36695,-5.29857,-5.36731,-5.00693,-0.84960,-2.10653,-4.32453,-6.68446,-4.36143,-3.18632,-0.43738,-12.59715,-2.38588,-2.28005,-2.18009,-5.03757,0.50169,-6.10427,0.59015,1.07776,-0.44699,-3.11329,-0.45590,0.88827,-0.48958,-12.74453,-0.22762,-2.35319,-0.10803,-1.25935,0.54465,-1.93358,0.65699,8.42362,-1.83727,0.61440,-0.36013,4.35583,-1.22474,-12.57124,7.86728,2.63075,-1.52233,-3.18654,4.18379,5.13924,-2.15256,2.30093,-1.13196,-2.47863,-4.49464,-0.87875,-0.76470,-12.67724,3.56826,0.82848,-4.55631,-0.19790,-0.83966,2.08369,-0.96244,0.50105,-2.38179,-3.21051,-3.05516,-1.39835,2.33267,-12.40318,-2.57443,1.16212,-2.02658,-0.68298,-1.89014,0.66839,-2.99677,-4.03840,-3.00507,-3.07544,-5.17144,-3.49180,-1.37015,-12.79423,-5.72125,-4.56048,-1.55129,-3.79502,-4.22038,-4.17292,2.81502,-2.44764,-3.97720,-2.74353,-0.68723,-3.71943,2.61546,-12.60028,-4.83901,-3.49049,-2.38793,-3.32780,-1.16550,-5.69529,1.95722,2.01361,-0.76941,-5.26431,1.68808,0.40812,-0.12395,-12.93946,1.23757,-1.04558,-0.27779,-4.05981,1.17708,-3.02283,-1.06345,0.40946,-2.22277,-5.56488,-1.57447,-1.78704,-1.22803,-12.49337,1.63378,-2.52172,-4.35264,-1.87898,0.36171,0.31652,-2.11601,6.19186,-2.62377,-0.38684,-2.81647,2.56932,-0.74341,-12.87785,3.26180,5.08935,-4.49952,-1.71914,-0.56520,5.50251,-2.62250,0.38175,-2.08370,-1.38962,-2.77654,-1.58459,-0.47287,-12.54723,-1.72543,-1.71059,-1.82064,-2.82707,-5.66399,-0.33076,0.25765,2.48855
0.66228,-2.81006,-4.28735,-4.05164,-3.35087,-5.68439,1.72342,-12.80080,-5.02570,-2.57904,-4.25577,-5.53226,-5.77257,-5.22096,-0.93019,-2.29281,-4.29754,-6.84923,-4.64221,-3.57476,-0.51615,-12.71721,-2.73669,-2.31981,-2.23044,-5.00485,0.34550,-5.91902,0.54193,1.31170,-0.67575,-3.06798,-0.41950,0.94456,-0.59462,-12.88759,-0.16256,-2.30194,-0.14448,-1.51074,0.73060,-1.69177,0.74546,8.75199,-1.49657,1.09345,-0.36025,4.64847,-1.25868,-12.69670,8.10816,2.72757,-1.35730,-2.82704,4.27209,5.16354,-1.68920,2.82254,-0.91967,-2.26531,-4.27254,-0.61996,-0.40454,-12.79811,4.09577,1.16314,-4.49350,-0.04976,-0.30109,2.53069,-1.16136,0.51477,-2.28885,-3.48727,-3.51359,-1.44114,2.16891,-12.53172,-2.33712,1.24998,-2.03455,-0.57841,-1.61586,0.65679,-2.82162,-3.96429,-2.81615,-2.97116,-4.83381,-3.18893,-1.18278,-12.92746,-5.76786,-4.46454,-1.38457,-3.45506,-3.68853,-3.98237,2.94060,-2.18683,-3.79093,-2.34107,-0.45338,-3.33546,2.57469,-12.69831,-4.57212,-3.44749,-2.16807,-3.24806,-0.75530,-5.56443,2.06655,1.77435,-0.86869,-5.24575,1.64494,-0.02370,-0.02216,-13.07870,1.15725,-1.29739,-0.48034,-3.92774,1.00661,-3.11075,-1.12757,0.31817,-2.26218,-5.82755,-1.55128,-1.89410,-1.33206,-12.60676,1.25779,-2.50552,-4.24182,-1.91630,0.33514,0.25635,-2.51181,5.60516,-2.90921,-0.70841,-2.85995,2.12985,-1.21117,-13.01692,2.71112,4.26072,-4.71887,-2.09772,-1.19511,5.00853,-2.56715,0.54658,-2.31793,-1.06087,-2.59417,-1.68215,-0.61353,-12.69731,-1.93398,-1.57609,-2.00645,-3.10787,-5.97200,-0.34009,0.30966,2.45421
0.71804,-2.76552,-4.24602,-4.18809,-3.29869,-5.71475,1.72677,-12.97195,-5.06806,-2.52089,-4.13237,-5.67019,-6.02669,-5.34040,-0.99335,-2.51578,-4.26107,-6.97236,-4.86200,-3.91165,-0.55355,-12.86832,-3.00790,-2.41459,-2.27633,-4.97874,0.12954,-5.83894,0.56977,1.52595,-0.83186,-3.00062,-0.34257,0.99055,-0.60605,-13.05791,-0.11229,-2.16113,-0.17149,-1.67509,0.89631,-1.48813,0.74618,8.89010,-1.26929,1.34400,-0.35935,4.79719,-1.29666,-12.85464,8.28537,2.78499,-1.27669,-2.59471,4.17687,5.05244,-1.38225,3.17311,-0.79913,-2.11477,-4.15026,-0.44860,-0.14360,-12.96196,4.43179,1.43650,-4.45090,0.09024,0.04232,2.80888,-1.32543,0.51810,-2.27539,-3.72008,-3.83986,-1.45427,2.02273,-12.70680,-2.11943,1.31550,-2.05527,-0.57221,-1.43945,0.60897,-2.67895,-3.89907,-2.64644,-2.83081,-4.60295,-2.98098,-1.03200,-13.08721,-5.79239,-4.35699,-1.26273,-3.19635,-3.35551,-3.85653,3.08615,-1.96536,-3.62599,-2.08164,-0.20321,-3.01441,2.60151,-12.84898,-4.33351,-3.35713,-1.99840,-3.20424,-0.40593,-5.39966,2.07615,1.55747,-0.93801,-5.25621,1.48908,-0.34538,0.01568,-13.24098,1.10944,-1.46908,-0.65002,-3.81445,0.81383,-3.22398,-1.16176,0.25703,-2.31306,-6.02667,-1.53647,-1.98973,-1.38435,-12.76540,1.00088,-2.44098,-4.14973,-1.93001,0.27590,0.25019,-2.85302,5.15521,-3.10478,-0.93219,-2.93481,1.83853,-1.58774,-13.18272,2.33484,3.66308,-4.84842,-2.37589,-1.69276,4.53775,-2.47879,0.63646,-2.46780,-0.83936,-2.46701,-1.79901,-0.64763,-12.86696,-2.09574,-1.47654,-2.18251,-3.29601,-6.21828,-0.36407,0.32850,2.46218
0.74138,-2.73140,-4.24886,-4.31361,-3.27590,-5.70190,1.72574,-13.04907,-5.08379,-2.44446,-4.06494,-5.78088,-6.11917,-5.40665,-1.05596,-2.72935,-4.19104,-7.04972,-4.98829,-4.11374,-0.55586,-12.92681,-3.21410,-2.52149,-2.26409,-4.88307,-0.03416,-5.78356,0.67070,1.74222,-0.89038,-2.82712,-0.17806,1.12206,-0.55854,-13.13166,-0.05338,-1.99210,-0.13685,-1.75027,1.08872,-1.26810,0.67510,8.89331,-1.16494,1.48148,-0.37271,4.82346,-1.37419,-12.92443,8.43169,2.77205,-1.26826,-2.50453,3.98970,4.88268,-1.14661,3.34457,-0.72542,-2.05905,-4.06556,-0.42051,0.04907,-13.03537,4.60149,1.61742,-4.41334,0.23591,0.26747,2.96072,-1.51071,0.48218,-2.28636,-3.90751,-4.03720,-1.44606,1.85124,-12.80215,-1.97019,1.32509,-2.05617,-0.60577,-1.34127,0.51998,-2.57755,-3.83570,-2.52702,-2.59529,-4.43568,-2.83054,-0.92463,-13.16088,-5.80661,-4.25762,-1.18006,-2.99589,-3.15332,-3.73075,3.32572,-1.72787,-3.47116,-1.87028,0.09377,-2.72710,2.71672,-12.92009,-4.08193,-3.20730,-1.83690,-3.14341,-0.07609,-5.22727,2.05461,1.33542,-0.94718,-5.31404,1.33884,-0.57123,0.04742,-13.30734,1.09847,-1.63224,-0.73472,-3.68287,0.66541,-3.34115,-1.14282,0.19552,-2.36532,-6.18152,-1.48135,-2.04444,-1.36401,-12.83890,0.81623,-2.36447,-4.07589,-1.91200,0.31459,0.32069,-3.12410,4.87899,-3.20918,-0.99949,-2.97835,1.76070,-1.85524,-13.24493,2.17087,3.29632,-4.85368,-2.52927,-1.99770,4.16436,-2.34752,0.68765,-2.50798,-0.61482,-2.33647,-1.87162,-0.59058,-12.93915,-2.18116,-1.38143,-2.28040,-3.36988,-6.35371,-0.33879,0.32825,2.46645
0.71006,-2.68069,-4.30648,-4.42740,-3.27200,-5.66154,1.72392,-12.96641,-5.06208,-2.33136,-4.05697,-5.88855,-6.07994,-5.42842,-1.10583,-2.97836,-4.07013,-7.05851,-5.02123,-4.18409,-0.51835,-12.82664,-3.39755,-2.68480,-2.18399,-4.68268,-0.10698,-5.75044,0.91346,1.98891,-0.85928,-2.51777,0.11267,1.35914,-0.42321,-13.06458,-0.00752,-1.78261,-0.02664,-1.74916,1.40720,-0.95283,0.51604,8.76474,-1.17248,1.48916,-0.39946,4.74761,-1.51279,-12.84792,8.59056,2.64267,-1.30847,-2.54049,3.75164,4.62325,-0.92846,3.39614,-0.66420,-2.07607,-3.95646,-0.46837,0.20877,-12.95478,4.67046,1.71991,-4.35149,0.45640,0.44983,3.07952,-1.74397,0.45450,-2.32612,-4.04384,-4.12670,-1.38117,1.62111,-12.75882,-1.85864,1.27175,-2.06496,-0.69766,-1.28246,0.40905,-2.52115,-3.78536,-2.43896,-2.27142,-4.32013,-2.72517,-0.85028,-13.09415,-5.81647,-4.15849,-1.13426,-2.77612,-3.05888,-3.57820,3.70786,-1.45017,-3.32699,-1.69403,0.47550,-2.40590,2.93529,-12.85007,-3.84036,-3.00782,-1.63831,-3.07369,0.31295,-5.01404,1.98512,1.06324,-0.92205,-5.37364,1.19660,-0.75001,0.06349,-13.20716,1.07817,-1.84377,-0.73210,-3.54738,0.53612,-3.48536,-1.02615,0.17435,-2.43258,-6.30056,-1.33918,-2.06555,-1.27112,-12.76591,0.68603,-2.27421,-4.00039,-1.87611,0.53631,0.50260,-3.36444,4.77517,-3.24306,-0.95033,-2.95951,1.86800,-2.07681,-13.15331,2.22855,3.08311,-4.74341,-2.57829,-2.14527,3.85328,-2.21855,0.72286,-2.47051,-0.37046,-2.22508,-1.89447,-0.48517,-12.86421,-2.17422,-1.28700,-2.30992,-3.31706,-6.39259,-0.20361,0.32171,2.44612
0.60601,-2.59019,-4.41580,-4.53193,-3.30335,-5.53547,1.68774,-12.64101,-4.95443,-2.13762,-4.09971,-5.99501,-5.89935,-5.37798,-1.18758,-3.35841,-3.84489,-6.96003,-5.03636,-4.16738,-0.41790,-12.47767,-3.65660,-2.91395,-1.99009,-4.32026,-0.17211,-5.70696,1.34163,2.26830,-0.75113,-2.01536,0.62679,1.73901,-0.11451,-12.75498,0.00008,-1.46898,0.14749,-1.68298,1.86624,-0.50227,0.25543,8.42994,-1.30376,1.38192,-0.43528,4.53597,-1.69323,-12.53070,8.79690,2.39245,-1.40196,-2.67660,3.36024,4.19407,-0.68657,3.34281,-0.58206,-2.17901,-3.78156,-0.58498,0.41938,-12.63113,4.68635,1.78979,-4.24606,0.85045,0.56189,3.15083,-2.12031,0.47149,-2.41021,-4.18869,-4.15276,-1.22165,1.24771,-12.48925,-1.66450,1.16109,-2.03187,-0.86310,-1.26356,0.26254,-2.54751,-3.75103,-2.35537,-1.80405,-4.27049,-2.60411,-0.80468,-12.79294,-5.78526,-4.02833,-1.13055,-2.48732,-3.04407,-3.35514,4.32312,-1.04173,-3.13609,-1.46306,1.06933,-1.88490,3.36559,-12.54826,-3.50244,-2.62007,-1.35457,-2.95756,0.91202,-4.63681,1.88461,0.68482,-0.79726,-5.41645,1.01804,-0.86848,0.13416,-12.85315,1.06706,-2.10047,-0.64217,-3.31384,0.47045,-3.63129,-0.78630,0.18012,-2.53932,-6.38262,-1.10917,-2.02327,-1.03121,-12.46187,0.62258,-2.09598,-3.91480,-1.75248,0.96775,0.83990,-3.66800,4.76996,-3.21989,-0.82158,-2.87825,2.18689,-2.32866,-12.82005,2.50581,2.91670,-4.48918,-2.54733,-2.19439,3.48107,-2.13375,0.68638,-2.36604,-0.12063,-2.10382,-1.89334,-0.38969,-12.55670,-2.08743,-1.22692,-2.29306,-3.13142,-6.42677,-0.04944,0.27395,2.40377
0.50031,-2.47601,-4.51722,-4.58616,-3.30587,-5.33422,1.66260,-12.13890,-4.82456,-1.87608,-4.11900,-6.04466,-5.62730,-5.28009,-1.24297,-3.78368,-3.54714,-6.71480,-4.97934,-4.10719,-0.25247,-11.95393,-3.94556,-3.13409,-1.68980,-3.83098,-0.26755,-5.61834,1.89414,2.56343,-0.59302,-1.38495,1.30527,2.16542,0.31709,-12.26689,0.00497,-1.05753,0.37523,-1.53827,2.41514,0.03953,-0.05433,7.93714,-1.47842,1.15136,-0.46152,4.22763,-1.88499,-12.03163,8.98977,2.06527,-1.53316,-2.83379,2.89317,3.63821,-0.46674,3.23209,-0.47517,-2.28494,-3.57298,-0.69905,0.64913,-12.12974,4.65832,1.83032,-4.06805,1.35231,0.64883,3.19543,-2.50638,0.53395,-2.49634,-4.22964,-4.09021,-0.94160,0.85846,-12.04614,-1.40256,1.06393,-1.95179,-1.04035,-1.23723,0.13467,-2.54225,-3.69742,-2.23662,-1.18507,-4.19100,-2.44978,-0.71901,-12.31507,-5.72001,-3.78798,-1.13603,-2.13607,-3.01842,-3.04908,5.04615,-0.58057,-2.91886,-1.23167,1.82321,-1.27262,3.89097,-12.07632,-3.10663,-2.11281,-1.06065,-2.81028,1.66750,-4.13410,1.69213,0.22601,-0.61997,-5.40947,0.78152,-0.92943,0.17008,-12.32778,1.06367,-2.37628,-0.52484,-2.96581,0.42396,-3.76193,-0.48684,0.24269,-2.63552,-6.32551,-0.81108,-1.92415,-0.72411,-11.96867,0.61407,-1.85602,-3.75949,-1.54317,1.49597,1.28463,-4.01067,4.77285,-3.14448,-0.60837,-2.77602,2.56544,-2.61905,-12.32040,2.87496,2.76398,-4.11896,-2.49486,-2.21943,3.04183,-2.01519,0.53995,-2.22676,0.07129,-1.96123,-1.91807,-0.26113,-12.06566,-2.01183,-1.23777,-2.26260,-2.86707,-6.43443,0.08268,0.21172,2.29881
0.44915,-2.43910,-4.62605,-4.70321,-3.35165,-5.23320,1.65722,-11.74216,-4.83788,-1.62092,-4.16808,-6.06750,-5.40467,-5.19595,-1.28095,-4.13526,-3.25872,-6.37689,-4.92828,-4.01909,-0.09187,-11.55546,-4.27394,-3.25830,-1.35881,-3.36430,-0.45277,-5.47381,2.42490,2.81705,-0.41125,-0.70648,1.96145,2.46257,0.70968,-11.88084,-0.03729,-0.67475,0.61132,-1.42378,2.78652,0.54770,-0.35712,7.40385,-1.65539,0.84185,-0.58320,3.78605,-2.12186,-11.65873,9.07531,1.73263,-1.76531,-3.03166,2.29909,2.93846,-0.35972,3.09552,-0.38064,-2.47763,-3.48902,-0.88689,0.73989,-11.74297,4.56133,1.80607,-3.86049,1.72726,0.59726,3.16172,-2.85075,0.61071,-2.53598,-4.19869,-4.05040,-0.65148,0.46493,-11.70682,-1.23771,1.00965,-1.82021,-1.20528,-1.22988,-0.00227,-2.40838,-3.48913,-2.09305,-0.40580,-3.99361,-2.18575,-0.61050,-11.94744,-5.56273,-3.39709,-1.15466,-1.82719,-2.94504,-2.66374,5.83463,-0.08277,-2.57535,-0.94244,2.54840,-0.72248,4.44721,-11.72019,-2.70176,-1.51915,-0.77989,-2.55694,2.45140,-3.59184,1.48643,-0.24451,-0.46165,-5.46745,0.50051,-1.02565,0.23553,-11.93609,1.05414,-2.63092,-0.46388,-2.58851,0.38509,-3.91374,-0.29088,0.31926,-2.67480,-6.19569,-0.62293,-1.83414,-0.50575,-11.56816,0.59959,-1.61442,-3.53662,-1.29729,1.97118,1.70455,-4.33360,4.73638,-3.07718,-0.34440,-2.62929,2.84062,-2.91969,-11.94341,3.14998,2.59384,-3.72088,-2.51406,-2.37202,2.52813,-1.86621,0.36810,-2.07020,0.25478,-1.82631,-1.95774,-0.18024,-11.70061,-1.95972,-1.24680,-2.24522,-2.69694,-6.45179,0.14498,0.20555,2.17441
0.41638,-2.43024,-4.64732,-4.85025,-3.50534,-5.20295,1.69340,-11.59050,-4.88507,-1.41337,-4.23549,-6.00210,-5.26713,-5.12188,-1.36484,-4.32839,-3.12082,-6.13654,-4.90039,-3.93551,-0.02188,-11.40611,-4.46551,-3.30750,-1.12028,-3.15699,-0.67603,-5.35467,2.67172,2.93257,-0.33099,-0.26969,2.26700,2.56900,0.94479,-11.74843,-0.06268,-0.41580,0.65905,-1.36574,2.84412,0.77857,-0.52230,7.04504,-1.83128,0.47848,-0.67432,3.43189,-2.22915,-11.51293,9.06475,1.50584,-1.95614,-3.23288,1.86686,2.42254,-0.44632,2.88904,-0.33043,-2.71630,-3.62007,-1.05907,0.68116,-11.59958,4.39758,1.67988,-3.74324,1.90915,0.44020,2.98002,-3.02779,0.65303,-2.63961,-4.16700,-4.00031,-0.45874,0.26983,-11.58743,-1.18131,1.00366,-1.74602,-1.37005,-1.26911,-0.02536,-2.26665,-3.27086,-1.94740,0.14270,-3.87020,-1.95527,-0.51718,-11.82205,-5.36362,-3.05348,-1.16137,-1.63460,-2.92548,-2.40344,6.35455,0.17911,-2.33573,-0.87302,2.96697,-0.44723,4.88361,-11.59696,-2.42665,-1.15036,-0.64317,-2.35725,2.84645,-3.25872,1.27434,-0.50311,-0.40088,-5.61204,0.19203,-1.06695,0.28571,-11.80170,1.07310,-2.68556,-0.50061,-2.35608,0.35879,-4.00743,-0.27086,0.33090,-2.71678,-6.12307,-0.55331,-1.76376,-0.40328,-11.42009,0.58931,-1.50124,-3.42656,-1.16989,2.14599,1.87365,-4.42913,4.78242,-3.00003,-0.09448,-2.47967,3.09250,-3.06048,-11.80860,3.32378,2.53477,-3.49479,-2.55694,-2.45324,2.24823,-1.78591,0.18624,-2.02089,0.18297,-1.80449,-2.05375,-0.13894,-11.58170,-1.90906,-1.32223,-2.31193,-2.68466,-6.48198,0.10672,0.17852,2.15632
0.37688,-2.51863,-4.67490,-4.97751,-3.66786,-5.24536,1.75516,-11.63362,-5.00486,-1.32323,-4.34134,-5.93355,-5.20525,-5.05029,-1.41534,-4.37718,-3.08563,-5.98693,-4.82730,-3.81471,0.05767,-11.46468,-4.50528,-3.26035,-0.97754,-3.09183,-0.82921,-5.26716,2.77147,2.92498,-0.24315,-0.03080,2.41817,2.56270,1.12812,-11.80857,-0.07055,-0.26126,0.68538,-1.26458,2.72690,0.81134,-0.65118,6.80320,-2.07651,0.06997,-0.74732,3.14952,-2.26613,-11.55537,9.02312,1.36359,-2.13652,-3.45286,1.59262,2.09787,-0.70089,2.64935,-0.39280,-2.97272,-3.86503,-1.21437,0.50988,-11.65753,4.21213,1.50140,-3.72066,1.94140,0.22970,2.71534,-3.00480,0.68351,-2.71166,-4.06055,-3.82699,-0.26827,0.30571,-11.64242,-1.15952,1.02926,-1.66802,-1.45779,-1.27662,0.03651,-2.12402,-3.06265,-1.81952,0.51837,-3.83744,-1.76523,-0.41722,-11.88249,-5.14092,-2.76937,-1.18115,-1.56259,-2.88905,-2.17150,6.65982,0.25118,-2.22533,-1.00010,3.13392,-0.39973,5.26495,-11.66105,-2.26173,-0.94026,-0.65398,-2.18267,3.00549,-3.07075,1.07183,-0.58344,-0.35844,-5.78491,-0.01059,-0.96644,0.31120,-11.86557,1.15153,-2.61658,-0.50899,-2.20563,0.41322,-4.05334,-0.39131,0.27720,-2.79272,-6.08796,-0.53988,-1.72681,-0.41150,-11.47147,0.63677,-1.52507,-3.42192,-1.15233,2.15823,1.85720,-4.40262,4.90168,-2.95349,0.10245,-2.37559,3.33561,-3.05259,-11.85424,3.46476,2.63203,-3.37850,-2.57488,-2.43832,2.16930,-1.73804,-0.01957,-1.98945,-0.06406,-1.81111,-2.14174,-0.09149,-11.64150,-1.90387,-1.48752,-2.34552,-2.72363,-6.49750,0.00923,0.11515,2.19923
0.34887,-2.63581,-4.68263,-5.05775,-3.83933,-5.31522,1.88196,-11.81866,-5.13478,-1.29366,-4.49710,-5.84136,-5.21356,-4.96583,-1.46688,-4.33209,-3.16158,-5.93890,-4.75192,-3.69413,0.12741,-11.65454,-4.41988,-3.17132,-0.90608,-3.17798,-0.93486,-5.26099,2.72394,2.78374,-0.18850,-0.01761,2.41712,2.46172,1.27768,-12.00602,-0.07512,-0.21618,0.62133,-1.15242,2.48894,0.63165,-0.73391,6.67837,-2.36440,-0.36055,-0.80432,2.99501,-2.22201,-11.72546,8.98542,1.30774,-2.28833,-3.68131,1.52025,1.97051,-1.06022,2.40805,-0.50226,-3.18866,-4.19074,-1.27785,0.27686,-11.83888,4.03220,1.30462,-3.76497,1.88409,0.00166,2.44040,-2.82654,0.73348,-2.79388,-3.92013,-3.57271,-0.05188,0.57074,-11.81029,-1.14222,1.12511,-1.62230,-1.48759,-1.26627,0.21871,-2.03634,-2.92697,-1.71834,0.67618,-3.92558,-1.63759,-0.31667,-12.07368,-4.91662,-2.55612,-1.22607,-1.57303,-2.89469,-2.00792,6.72832,0.13221,-2.27136,-1.30652,3.08695,-0.53668,5.55745,-11.84654,-2.24281,-0.89304,-0.77981,-2.07252,2.93207,-3.04561,0.82831,-0.52477,-0.38119,-5.98871,-0.15439,-0.75200,0.26443,-12.06463,1.27941,-2.47258,-0.53181,-2.19565,0.50356,-4.07729,-0.61493,0.17095,-2.89408,-6.07564,-0.55921,-1.70488,-0.49265,-11.65842,0.75392,-1.67967,-3.52833,-1.21820,2.03063,1.68064,-4.29103,5.10830,-2.92799,0.23165,-2.29578,3.58158,-2.92719,-12.02254,3.60035,2.87112,-3.39173,-2.59125,-2.32669,2.30888,-1.76330,-0.27067,-2.00263,-0.48183,-1.88460,-2.24792,-0.03736,-11.82296,-1.93908,-1.73915,-2.39784,-2.79059,-6.53101,-0.11025,0.01203,2.29747
0.37239,-2.74478,-4.68851,-5.06998,-3.92865,-5.40166,2.03577,-12.03657,-5.22777,-1.29964,-4.67325,-5.74450,-5.20785,-4.87785,-1.52400,-4.25332,-3.30333,-5.97397,-4.65591,-3.57406,0.18358,-11.88560,-4.24286,-3.07482,-0.89435,-3.30112,-0.99350,-5.31558,2.57833,2.55156,-0.14425,-0.10268,2.32173,2.32081,1.38879,-12.23114,-0.14314,-0.20190,0.55367,-1.00000,2.19055,0.36938,-0.83791,6.55987,-2.68975,-0.74593,-0.80783,2.89223,-2.17325,-11.92467,8.90591,1.24096,-2.42691,-3.93916,1.51648,1.92118,-1.40955,2.15144,-0.61503,-3.32060,-4.47014,-1.31538,0.04081,-12.04423,3.82961,1.07748,-3.85509,1.75966,-0.22849,2.17056,-2.50465,0.78525,-2.83915,-3.77319,-3.22350,0.14286,1.01720,-11.99292,-1.14918,1.24071,-1.56851,-1.42242,-1.22089,0.43942,-1.98275,-2.84415,-1.61948,0.73666,-4.08978,-1.56057,-0.21902,-12.29083,-4.70595,-2.40191,-1.26382,-1.60789,-2.90339,-1.85564,6.65257,-0.06646,-2.42648,-1.63929,2.94710,-0.76440,5.77911,-12.04874,-2.29783,-0.89524,-0.98199,-2.02720,2.71594,-3.08570,0.60558,-0.37348,-0.40911,-6.14264,-0.18667,-0.43202,0.18624,-12.29283,1.47834,-2.29601,-0.54862,-2.24095,0.67720,-4.08116,-0.82917,0.06638,-2.94950,-6.06111,-0.57577,-1.63363,-0.54940,-11.85413,0.94306,-1.85934,-3.66914,-1.25978,1.92845,1.46579,-4.16390,5.36416,-2.90015,0.34454,-2.28665,3.85313,-2.71880,-12.21608,3.72771,3.22472,-3.42344,-2.55503,-2.08630,2.58959,-1.80495,-0.54017,-2.01192,-0.90961,-1.93761,-2.27700,0.03144,-12.02740,-1.97796,-2.05030,-2.41262,-2.85417,-6.49223,-0.20207,-0.10550,2.39175
0.37557,-2.82511,-4.67039,-5.01556,-4.01530,-5.45721,2.15625,-12.10157,-5.22431,-1.32702,-4.82265,-5.61608,-5.13171,-4.75413,-1.57457,-4.14691,-3.44159,-6.04637,-4.51022,-3.41741,0.22814,-11.96304,-3.98574,-2.97679,-0.90114,-3.42399,-0.95787,-5.41791,2.37361,2.26472,-0.09654,-0.26408,2.14169,2.20005,1.45725,-12.29537,-0.20691,-0.25171,0.47495,-0.83337,1.91868,0.03471,-0.88385,6.47176,-2.96718,-1.02820,-0.75735,2.85652,-2.05150,-11.97593,8.79683,1.21561,-2.49313,-4.12064,1.65571,2.02950,-1.72947,1.88222,-0.67794,-3.39173,-4.65472,-1.28153,-0.15348,-12.08840,3.60211,0.86680,-3.93035,1.59896,-0.43286,1.93502,-2.16446,0.79147,-2.85824,-3.63980,-2.83437,0.29874,1.49676,-12.01634,-1.17634,1.29340,-1.50730,-1.31830,-1.20630,0.67038,-2.00134,-2.84793,-1.57832,0.65055,-4.30460,-1.57411,-0.14762,-12.35484,-4.54778,-2.33067,-1.32058,-1.68916,-2.98691,-1.78610,6.37671,-0.35815,-2.66315,-1.99388,2.70039,-1.05698,5.86704,-12.09550,-2.45537,-0.97945,-1.19538,-2.08097,2.30266,-3.23608,0.41246,-0.18944,-0.43885,-6.25328,-0.13918,-0.09505,0.08306,-12.36406,1.62719,-2.10784,-0.55467,-2.36709,0.86530,-4.04987,-1.00943,-0.00980,-2.97089,-6.03486,-0.57967,-1.50313,-0.58555,-11.88960,1.19663,-2.02455,-3.85393,-1.30541,1.83348,1.23642,-3.97820,5.69389,-2.78406,0.45491,-2.30077,4.17612,-2.42872,-12.25705,3.91964,3.67956,-3.45401,-2.40597,-1.71131,3.04614,-1.88040,-0.75651,-2.00690,-1.32137,-1.99503,-2.23671,0.09889,-12.07722,-1.95910,-2.32866,-2.38489,-2.87070,-6.38278,-0.21881,-0.23371,2.48885
0.43817,-2.85346,-4.58624,-4.83731,-3.99306,-5.43993,2.27991,-11.94561,-5.13325,-1.34122,-4.90067,-5.43151,-4.95504,-4.58187,-1.56887,-4.02998,-3.54910,-6.13794,-4.33295,-3.23668,0.28801,-11.82783,-3.69646,-2.89600,-0.93791,-3.52926,-0.81711,-5.52775,2.14944,1.92288,-0.03668,-0.45256,1.93193,2.08040,1.47729,-12.13694,-0.31539,-0.34889,0.43994,-0.65884,1.70298,-0.27853,-0.87813,6.41771,-3.15543,-1.14984,-0.61223,2.92528,-1.92475,-11.82193,8.68890,1.23615,-2.48593,-4.25380,1.87145,2.21897,-2.00607,1.63217,-0.71320,-3.37457,-4.72931,-1.23768,-0.34849,-11.91936,3.41097,0.66633,-4.00268,1.42495,-0.62138,1.73411,-1.86125,0.75565,-2.85619,-3.54058,-2.49356,0.35483,1.89367,-11.83636,-1.23688,1.30886,-1.48730,-1.19279,-1.19030,0.86884,-2.11721,-2.93442,-1.59679,0.48079,-4.54213,-1.66523,-0.19075,-12.18463,-4.47758,-2.37793,-1.35715,-1.81566,-3.14322,-1.79447,6.03123,-0.69531,-2.88064,-2.21297,2.44050,-1.36445,5.83338,-11.92628,-2.69512,-1.12589,-1.37608,-2.17282,1.84172,-3.40836,0.36245,0.03164,-0.44179,-6.25132,0.02540,0.21738,0.01816,-12.21810,1.75653,-1.90746,-0.53030,-2.51517,1.06338,-4.00078,-1.11315,-0.09019,-2.90827,-6.02249,-0.58587,-1.39227,-0.57814,-11.71562,1.44113,-2.16543,-3.98931,-1.29813,1.79091,1.04071,-3.77117,6.02200,-2.62891,0.55063,-2.28013,4.48026,-2.09503,-12.07910,4.12226,4.16660,-3.43892,-2.16708,-1.24265,3.57123,-1.97355,-0.84994,-1.95465,-1.53585,-2.02252,-2.08229,0.14155,-11.92197,-1.83540,-2.49753,-2.29951,-2.80044,-6.17770,-0.14198,-0.33261,2.55084
0.49159,-2.85723,-4.47283,-4.61277,-3.97070,-5.38769,2.35689,-11.72924,-5.02650,-1.37642,-4.93144,-5.20475,-4.75017,-4.43313,-1.44579,-3.87213,-3.63992,-6.19554,-4.10674,-3.02606,0.37811,-11.64219,-3.42319,-2.81952,-0.99084,-3.63628,-0.57931,-5.63369,1.95448,1.59632,0.00585,-0.64461,1.64880,1.94123,1.41182,-11.91536,-0.39983,-0.51416,0.41410,-0.54227,1.52751,-0.56117,-0.77626,6.40779,-3.24360,-1.18432,-0.40236,3.01028,-1.77715,-11.62323,8.57607,1.29449,-2.43035,-4.30838,2.17527,2.45592,-2.25934,1.43171,-0.73732,-3.35376,-4.71098,-1.18174,-0.56464,-11.69890,3.28623,0.45157,-4.06501,1.22944,-0.77624,1.54500,-1.66349,0.68234,-2.86599,-3.43426,-2.26222,0.29180,2.14849,-11.61300,-1.37711,1.26166,-1.54596,-1.09404,-1.23825,1.01783,-2.25554,-3.04077,-1.70239,0.25788,-4.74365,-1.81920,-0.29639,-11.93820,-4.50710,-2.50336,-1.39654,-2.01668,-3.38636,-1.89616,5.66684,-1.11467,-3.07631,-2.39298,2.14623,-1.74204,5.68392,-11.70443,-3.04866,-1.41353,-1.54440,-2.32215,1.30135,-3.68546,0.45890,0.22548,-0.47102,-6.19864,0.25371,0.42887,0.00818,-12.00558,1.78581,-1.72128,-0.50340,-2.72609,1.21070,-3.95363,-1.14171,-0.11641,-2.81947,-6.00975,-0.60425,-1.30534,-0.56349,-11.49683,1.67516,-2.27531,-4.06825,-1.30848,1.73352,0.88333,-3.49989,6.37139,-2.43691,0.67070,-2.22758,4.69736,-1.74319,-11.84916,4.33935,4.65578,-3.39228,-1.86051,-0.76245,4.12015,-2.09386,-0.78047,-1.93025,-1.62789,-2.10932,-1.84325,0.13037,-11.70733,-1.59433,-2.53359,-2.23554,-2.74104,-5.90633,0.01223,-0.37687,2.58666
0.52450,-2.85848,-4.34949,-4.40849,-3.90486,-5.29923,2.40565,-11.47134,-4.92810,-1.45773,-4.87714,-4.98909,-4.55906,-4.32074,-1.28910,-3.70594,-3.67185,-6.18130,-3.90348,-2.82740,0.45209,-11.41327,-3.21300,-2.77189,-1.02472,-3.73337,-0.28091,-5.71731,1.84393,1.33910,0.01929,-0.84802,1.42127,1.82034,1.33578,-11.64871,-0.43680,-0.70187,0.39160,-0.48902,1.44536,-0.79547,-0.62356,6.44135,-3.22493,-1.17365,-0.21333,3.11283,-1.61272,-11.38772,8.47373,1.39526,-2.30850,-4.24582,2.49638,2.71832,-2.45632,1.29419,-0.78916,-3.34162,-4.64910,-1.12622,-0.75120,-11.44331,3.21502,0.29448,-4.10046,1.06392,-0.89515,1.44489,-1.59375,0.62058,-2.89210,-3.31573,-2.14534,0.21297,2.23947,-11.34905,-1.51094,1.21269,-1.64479,-1.04407,-1.32318,1.10962,-2.39587,-3.14361,-1.83380,0.00905,-4.85124,-1.96393,-0.41421,-11.65765,-4.57230,-2.65741,-1.41830,-2.22312,-3.61575,-2.04456,5.31525,-1.49246,-3.24113,-2.55026,1.84102,-2.08098,5.44780,-11.45108,-3.40194,-1.73597,-1.67294,-2.48644,0.84743,-3.95212,0.57871,0.38077,-0.52728,-6.13573,0.43743,0.52975,-0.01740,-11.75173,1.73918,-1.58057,-0.48107,-2.95000,1.30041,-3.87258,-1.13886,-0.10115,-2.72573,-5.97206,-0.60459,-1.26253,-0.57694,-11.24517,1.86488,-2.34779,-4.07831,-1.31723,1.68695,0.78708,-3.26000,6.64054,-2.26714,0.76350,-2.17516,4.80227,-1.47782,-11.58609,4.54634,5.02221,-3.37367,-1.60355,-0.38831,4.57778,-2.22184,-0.63546,-1.90316,-1.65461,-2.23975,-1.62981,0.08837,-11.44952,-1.35231,-2.46647,-2.17167,-2.63516,-5.66169,0.16210,-0.38839,2.61403
0.51577,-2.87636,-4.27445,-4.25194,-3.82884,-5.21848,2.40173,-11.31245,-4.87435,-1.57232,-4.79889,-4.86979,-4.49943,-4.30440,-1.12298,-3.52957,-3.67661,-6.10389,-3.77548,-2.68214,0.50999,-11.26746,-3.04327,-2.70690,-1.05542,-3.81516,-0.01702,-5.76629,1.80637,1.19349,0.03161,-1.07022,1.26815,1.74521,1.27967,-11.47825,-0.41016,-0.85484,0.36701,-0.47803,1.44689,-0.94858,-0.49397,6.52149,-3.14636,-1.15631,-0.11021,3.22824,-1.48760,-11.24141,8.42973,1.50821,-2.19153,-4.12120,2.76971,2.97651,-2.58517,1.27762,-0.83957,-3.27824,-4.58418,-1.03706,-0.85755,-11.28774,3.24276,0.25905,-4.12213,0.96282,-0.96071,1.46000,-1.57314,0.59588,-2.89933,-3.20020,-2.13238,0.13171,2.25546,-11.18190,-1.57627,1.20127,-1.72587,-1.00688,-1.41714,1.12698,-2.51488,-3.26891,-1.96324,-0.27363,-4.92868,-2.11102,-0.51206,-11.48798,-4.67195,-2.81158,-1.44717,-2.40313,-3.78248,-2.23518,5.00334,-1.79797,-3.37549,-2.70837,1.56863,-2.34351,5.17505,-11.29356,-3.69783,-2.02906,-1.78044,-2.62579,0.54950,-4.19045,0.68183,0.51856,-0.56426,-6.03534,0.59177,0.60346,-0.05007,-11.59998,1.66998,-1.48805,-0.46002,-3.12930,1.33245,-3.76865,-1.10352,-0.03340,-2.64978,-5.88975,-0.59042,-1.25609,-0.59440,-11.09099,2.01191,-2.37071,-4.06836,-1.33640,1.63725,0.77315,-3.11266,6.74887,-2.18262,0.73882,-2.19684,4.72351,-1.32527,-11.43178,4.65094,5.22333,-3.40983,-1.46069,-0.23934,4.84828,-2.36043,-0.53924,-1.90387,-1.72288,-2.37799,-1.53804,0.02587,-11.28366,-1.23191,-2.40762,-2.12040,-2.54406,-5.55520,0.21397,-0.37813,2.63787
0.48463,-2.85982,-4.28906,-4.15705,-3.75540,-5.14947,2.35153,-11.31556,-4.82886,-1.66016,-4.70443,-4.90613,-4.54268,-4.37649,-0.99259,-3.40997,-3.66033,-6.06518,-3.73366,-2.64676,0.54663,-11.25332,-2.96208,-2.65908,-1.10425,-3.85743,0.18171,-5.75227,1.82098,1.19672,0.01760,-1.29108,1.20401,1.76335,1.24530,-11.47107,-0.32845,-0.96474,0.33685,-0.51466,1.58556,-0.96364,-0.41325,6.67566,-3.02987,-1.07395,-0.11765,3.39707,-1.41768,-11.23474,8.48979,1.61783,-2.10270,-3.97227,2.95835,3.21781,-2.58144,1.41536,-0.86024,-3.15847,-4.50005,-0.91698,-0.80900,-11.28606,3.39232,0.37124,-4.12576,0.95277,-0.90174,1.60388,-1.64751,0.56448,-2.91924,-3.21417,-2.24257,0.00607,2.16197,-11.17363,-1.57985,1.17016,-1.80636,-1.02709,-1.50640,1.04090,-2.64035,-3.42379,-2.11465,-0.59604,-4.97940,-2.27139,-0.62427,-11.49383,-4.82494,-2.98915,-1.50761,-2.53776,-3.84260,-2.43677,4.78380,-1.93362,-3.45597,-2.78297,1.41601,-2.42811,4.92614,-11.29545,-3.86327,-2.24282,-1.82123,-2.73440,0.47386,-4.33038,0.77448,0.63167,-0.56739,-5.87850,0.70216,0.62670,-0.06382,-11.60377,1.59600,-1.47279,-0.43922,-3.22034,1.29769,-3.65299,-1.01444,0.06914,-2.62388,-5.83357,-0.57276,-1.29874,-0.58074,-11.10225,2.06313,-2.34358,-4.06483,-1.35867,1.62569,0.85676,-3.10702,6.68240,-2.18931,0.54965,-2.28754,4.51097,-1.30310,-11.44987,4.64032,5.20262,-3.49859,-1.42333,-0.30746,4.85335,-2.46674,-0.47239,-1.93843,-1.76600,-2.44357,-1.55410,-0.02975,-11.27061,-1.24118,-2.36845,-2.08294,-2.47434,-5.57473,0.18200,-0.35655,2.64202
0.49153,-2.84822,-4.35941,-4.17083,-3.61871,-5.16716,2.29086,-11.57815,-4.84550,-1.81536,-4.60470,-5.09018,-4.74205,-4.57591,-0.92612,-3.30878,-3.69640,-6.14620,-3.85498,-2.76302,0.50887,-11.49784,-2.96705,-2.65559,-1.25107,-3.95611,0.33808,-5.74705,1.80648,1.29256,-0.10183,-1.60359,1.12723,1.76672,1.16585,-11.72633,-0.24993,-1.08238,0.26664,-0.64963,1.71291,-0.91859,-0.33065,6.96014,-2.84595,-0.86645,-0.17581,3.63963,-1.39930,-11.48471,8.59186,1.75550,-2.01419,-3.79715,3.10778,3.48968,-2.44084,1.70533,-0.90959,-2.98229,-4.40596,-0.78377,-0.65000,-11.55346,3.64619,0.55383,-4.21411,0.90720,-0.74696,1.85615,-1.73830,0.57823,-2.92958,-3.34040,-2.52730,-0.18577,2.05330,-11.42249,-1.56845,1.18550,-1.92077,-1.04220,-1.56065,0.91801,-2.74065,-3.57792,-2.27698,-1.01434,-4.99033,-2.41716,-0.72863,-11.76871,-5.03383,-3.24373,-1.53857,-2.65665,-3.79718,-2.66125,4.56927,-1.95675,-3.52896,-2.79879,1.23635,-2.44814,4.61480,-11.55844,-3.96462,-2.46552,-1.86481,-2.88714,0.52372,-4.46644,0.91068,0.77189,-0.60414,-5.73974,0.78648,0.56892,-0.06193,-11.86491,1.54514,-1.52188,-0.47065,-3.31097,1.25109,-3.53549,-0.91330,0.19277,-2.60329,-5.83824,-0.59750,-1.37654,-0.58236,-11.38260,2.01656,-2.29389,-4.06242,-1.38412,1.59654,0.96084,-3.20628,6.44311,-2.35523,0.20450,-2.46424,4.12195,-1.37852,-11.73112,4.43737,4.94954,-3.72611,-1.55588,-0.57145,4.71053,-2.54481,-0.37983,-2.04762,-1.73398,-2.48706,-1.65510,-0.11617,-11.51126,-1.38662,-2.31245,-2.09720,-2.48880,-5.70412,0.07502,-0.30467,2.64737
0.50078,-2.81603,-4.46488,-4.24209,-3.39585,-5.17789,2.19981,-11.79807,-4.89007,-1.92627,-4.46205,-5.39662,-5.03829,-4.85944,-0.92153,-3.34664,-3.68221,-6.23462,-4.10756,-3.00727,0.36801,-11.70367,-3.15594,-2.77966,-1.40923,-3.98850,0.40307,-5.76908,1.85571,1.54725,-0.28097,-1.80640,1.15611,1.82024,0.98923,-11.94492,-0.16261,-1.18061,0.23057,-0.87214,1.92784,-0.71552,-0.30121,7.29550,-2.50117,-0.45201,-0.28649,3.89781,-1.55344,-11.71629,8.74951,1.86270,-1.85748,-3.55808,3.16636,3.68508,-2.08196,2.10350,-0.90014,-2.76833,-4.19199,-0.69606,-0.39831,-11.78749,3.99147,0.81765,-4.27471,0.93390,-0.46466,2.27934,-1.96022,0.62642,-2.87255,-3.49041,-2.98901,-0.40196,1.76899,-11.65271,-1.50990,1.23599,-2.03146,-1.04441,-1.53811,0.74586,-2.76042,-3.71845,-2.34800,-1.27783,-4.85316,-2.50978,-0.75983,-12.01035,-5.29594,-3.48221,-1.46391,-2.59354,-3.62100,-2.83961,4.54021,-1.77017,-3.46575,-2.53431,1.23682,-2.27917,4.31312,-11.77515,-3.92981,-2.56929,-1.74441,-2.96520,0.82047,-4.52013,1.12771,0.75038,-0.63657,-5.60414,0.88623,0.31434,-0.02238,-12.08282,1.44828,-1.73391,-0.47083,-3.35064,1.15202,-3.51946,-0.71870,0.33031,-2.52542,-5.87055,-0.56746,-1.47294,-0.57259,-11.63065,1.82251,-2.17634,-3.95979,-1.34527,1.67814,1.15040,-3.44776,6.04040,-2.57806,-0.15604,-2.63602,3.62115,-1.64636,-11.98129,4.14966,4.46482,-3.93026,-1.80538,-1.01099,4.38567,-2.54520,-0.19338,-2.13518,-1.40405,-2.48207,-1.75092,-0.18110,-11.73266,-1.57993,-2.08765,-2.14218,-2.48682,-5.88032,0.05643,-0.18083,2.59230
0.48040,-2.76895,-4.51977,-4.35267,-3.18524,-5.16642,2.08695,-11.84518,-4.87784,-1.98822,-4.28565,-5.68251,-5.33217,-5.09349,-0.99723,-3.48008,-3.62060,-6.30619,-4.43835,-3.31463,0.17226,-11.71853,-3.42089,-2.92880,-1.54327,-3.94883,0.36987,-5.77413,1.91803,1.85005,-0.45932,-1.87092,1.27159,1.94330,0.80860,-11.99024,-0.07977,-1.22922,0.22362,-1.14890,2.18057,-0.45084,-0.24919,7.58169,-2.06098,0.08487,-0.38977,4.13637,-1.70449,-11.77361,8.89783,1.97609,-1.65157,-3.22761,3.18277,3.80817,-1.57078,2.52923,-0.82066,-2.55586,-3.89516,-0.59676,-0.03965,-11.83944,4.36446,1.16063,-4.26174,1.03084,-0.10297,2.77688,-2.25144,0.67181,-2.74060,-3.66824,-3.50289,-0.56568,1.40469,-11.71826,-1.37516,1.30219,-2.07747,-1.00045,-1.46463,0.55693,-2.74674,-3.83124,-2.34518,-1.40641,-4.59919,-2.50008,-0.74150,-12.07061,-5.50174,-3.64954,-1.33680,-2.42232,-3.39900,-2.97167,4.56388,-1.45703,-3.31998,-2.09862,1.33250,-1.96151,4.01950,-11.81366,-3.75346,-2.51529,-1.51520,-2.98558,1.20166,-4.49205,1.33338,0.58018,-0.66654,-5.48612,0.93785,-0.06151,0.02970,-12.11964,1.29405,-2.01358,-0.48582,-3.33418,0.98667,-3.53950,-0.54125,0.42505,-2.43938,-5.91731,-0.53836,-1.56784,-0.57969,-11.68174,1.53606,-2.01429,-3.81202,-1.28952,1.76467,1.35040,-3.73223,5.51946,-2.80473,-0.48742,-2.74057,3.11203,-1.97650,-12.04913,3.79693,3.82749,-4.08793,-2.08338,-1.52724,3.97483,-2.49224,0.03850,-2.18011,-0.92510,-2.40741,-1.83222,-0.22879,-11.78625,-1.73598,-1.74994,-2.19419,-2.46901,-6.08506,0.07977,-0.05378,2.51887
0.44994,-2.64428,-4.54532,-4.38168,-3.03037,-5.07775,1.94699,-11.73048,-4.77848,-1.92921,-4.12164,-5.89292,-5.47980,-5.24022,-1.04212,-3.65652,-3.52548,-6.31907,-4.62211,-3.57756,0.05053,-11.57969,-3.66575,-3.04356,-1.57669,-3.80131,0.26652,-5.68932,2.04462,2.17443,-0.51404,-1.73489,1.48039,2.16202,0.71611,-11.87338,-0.01339,-1.14332,0.31006,-1.30351,2.50854,-0.12047,-0.24709,7.67455,-1.72556,0.52945,-0.44814,4.25318,-1.82870,-11.66521,9.01679,1.96515,-1.53313,-2.96750,3.10135,3.77106,-1.05087,2.89591,-0.68319,-2.33187,-3.58588,-0.51814,0.33426,-11.71975,4.65379,1.52850,-4.14830,1.24773,0.28661,3.18527,-2.51485,0.64608,-2.60803,-3.87251,-3.82647,-0.68622,1.06424,-11.63396,-1.22771,1.28255,-2.03952,-0.98870,-1.39174,0.33457,-2.72477,-3.90062,-2.31354,-1.34366,-4.34325,-2.47545,-0.72296,-11.96965,-5.65100,-3.70839,-1.24415,-2.20003,-3.16774,-3.00292,4.70210,-1.07672,-3.16076,-1.63542,1.60600,-1.54610,3.85927,-11.69346,-3.46751,-2.32563,-1.26778,-2.92659,1.61867,-4.30723,1.47401,0.34619,-0.60873,-5.28011,0.96000,-0.36589,0.09343,-11.99134,1.16703,-2.26464,-0.44538,-3.15667,0.78842,-3.56184,-0.32061,0.47083,-2.41160,-5.93332,-0.45016,-1.64643,-0.49766,-11.55814,1.25139,-1.86507,-3.65481,-1.24262,1.91386,1.56585,-4.01967,5.04840,-2.92560,-0.68534,-2.81476,2.73393,-2.31354,-11.94806,3.49821,3.27221,-4.09460,-2.25442,-1.91901,3.50046,-2.34664,0.21314,-2.15891,-0.47226,-2.17708,-1.85687,-0.20365,-11.68169,-1.84299,-1.47201,-2.17514,-2.42037,-6.21033,0.14042,0.04501,2.39147
0.48519,-2.51191,-4.55680,-4.39602,-2.90542,-4.97623,1.88896,-11.64627,-4.66481,-1.82000,-4.01291,-6.02418,-5.50396,-5.32126,-1.06036,-3.80445,-3.42859,-6.29744,-4.71789,-3.75051,0.02929,-11.48251,-3.83301,-3.11688,-1.57215,-3.61440,0.17705,-5.57755,2.21164,2.46039,-0.50788,-1.55666,1.71606,2.37805,0.73976,-11.78311,0.05052,-0.97831,0.40028,-1.36718,2.84591,0.21603,-0.31302,7.62746,-1.54388,0.76661,-0.51758,4.27078,-1.93797,-11.58444,9.09299,1.87999,-1.54477,-2.82562,2.93323,3.59930,-0.66133,3.13760,-0.60335,-2.16213,-3.38034,-0.48732,0.63011,-11.62363,4.79680,1.80476,-4.04543,1.43299,0.56208,3.46153,-2.70346,0.58283,-2.55695,-4.07875,-4.02541,-0.76304,0.81148,-11.58467,-1.15597,1.23710,-2.00899,-1.04757,-1.37067,0.10520,-2.69916,-3.94910,-2.31056,-1.22679,-4.13463,-2.46199,-0.71015,-11.89057,-5.75761,-3.71105,-1.23433,-2.04397,-3.01766,-2.99870,4.88840,-0.71063,-3.05420,-1.29999,1.89001,-1.15848,3.80477,-11.60526,-3.19211,-2.09703,-1.11241,-2.87284,2.00250,-4.06843,1.48200,0.12885,-0.57841,-5.11405,0.89396,-0.58723,0.10547,-11.89065,1.11656,-2.46655,-0.45420,-2.97151,0.55841,-3.60092,-0.14074,0.50797,-2.41388,-5.94255,-0.36630,-1.72068,-0.40702,-11.46856,1.03017,-1.72802,-3.52088,-1.20240,2.06462,1.79705,-4.28076,4.68977,-3.02247,-0.79996,-2.87389,2.45872,-2.60427,-11.88577,3.29403,2.84152,-4.06366,-2.41840,-2.22431,3.04538,-2.16421,0.29803,-2.11606,-0.14423,-1.95184,-1.88557,-0.12724,-11.61115,-1.92289,-1.28907,-2.15743,-2.38396,-6.26640,0.18462,0.10956,2.28281
0.50810,-2.43919,-4.55538,-4.44874,-2.88010,-4.89398,1.89506,-11.58055,-4.57784,-1.70251,-3.96730,-6.06805,-5.47995,-5.33217,-1.09721,-3.90378,-3.33680,-6.22702,-4.77243,-3.80591,0.06391,-11.39742,-3.90843,-3.13475,-1.52889,-3.44267,0.09790,-5.49252,2.36077,2.65415,-0.49107,-1.40789,1.90778,2.55058,0.84328,-11.71802,0.12094,-0.82553,0.43250,-1.39193,3.08300,0.44288,-0.40158,7.50965,-1.49385,0.78234,-0.60106,4.22885,-2.00415,-11.52269,9.14095,1.80049,-1.60831,-2.77013,2.76607,3.38903,-0.46398,3.21364,-0.55909,-2.11763,-3.31105,-0.47516,0.82134,-11.54877,4.83464,1.95926,-3.95795,1.56182,0.66814,3.60666,-2.84532,0.53881,-2.56184,-4.20476,-4.14133,-0.74571,0.65625,-11.53994,-1.09550,1.22358,-1.98291,-1.12690,-1.38558,-0.03070,-2.68114,-3.96088,-2.30471,-1.10784,-4.02144,-2.42577,-0.66916,-11.83142,-5.75730,-3.65278,-1.27652,-1.95201,-2.97715,-2.96766,5.01854,-0.47668,-2.98914,-1.17739,2.08245,-0.90617,3.81592,-11.53926,-2.99310,-1.90916,-1.02038,-2.83635,2.24433,-3.90823,1.37092,-0.06744,-0.58085,-5.09043,0.75781,-0.72370,0.06984,-11.81767,1.08273,-2.61786,-0.52841,-2.88203,0.34330,-3.67412,-0.07331,0.52270,-2.44356,-5.94980,-0.31780,-1.75250,-0.35768,-11.40399,0.89889,-1.62436,-3.46716,-1.19114,2.13686,1.98032,-4.45531,4.48530,-3.07135,-0.85782,-2.89287,2.34145,-2.77606,-11.83286,3.21308,2.58459,-4.03472,-2.54428,-2.45832,2.71827,-2.05095,0.29020,-2.07508,-0.02675,-1.85668,-1.95763,-0.04684,-11.56394,-1.96163,-1.20073,-2.17977,-2.34734,-6.32147,0.19725,0.11961,2.26514
0.50332,-2.40935,-4.54829,-4.51222,-2.89104,-4.85039,1.90792,-11.50309,-4.54291,-1.61571,-3.95292,-6.07142,-5.47387,-5.32790,-1.14929,-3.96446,-3.26873,-6.13297,-4.81754,-3.79713,0.08304,-11.31052,-3.93483,-3.14002,-1.47559,-3.31690,0.03472,-5.44847,2.49301,2.77123,-0.46617,-1.27611,2.04175,2.66461,0.95984,-11.64350,0.15403,-0.69426,0.45139,-1.37905,3.21828,0.57275,-0.47366,7.38598,-1.49577,0.69547,-0.64797,4.18054,-2.05166,-11.45437,9.16137,1.71945,-1.65793,-2.77769,2.65432,3.20353,-0.38655,3.20813,-0.53032,-2.11969,-3.31556,-0.46652,0.91334,-11.47364,4.82794,2.01391,-3.89867,1.64479,0.70882,3.67361,-2.91706,0.55954,-2.56290,-4.23028,-4.17902,-0.66983,0.58149,-11.47578,-1.01437,1.25690,-1.95154,-1.16806,-1.37950,-0.05856,-2.66423,-3.94278,-2.26355,-0.98356,-3.97066,-2.38338,-0.63468,-11.76340,-5.71117,-3.57790,-1.29996,-1.87235,-2.97944,-2.90906,5.09522,-0.37569,-2.96594,-1.18383,2.18512,-0.79729,3.84335,-11.46784,-2.88961,-1.79572,-0.99202,-2.82772,2.37263,-3.83357,1.23570,-0.22351,-0.58129,-5.13169,0.63049,-0.79057,0.01816,-11.73855,1.03237,-2.72706,-0.58589,-2.84902,0.19924,-3.77089,-0.03627,0.52160,-2.46021,-5.93047,-0.26340,-1.75850,-0.33079,-11.33355,0.81067,-1.57653,-3.43344,-1.17871,2.16590,2.09958,-4.55440,4.40687,-3.09617,-0.86909,-2.90820,2.30711,-2.88236,-11.75937,3.20510,2.45741,-4.01651,-2.64151,-2.60706,2.53295,-1.98985,0.24650,-2.03639,-0.03800,-1.84708,-2.04741,-0.00049,-11.50536,-1.98402,-1.18716,-2.20547,-2.31247,-6.37235,0.20593,0.12135,2.28412
0.48760,-2.39578,-4.54211,-4.56609,-2.93042,-4.83195,1.91800,-11.45813,-4.52819,-1.55600,-3.96000,-6.06079,-5.46355,-5.31663,-1.19713,-4.00603,-3.22995,-6.06667,-4.84935,-3.77336,0.08770,-11.25925,-3.94080,-3.16103,-1.43031,-3.24698,-0.01422,-5.44303,2.59048,2.83854,-0.43974,-1.18668,2.12106,2.73453,1.05137,-11.59994,0.16314,-0.60521,0.45476,-1.36003,3.28758,0.63297,-0.53163,7.28414,-1.53464,0.57810,-0.68671,4.12692,-2.08838,-11.41582,9.16147,1.64490,-1.70376,-2.82389,2.57108,3.06239,-0.37730,3.16832,-0.52521,-2.15952,-3.35596,-0.47363,0.93122,-11.43120,4.78190,2.00981,-3.87167,1.67759,0.70459,3.68663,-2.95311,0.59056,-2.58347,-4.23052,-4.17571,-0.60184,0.53833,-11.43761,-0.96792,1.27966,-1.93919,-1.21647,-1.38973,-0.05393,-2.66230,-3.91913,-2.22958,-0.89018,-3.96916,-2.36054,-0.62251,-11.72698,-5.67385,-3.51395,-1.32397,-1.82256,-3.02307,-2.86213,5.14767,-0.32652,-2.96758,-1.24367,2.22283,-0.76632,3.88061,-11.42927,-2.84540,-1.72866,-0.99335,-2.84178,2.42191,-3.80479,1.10714,-0.32132,-0.59488,-5.19743,0.50892,-0.82586,-0.04229,-11.69356,0.98755,-2.79568,-0.62542,-2.85621,0.10448,-3.85617,-0.01706,0.52807,-2.48149,-5.91767,-0.22312,-1.75926,-0.32194,-11.29349,0.77052,-1.56257,-3.42106,-1.18732,2.18570,2.16702,-4.59843,4.41561,-3.09900,-0.85460,-2.92046,2.32829,-2.93997,-11.71545,3.24377,2.42191,-3.99912,-2.70147,-2.67952,2.44831,-1.95699,0.20939,-2.00748,-0.09575,-1.87869,-2.12002,0.03368,-11.47233,-1.98502,-1.19641,-2.22371,-2.28271,-6.39523,0.22362,0.12529,2.31865
0.45793,-2.40707,-4.54465,-4.61227,-2.98655,-4.84431,1.92528,-11.46657,-4.54852,-1.53534,-3.99180,-6.04453,-5.47725,-5.31963,-1.21955,-4.01294,-3.22530,-6.01445,-4.85379,-3.73550,0.08851,-11.26963,-3.93234,-3.17927,-1.40252,-3.24159,-0.04008,-5.46936,2.64475,2.85476,-0.42849,-1.14901,2.12763,2.73876,1.10072,-11.61102,0.16297,-0.56514,0.43457,-1.35114,3.29021,0.62081,-0.55733,7.22289,-1.58667,0.43878,-0.71218,4.07431,-2.10697,-11.42912,9.14467,1.58670,-1.73613,-2.88393,2.55471,2.98775,-0.42407,3.11424,-0.53534,-2.21697,-3.41137,-0.47686,0.88253,-11.44150,4.72667,1.95314,-3.87635,1.66241,0.67765,3.66470,-2.94494,0.63574,-2.61101,-4.18039,-4.14169,-0.54047,0.54094,-11.44742,-0.94417,1.30857,-1.95221,-1.24843,-1.40508,-0.00684,-2.64934,-3.89190,-2.20019,-0.83085,-4.00060,-2.35336,-0.59912,-11.74095,-5.64779,-3.45494,-1.34362,-1.79818,-3.08244,-2.82936,5.16315,-0.36287,-3.00068,-1.36019,2.19647,-0.82750,3.91122,-11.43956,-2.88228,-1.73516,-1.03024,-2.87526,2.38297,-3.84568,1.00657,-0.37385,-0.63555,-5.28005,0.42361,-0.83240,-0.10289,-11.70418,0.94061,-2.83171,-0.65949,-2.91133,0.06193,-3.92904,-0.01066,0.54526,-2.49732,-5.90569,-0.18391,-1.74432,-0.33143,-11.30294,0.77950,-1.58209,-3.42829,-1.21560,2.18591,2.17249,-4.58066,4.49460,-3.08170,-0.81654,-2.92773,2.37535,-2.94686,-11.72482,3.31519,2.46739,-3.99489,-2.72966,-2.68391,2.47419,-1.96287,0.17770,-2.01201,-0.20465,-1.95991,-2.17613,0.04180,-11.48574,-1.97378,-1.22597,-2.25916,-2.28273,-6.40655,0.24928,0.13497,2.36095
0.42054,-2.44605,-4.54547,-4.66192,-3.07017,-4.87326,1.94823,-11.54158,-4.59995,-1.52507,-4.02917,-6.00158,-5.50602,-5.32715,-1.22319,-3.98386,-3.24220,-5.95247,-4.81727,-3.66706,0.10794,-11.34886,-3.90858,-3.16586,-1.38289,-3.27869,-0.03528,-5.49504,2.66957,2.85135,-0.42311,-1.13825,2.07696,2.71569,1.13299,-11.69104,0.18969,-0.55650,0.38685,-1.35143,3.26506,0.56026,-0.54792,7.18786,-1.64316,0.26996,-0.72677,4.02691,-2.09639,-11.50634,9.11734,1.54780,-1.75809,-2.93793,2.59776,2.93902,-0.53393,3.05130,-0.55833,-2.30339,-3.50017,-0.46624,0.77647,-11.51414,4.67929,1.86510,-3.89179,1.59890,0.64197,3.62045,-2.93304,0.66586,-2.66112,-4.10522,-4.10222,-0.49850,0.55919,-11.51951,-0.95103,1.34063,-1.98688,-1.28458,-1.44934,0.06174,-2.62513,-3.85326,-2.18536,-0.79329,-4.02413,-2.34530,-0.55880,-11.82135,-5.61994,-3.38901,-1.36857,-1.80267,-3.14975,-2.81190,5.14156,-0.47561,-3.05160,-1.52901,2.11802,-0.96267,3.93703,-11.51245,-2.97764,-1.80814,-1.08495,-2.90778,2.26570,-3.94878,0.91987,-0.40633,-0.70624,-5.38830,0.35242,-0.83923,-0.14299,-11.78153,0.88323,-2.84302,-0.70822,-2.99308,0.02984,-4.00163,-0.03455,0.55975,-2.51002,-5.89916,-0.13306,-1.70768,-0.36458,-11.38364,0.81286,-1.63564,-3.43538,-1.26229,2.16140,2.14196,-4.50931,4.61605,-3.04875,-0.76312,-2.91030,2.42967,-2.91818,-11.80167,3.40209,2.55444,-4.01396,-2.74671,-2.66062,2.56131,-1.98873,0.16644,-2.04343,-0.35378,-2.07553,-2.21620,0.03900,-11.56757,-1.93225,-1.24757,-2.31216,-2.31376,-6.40371,0.28509,0.13886,2.41031
0.37875,-2.52156,-4.51842,-4.73081,-3.16707,-4.94075,1.99500,-11.63641,-4.67337,-1.55654,-4.07202,-5.92493,-5.57099,-5.32480,-1.23798,-3.92413,-3.28650,-5.90235,-4.80426,-3.59560,0.12531,-11.45003,-3.86628,-3.13444,-1.37535,-3.36769,-0.01015,-5.54551,2.65431,2.78603,-0.44197,-1.19266,1.98702,2.64167,1.16761,-11.79028,0.21447,-0.58183,0.30768,-1.37006,3.17433,0.41478,-0.49089,7.18448,-1.69737,0.07930,-0.70915,4.01033,-2.03291,-11.60107,9.08037,1.54489,-1.75053,-2.97097,2.71360,2.93682,-0.69775,2.97720,-0.60065,-2.41030,-3.61643,-0.41205,0.64395,-11.60577,4.64715,1.75166,-3.93450,1.49310,0.59113,3.56141,-2.88796,0.73030,-2.70823,-3.99366,-4.06234,-0.41954,0.64385,-11.60751,-0.93715,1.42427,-2.02238,-1.27580,-1.47400,0.20202,-2.59704,-3.79895,-2.16108,-0.79226,-4.05966,-2.30133,-0.49884,-11.91900,-5.55908,-3.31428,-1.38499,-1.82637,-3.21794,-2.78943,5.03611,-0.67267,-3.13932,-1.76262,1.94549,-1.16790,3.93282,-11.60415,-3.12548,-1.93670,-1.18043,-2.97086,2.07193,-4.11671,0.81337,-0.41849,-0.81834,-5.55658,0.27714,-0.83371,-0.19892,-11.88176,0.81652,-2.83338,-0.78472,-3.13952,0.01944,-4.07495,-0.11998,0.55586,-2.51937,-5.90504,-0.10044,-1.65792,-0.44358,-11.48349,0.87258,-1.72169,-3.45985,-1.31981,2.07792,2.05011,-4.41304,4.76206,-3.03238,-0.71517,-2.88490,2.49156,-2.86279,-11.88987,3.49129,2.66233,-4.08630,-2.78071,-2.62757,2.73027,-2.05765,0.15577,-2.09592,-0.56566,-2.23764,-2.27140,0.00904,-11.66648,-1.87953,-1.28658,-2.39013,-2.36394,-6.42031,0.30852,0.12660,2.49052
0.34416,-2.61036,-4.50156,-4.82591,-3.26410,-5.03743,2.05337,-11.74134,-4.76958,-1.59639,-4.15794,-5.84193,-5.60784,-5.31925,-1.27971,-3.86106,-3.33955,-5.85816,-4.78762,-3.48785,0.12615,-11.57087,-3.79450,-3.11924,-1.35610,-3.45735,0.00690,-5.60641,2.64587,2.69343,-0.45177,-1.21297,1.90911,2.54787,1.23105,-11.90550,0.20918,-0.57832,0.23297,-1.34986,3.03263,0.26331,-0.48330,7.12297,-1.81995,-0.18997,-0.69069,3.94380,-1.99682,-11.71178,9.01318,1.49161,-1.77912,-3.08581,2.77017,2.88240,-0.91325,2.82688,-0.67033,-2.55954,-3.76301,-0.41199,0.46678,-11.71134,4.54882,1.54240,-4.01004,1.36284,0.49726,3.42992,-2.78892,0.82289,-2.76538,-3.84247,-3.96324,-0.29919,0.79629,-11.71329,-0.92991,1.52651,-2.05163,-1.25375,-1.47571,0.37872,-2.53716,-3.70092,-2.10059,-0.72811,-4.11197,-2.22702,-0.42491,-12.03004,-5.45184,-3.21325,-1.38305,-1.83114,-3.27520,-2.70714,4.97080,-0.87444,-3.23171,-2.04507,1.76752,-1.40597,3.98939,-11.71224,-3.26464,-2.06531,-1.30436,-3.03413,1.87726,-4.28509,0.66830,-0.41865,-0.94185,-5.77557,0.18647,-0.78122,-0.26887,-11.99202,0.79785,-2.81656,-0.85467,-3.29273,0.05730,-4.17080,-0.20770,0.54008,-2.51555,-5.89809,-0.05416,-1.58452,-0.51187,-11.59893,0.95285,-1.81795,-3.48879,-1.35630,2.01370,1.94005,-4.30242,4.97827,-3.02423,-0.61333,-2.85264,2.63634,-2.77859,-11.98237,3.63058,2.83387,-4.13406,-2.80086,-2.53111,2.93814,-2.12067,0.10537,-2.13552,-0.81496,-2.42082,-2.32816,-0.00470,-11.78251,-1.82241,-1.37824,-2.46997,-2.41314,-6.40585,0.34050,0.10059,2.57712
0.33245,-2.70245,-4.50126,-4.93875,-3.36461,-5.14374,2.15374,-11.85020,-4.83262,-1.62304,-4.31988,-5.74075,-5.57443,-5.25608,-1.38047,-3.79413,-3.39963,-5.87538,-4.77941,-3.32828,0.12134,-11.69676,-3.64589,-3.09415,-1.32546,-3.52290,0.01573,-5.65903,2.59106,2.53939,-0.45365,-1.21360,1.84100,2.44245,1.34819,-12.02349,0.15738,-0.54805,0.14167,-1.27395,2.82551,0.11032,-0.53308,7.01294,-2.06466,-0.50275,-0.68144,3.85567,-1.95347,-11.81613,8.92589,1.42112,-1.85886,-3.29062,2.77740,2.80863,-1.16494,2.56724,-0.76939,-2.74587,-3.93765,-0.47702,0.28573,-11.81898,4.35644,1.25145,-4.11355,1.21469,0.32557,3.18877,-2.61497,0.90830,-2.85820,-3.72527,-3.77688,-0.13701,1.06197,-11.81223,-0.93769,1.61458,-2.06451,-1.23222,-1.44908,0.57332,-2.50622,-3.58821,-2.03945,-0.67256,-4.22605,-2.12901,-0.36330,-12.13931,-5.25895,-3.10861,-1.39676,-1.84346,-3.33489,-2.58610,4.92308,-1.03618,-3.33998,-2.35625,1.58686,-1.60912,4.14150,-11.82440,-3.33459,-2.12375,-1.46188,-3.07313,1.68373,-4.39183,0.45955,-0.36736,-1.06005,-6.01482,0.07129,-0.63321,-0.34805,-12.09865,0.89338,-2.75271,-0.93350,-3.43808,0.16516,-4.22866,-0.33919,0.46927,-2.53940,-5.91096,-0.04030,-1.51362,-0.55092,-11.70911,1.05738,-1.92891,-3.57232,-1.38473,1.94851,1.79260,-4.16747,5.24461,-3.02683,-0.48937,-2.78434,2.91810,-2.61799,-12.06962,3.79780,3.06993,-4.15566,-2.81069,-2.33702,3.18614,-2.17295,-0.02930,-2.15750,-1.12267,-2.57061,-2.37553,0.00571,-11.89354,-1.76680,-1.56633,-2.54807,-2.46973,-6.35363,0.32744,0.02987,2.68681
0.39450,-2.75209,-4.51281,-4.96954,-3.41965,-5.16186,2.34413,-11.94044,-4.82934,-1.55463,-4.55306,-5.62870,-5.42805,-5.08593,-1.47561,-3.73239,-3.45928,-5.90065,-4.67306,-3.11268,0.21350,-11.79680,-3.39587,-2.99054,-1.24624,-3.49810,-0.01199,-5.61800,2.49915,2.32810,-0.40845,-1.18239,1.82798,2.39883,1.58106,-12.11459,0.07214,-0.43881,0.06908,-1.07110,2.61284,-0.03988,-0.76804,6.74383,-2.52453,-0.94618,-0.72487,3.69648,-1.96468,-11.88341,8.82254,1.25506,-2.05731,-3.65779,2.63488,2.61876,-1.48302,2.21761,-0.89890,-2.90812,-4.17412,-0.59193,0.07960,-11.89626,4.05208,0.94711,-4.19244,1.08656,0.08934,2.85394,-2.33589,0.94782,-2.96666,-3.65712,-3.39580,0.08558,1.46398,-11.87637,-0.91523,1.66809,-2.03101,-1.24546,-1.37560,0.76565,-2.47816,-3.46093,-1.94156,-0.54384,-4.40140,-2.02561,-0.29391,-12.21613,-4.96961,-2.92500,-1.46329,-1.81496,-3.32836,-2.34150,4.93493,-1.10998,-3.47273,-2.66100,1.51221,-1.72873,4.46299,-11.90560,-3.26086,-2.02485,-1.63162,-3.01145,1.56449,-4.30628,0.12665,-0.27437,-1.07601,-6.17655,-0.05826,-0.31729,-0.44110,-12.19635,1.15600,-2.63118,-0.96505,-3.43916,0.30723,-4.26182,-0.51587,0.32162,-2.63263,-5.92419,0.00194,-1.45170,-0.52379,-11.77614,1.19035,-2.09239,-3.69627,-1.41206,1.92909,1.61442,-4.07183,5.52361,-3.00837,-0.35468,-2.72730,3.31847,-2.40865,-12.11744,3.98516,3.38067,-4.11090,-2.78056,-2.04752,3.38135,-2.14167,-0.32490,-2.11554,-1.52084,-2.56211,-2.38854,0.12837,-11.97443,-1.77280,-1.92028,-2.54912,-2.48447,-6.22168,0.26910,-0.11135,2.79835
0.52979,-2.77466,-4.47185,-4.84882,-3.43533,-5.11091,2.55988,-11.96501,-4.81593,-1.41889,-4.72720,-5.44639,-5.15162,-4.84622,-1.50578,-3.71469,-3.54684,-5.92586,-4.41263,-2.90333,0.36138,-11.83120,-3.10578,-2.86974,-1.15575,-3.45732,-0.08567,-5.56441,2.34692,2.07498,-0.30148,-1.10978,1.80360,2.35385,1.78863,-12.12845,-0.04116,-0.29130,0.05503,-0.75906,2.37579,-0.20350,-1.08768,6.38630,-3.03365,-1.40843,-0.71273,3.47747,-2.02803,-11.87210,8.67204,1.05095,-2.28433,-4.08099,2.36475,2.38458,-1.88517,1.82539,-1.00641,-2.98122,-4.45249,-0.75168,-0.21561,-11.90295,3.64635,0.66862,-4.23679,0.96750,-0.22224,2.44537,-1.97008,0.88346,-3.06542,-3.59242,-2.86206,0.23024,1.92946,-11.86105,-0.97801,1.64854,-1.94539,-1.26727,-1.33810,0.91075,-2.40113,-3.36622,-1.79726,-0.33433,-4.56786,-1.98400,-0.21869,-12.21441,-4.72011,-2.71816,-1.49342,-1.78925,-3.31482,-2.09043,5.00353,-1.17116,-3.57946,-2.88661,1.55957,-1.84016,4.87892,-11.91067,-3.15351,-1.85048,-1.76157,-2.87267,1.43531,-4.09466,-0.16022,-0.08413,-0.95449,-6.18914,-0.11848,0.11833,-0.49080,-12.23433,1.55097,-2.37770,-0.91539,-3.25444,0.53776,-4.23242,-0.68399,0.18068,-2.67856,-5.88204,0.06721,-1.33580,-0.43183,-11.75892,1.41772,-2.23017,-3.78293,-1.37501,1.96150,1.43590,-3.95903,5.83983,-2.88207,-0.11470,-2.68718,3.81309,-2.14533,-12.09236,4.20583,3.84454,-3.96207,-2.59154,-1.61187,3.61331,-2.02543,-0.67695,-2.01465,-1.86595,-2.41308,-2.30506,0.34882,-11.98156,-1.80056,-2.30535,-2.46168,-2.45958,-5.97030,0.22338,-0.27888,2.83448
0.65231,-2.74456,-4.34007,-4.59452,-3.53423,-5.02984,2.74250,-11.93362,-4.73226,-1.26614,-4.81758,-5.16617,-4.82108,-4.54926,-1.41877,-3.70187,-3.60113,-6.01103,-4.15530,-2.75954,0.54233,-11.81965,-2.89047,-2.78833,-1.09079,-3.47528,-0.12802,-5.62785,2.12638,1.70043,-0.22455,-1.17142,1.59854,2.16064,1.83681,-12.09018,-0.17633,-0.34244,0.00563,-0.54515,2.05185,-0.47975,-1.17738,6.17392,-3.33039,-1.66953,-0.57449,3.34887,-1.94182,-11.82559,8.52959,1.03069,-2.38527,-4.33026,2.25583,2.30377,-2.28655,1.44883,-1.02507,-3.05657,-4.61490,-0.84877,-0.50143,-11.86786,3.31079,0.42125,-4.24111,0.85602,-0.62770,1.98709,-1.69186,0.77585,-3.16335,-3.54734,-2.47592,0.25929,2.28120,-11.80347,-1.13680,1.58548,-1.94214,-1.29071,-1.38232,1.05474,-2.43642,-3.35315,-1.78901,-0.29621,-4.78929,-2.02175,-0.22148,-12.15892,-4.58754,-2.61055,-1.53569,-1.93491,-3.49720,-2.03762,4.97342,-1.38409,-3.63960,-3.01271,1.58782,-1.98560,5.13250,-11.86604,-3.24748,-1.82702,-1.83573,-2.82772,1.10114,-4.03897,-0.21310,0.13079,-0.88443,-6.18504,-0.06613,0.41523,-0.46629,-12.21626,1.80822,-2.04750,-0.90040,-3.23045,0.70217,-4.19005,-0.88146,0.06063,-2.69091,-5.90818,-0.07807,-1.28643,-0.40012,-11.71108,1.69590,-2.30182,-3.92162,-1.34782,1.84654,1.21215,-3.77392,6.19377,-2.64937,0.13728,-2.59067,4.27999,-1.84723,-12.02573,4.45571,4.40446,-3.80196,-2.27135,-1.13707,3.96562,-2.07342,-0.84426,-1.95288,-2.03943,-2.39177,-2.12237,0.44517,-11.94578,-1.67455,-2.49337,-2.43903,-2.46419,-5.73779,0.22893,-0.42075,2.86416
0.82629,-2.62692,-4.12431,-4.24214,-3.59679,-4.89627,2.91367,-11.98360,-4.61078,-1.13541,-4.84851,-4.81448,-4.40755,-4.23547,-1.23504,-3.57136,-3.68084,-6.12686,-3.89786,-2.59619,0.71535,-11.88981,-2.61377,-2.69077,-1.10373,-3.57404,-0.08019,-5.65448,1.86950,1.31685,-0.14984,-1.32741,1.21433,1.90906,1.76406,-12.13321,-0.30964,-0.45817,-0.05378,-0.36795,1.69751,-0.80050,-1.15418,6.04515,-3.55728,-1.85620,-0.36609,3.25934,-1.80299,-11.88035,8.33860,1.05195,-2.44087,-4.54595,2.22949,2.28455,-2.71592,1.08777,-1.08814,-3.13884,-4.79322,-0.98430,-0.87414,-11.92240,2.98635,0.11922,-4.30090,0.65259,-1.06330,1.45017,-1.43707,0.61927,-3.31157,-3.56455,-2.17256,0.10595,2.55661,-11.83156,-1.44898,1.43896,-2.04275,-1.37537,-1.52202,1.11313,-2.54662,-3.38927,-1.87525,-0.43354,-5.03225,-2.16808,-0.37286,-12.18788,-4.58379,-2.65229,-1.56697,-2.23423,-3.81320,-2.10432,4.86666,-1.68844,-3.74914,-3.15783,1.50691,-2.29627,5.23024,-11.92275,-3.49713,-1.99778,-1.99378,-2.89553,0.57823,-4.08988,-0.11695,0.45582,-0.85858,-6.10584,0.03906,0.64501,-0.40529,-12.27263,1.99969,-1.63892,-0.88704,-3.29947,0.79584,-4.10699,-1.03150,-0.06422,-2.69352,-6.00958,-0.29274,-1.33856,-0.38200,-11.74955,1.90347,-2.42892,-4.04438,-1.40704,1.62316,0.92584,-3.49681,6.59238,-2.43446,0.35315,-2.55962,4.63545,-1.51528,-12.05101,4.65724,4.99179,-3.66688,-1.93817,-0.61323,4.35218,-2.15430,-0.82908,-1.92556,-2.14364,-2.44262,-1.84014,0.47600,-11.98900,-1.43880,-2.58157,-2.39361,-2.49692,-5.40532,0.28413,-0.49543,2.88826
1.01562,-2.54719,-3.89079,-3.94591,-3.60217,-4.81065,3.09156,-12.04682,-4.53640,-1.12646,-4.79842,-4.48244,-4.09502,-4.04089,-1.01604,-3.35999,-3.76772,-6.23896,-3.71077,-2.45933,0.86031,-11.96574,-2.35038,-2.58983,-1.16054,-3.72225,0.07152,-5.69241,1.64254,1.03085,-0.11531,-1.55324,0.85085,1.68317,1.63433,-12.19192,-0.38437,-0.61738,-0.13278,-0.28953,1.46196,-1.06408,-0.99380,6.09710,-3.63731,-1.91982,-0.13419,3.32044,-1.59010,-11.95282,8.19821,1.20382,-2.44303,-4.61006,2.34968,2.43685,-3.03926,0.90474,-1.17563,-3.15637,-4.94377,-1.00586,-1.15755,-11.98759,2.80149,-0.06130,-4.36317,0.43538,-1.37393,1.10859,-1.25991,0.46497,-3.46180,-3.60304,-2.07956,-0.13197,2.74662,-11.87384,-1.78714,1.30637,-2.20259,-1.45812,-1.71921,1.10263,-2.70456,-3.45765,-2.05650,-0.75133,-5.23336,-2.35946,-0.59025,-12.22814,-4.66660,-2.79029,-1.59835,-2.61527,-4.15137,-2.31438,4.62812,-2.00195,-3.89192,-3.33454,1.29570,-2.64119,5.07034,-12.00812,-3.80952,-2.27710,-2.17562,-3.06538,0.09148,-4.23033,0.00362,0.80518,-0.91260,-6.00635,0.10949,0.78377,-0.42276,-12.33873,2.09996,-1.27914,-0.95194,-3.47061,0.81655,-3.96293,-1.17777,-0.11491,-2.67497,-6.08153,-0.55708,-1.47471,-0.44631,-11.80741,2.06253,-2.53355,-4.10766,-1.50213,1.36583,0.72773,-3.23844,6.83963,-2.30159,0.46310,-2.55725,4.72746,-1.23275,-12.11351,4.71145,5.39434,-3.64309,-1.70748,-0.26444,4.68717,-2.23598,-0.72827,-1.94873,-2.22864,-2.53580,-1.65054,0.46068,-12.03356,-1.25493,-2.60080,-2.35891,-2.55448,-5.15254,0.30426,-0.50441,2.91389
1.10918,-2.54655,-3.77741,-3.83459,-3.54231,-4.78104,3.17005,-11.98946,-4.52036,-1.20716,-4.67131,-4.31771,-3.95416,-3.98809,-0.91786,-3.21605,-3.80932,-6.27269,-3.62184,-2.36768,0.86324,-11.91141,-2.22721,-2.55997,-1.19067,-3.84510,0.23885,-5.74251,1.53447,0.92625,-0.13777,-1.70064,0.69676,1.61020,1.50374,-12.12938,-0.37981,-0.77834,-0.17769,-0.27998,1.41713,-1.17421,-0.80178,6.27778,-3.54932,-1.81134,0.02390,3.48108,-1.41358,-11.90607,8.19859,1.41722,-2.34826,-4.50704,2.56042,2.70491,-3.15215,0.88224,-1.21407,-3.13571,-4.96564,-0.95656,-1.25781,-11.93699,2.79545,-0.11185,-4.37320,0.33212,-1.46100,1.05867,-1.24831,0.38861,-3.51694,-3.57288,-2.13051,-0.29889,2.75634,-11.80960,-1.96723,1.24770,-2.29842,-1.46653,-1.82879,1.08706,-2.84160,-3.52572,-2.19980,-1.01650,-5.30277,-2.48350,-0.77165,-12.15845,-4.75422,-2.96280,-1.57859,-2.85368,-4.33753,-2.54763,4.39840,-2.20981,-3.94770,-3.39387,1.09619,-2.88043,4.80035,-11.96577,-4.04768,-2.51324,-2.24363,-3.18215,-0.18713,-4.38124,0.10589,0.99504,-0.97420,-5.96721,0.15943,0.79867,-0.46079,-12.28184,2.06822,-1.13067,-0.98473,-3.64110,0.83957,-3.83333,-1.23984,-0.08436,-2.60557,-6.04553,-0.69634,-1.54493,-0.51706,-11.75401,2.13804,-2.54986,-4.07628,-1.49557,1.24255,0.70848,-3.05219,6.93282,-2.22755,0.50876,-2.49252,4.68898,-1.03909,-12.06724,4.70581,5.55270,-3.65724,-1.56588,-0.09360,4.92405,-2.29643,-0.60048,-1.95141,-2.21478,-2.62800,-1.56615,0.42889,-11.95915,-1.12234,-2.53916,-2.31238,-2.52776,-5.03408,0.31633,-0.48434,2.90397
1.08932,-2.58362,-3.77058,-3.89610,-3.46629,-4.82981,3.13162,-11.88720,-4.56414,-1.32653,-4.51773,-4.33487,-4.03063,-4.08050,-0.94224,-3.17027,-3.82157,-6.25698,-3.66564,-2.36777,0.73303,-11.80803,-2.26261,-2.62106,-1.21069,-3.93742,0.37815,-5.80852,1.56755,0.99882,-0.18913,-1.74504,0.71975,1.65709,1.41449,-12.02259,-0.33594,-0.89384,-0.18137,-0.34214,1.55660,-1.14269,-0.58720,6.55230,-3.32816,-1.57811,0.12128,3.71426,-1.31650,-11.80540,8.30449,1.59734,-2.17352,-4.29634,2.84392,2.99790,-3.05654,1.01146,-1.18864,-3.08977,-4.88108,-0.87427,-1.19905,-11.83885,2.94376,-0.05812,-4.35961,0.34198,-1.31326,1.25457,-1.38078,0.40207,-3.51667,-3.53164,-2.29542,-0.38704,2.59493,-11.70861,-1.97870,1.26649,-2.35431,-1.42841,-1.84400,1.08550,-2.94453,-3.57983,-2.26413,-1.17027,-5.26156,-2.53140,-0.89299,-12.04828,-4.86388,-3.11700,-1.52799,-2.89958,-4.37182,-2.74564,4.23741,-2.29642,-3.96108,-3.35763,0.93389,-2.98977,4.51959,-11.86202,-4.20160,-2.69574,-2.22807,-3.26634,-0.24700,-4.54016,0.19021,1.01804,-1.04815,-5.98591,0.16476,0.67186,-0.51558,-12.17773,1.93096,-1.19979,-1.00810,-3.79253,0.84167,-3.77696,-1.19948,-0.01635,-2.51299,-5.97898,-0.67326,-1.57842,-0.57805,-11.65878,2.09140,-2.52230,-3.96869,-1.45307,1.24843,0.80525,-2.98849,6.89592,-2.22863,0.48264,-2.41760,4.55191,-1.02110,-11.98700,4.65720,5.45197,-3.71559,-1.56865,-0.12331,5.03516,-2.34165,-0.44264,-1.97620,-2.12528,-2.72345,-1.60439,0.35579,-11.84103,-1.05629,-2.41146,-2.30488,-2.47354,-5.07318,0.33825,-0.41506,2.88076
0.94904,-2.63100,-3.82940,-4.03370,-3.42924,-4.89957,2.99666,-11.78108,-4.64419,-1.44264,-4.38934,-4.45532,-4.27238,-4.25309,-0.96830,-3.19353,-3.77969,-6.18148,-3.76859,-2.44827,0.61312,-11.69135,-2.44689,-2.73314,-1.21182,-3.98724,0.47822,-5.85700,1.70106,1.18011,-0.27218,-1.75340,0.81046,1.72976,1.35368,-11.91359,-0.22744,-0.97257,-0.19040,-0.50685,1.79939,-1.03566,-0.38060,6.81147,-3.04160,-1.36128,0.13162,3.91763,-1.27281,-11.70095,8.44148,1.70122,-1.96975,-4.01898,3.14132,3.22067,-2.84529,1.27670,-1.11259,-3.03749,-4.70202,-0.70469,-1.06333,-11.73093,3.22825,0.07618,-4.32564,0.41084,-1.00763,1.59399,-1.62685,0.49767,-3.49154,-3.46606,-2.56729,-0.39509,2.29732,-11.60219,-1.83335,1.33846,-2.41265,-1.39708,-1.80969,1.10525,-2.97131,-3.59743,-2.28377,-1.24440,-5.15008,-2.50422,-0.89040,-11.94380,-4.97868,-3.17703,-1.47538,-2.80238,-4.27924,-2.85428,4.15451,-2.31923,-3.92797,-3.31190,0.83094,-2.97739,4.28560,-11.74277,-4.29420,-2.86187,-2.13237,-3.33218,-0.13156,-4.71749,0.26312,0.86997,-1.15635,-6.03764,0.13827,0.41807,-0.55087,-12.06328,1.67841,-1.42509,-1.04141,-3.92979,0.77999,-3.80643,-1.07219,0.10211,-2.44861,-5.93789,-0.53732,-1.56195,-0.62404,-11.56683,1.99344,-2.47236,-3.84010,-1.44150,1.33782,0.94364,-3.03618,6.75494,-2.27545,0.36066,-2.37304,4.31701,-1.18625,-11.89619,4.59771,5.15209,-3.81017,-1.68634,-0.34090,4.99346,-2.42690,-0.27048,-2.07278,-2.02771,-2.85970,-1.72569,0.22312,-11.72242,-1.06378,-2.22812,-2.38625,-2.45587,-5.23573,0.39707,-0.31458,2.86404
0.80325,-2.67526,-3.91206,-4.22749,-3.42298,-4.99810,2.86943,-11.71095,-4.72563,-1.51333,-4.34372,-4.60459,-4.53447,-4.42891,-1.04465,-3.28520,-3.73181,-6.11691,-3.91577,-2.56327,0.49898,-11.61671,-2.67980,-2.85676,-1.19696,-3.98448,0.47946,-5.87902,1.84574,1.37720,-0.35537,-1.67084,0.94828,1.81350,1.32972,-11.84587,-0.14451,-0.96814,-0.18655,-0.68221,1.98924,-0.89429,-0.27152,6.94622,-2.81678,-1.21300,0.09161,3.99802,-1.30223,-11.63994,8.54474,1.69951,-1.85032,-3.82690,3.29479,3.27481,-2.59680,1.50383,-1.02209,-3.03120,-4.54009,-0.59317,-0.90359,-11.66099,3.46566,0.19258,-4.29278,0.51225,-0.71291,1.88774,-1.83245,0.62368,-3.43169,-3.42047,-2.80584,-0.32024,2.06485,-11.54341,-1.65271,1.43827,-2.41813,-1.35017,-1.72806,1.13743,-2.90415,-3.55474,-2.22087,-1.14193,-4.98986,-2.38782,-0.79267,-11.88659,-5.02705,-3.13007,-1.40414,-2.61296,-4.11494,-2.81659,4.20738,-2.23651,-3.86005,-3.22195,0.84882,-2.86191,4.19872,-11.66577,-4.25410,-2.89881,-2.02647,-3.34079,0.08385,-4.79695,0.28640,0.64288,-1.24959,-6.13180,0.07561,0.17300,-0.56038,-11.98669,1.48523,-1.68587,-1.06592,-3.97751,0.72936,-3.89606,-0.95517,0.17667,-2.41733,-5.92343,-0.38667,-1.50829,-0.64633,-11.50297,1.86195,-2.41897,-3.72777,-1.41780,1.45213,1.05469,-3.14882,6.58795,-2.35506,0.28283,-2.34080,4.13353,-1.41187,-11.83586,4.52992,4.82065,-3.87904,-1.86230,-0.59479,4.87121,-2.45388,-0.16754,-2.16204,-1.90949,-2.93739,-1.85018,0.12395,-11.65574,-1.10481,-2.08072,-2.49584,-2.48014,-5.41065,0.45622,-0.23678,2.83941
0.72036,-2.69671,-3.99079,-4.38910,-3.45938,-5.05708,2.78533,-11.69096,-4.76178,-1.50220,-4.38744,-4.71874,-4.66050,-4.50009,-1.15479,-3.38885,-3.69867,-6.07714,-4.01811,-2.65083,0.43345,-11.59396,-2.84052,-2.91721,-1.15391,-3.92650,0.38101,-5.84977,1.93243,1.53354,-0.38940,-1.52076,1.07331,1.91047,1.36185,-11.82775,-0.10469,-0.87791,-0.16120,-0.76009,2.08063,-0.78614,-0.30107,6.91648,-2.77951,-1.18433,0.00341,3.93854,-1.37926,-11.61829,8.58914,1.60582,-1.84781,-3.79730,3.25715,3.16165,-2.42224,1.59255,-0.95962,-3.06635,-4.47488,-0.57825,-0.78350,-11.63961,3.53808,0.25938,-4.26169,0.60191,-0.54016,2.02626,-1.92407,0.70208,-3.38307,-3.41648,-2.87488,-0.20748,1.96639,-11.53175,-1.52148,1.48830,-2.35878,-1.32478,-1.63428,1.16794,-2.80155,-3.48520,-2.13015,-0.94015,-4.87205,-2.27288,-0.66931,-11.87552,-4.98561,-3.03770,-1.37387,-2.42256,-3.97159,-2.69982,4.35088,-2.08670,-3.79962,-3.13671,0.96226,-2.71212,4.29684,-11.64009,-4.11033,-2.77813,-1.94399,-3.27773,0.26519,-4.74089,0.22822,0.43430,-1.27202,-6.23168,0.00291,0.03719,-0.54717,-11.96137,1.40118,-1.86176,-1.06476,-3.91544,0.69378,-3.99838,-0.89950,0.18351,-2.44947,-5.94731,-0.26797,-1.42738,-0.61857,-11.47807,1.74945,-2.40007,-3.69118,-1.39974,1.55085,1.10078,-3.23499,6.51183,-2.41213,0.29376,-2.32049,4.12949,-1.56783,-11.81338,4.50726,4.62506,-3.89176,-1.99682,-0.72439,4.73755,-2.40260,-0.17092,-2.18403,-1.84499,-2.90991,-1.92672,0.11478,-11.64624,-1.15263,-2.03910,-2.55085,-2.51474,-5.51964,0.48369,-0.22676,2.82130
0.68064,-2.69542,-4.02609,-4.46110,-3.57081,-5.08204,2.75724,-11.64194,-4.74418,-1.39690,-4.50953,-4.72959,-4.63270,-4.45825,-1.25800,-3.50341,-3.71360,-6.06762,-3.99143,-2.65946,0.44463,-11.55314,-2.87724,-2.92853,-1.08215,-3.84430,0.20134,-5.81822,1.94877,1.56801,-0.34289,-1.29478,1.16031,1.99275,1.46687,-11.78579,-0.14485,-0.71937,-0.12675,-0.69987,2.04363,-0.75955,-0.42497,6.69143,-2.94271,-1.32275,-0.02747,3.75889,-1.45685,-11.56092,8.53515,1.41836,-1.96160,-3.96458,3.07171,2.93006,-2.39050,1.49912,-0.91151,-3.12185,-4.52344,-0.63833,-0.76097,-11.59257,3.41070,0.23939,-4.22875,0.67681,-0.52129,1.95184,-1.86429,0.71860,-3.36576,-3.42830,-2.70816,-0.07305,2.04848,-11.48587,-1.44583,1.47664,-2.25622,-1.31361,-1.57075,1.22971,-2.70573,-3.37769,-2.01372,-0.64100,-4.86218,-2.18485,-0.55576,-11.82864,-4.84754,-2.86266,-1.37861,-2.26676,-3.92621,-2.51333,4.51879,-1.96968,-3.78755,-3.12363,1.13040,-2.60790,4.54214,-11.58583,-3.93506,-2.55930,-1.91754,-3.18765,0.32427,-4.60044,0.09081,0.30248,-1.20278,-6.31010,-0.07264,0.09036,-0.52958,-11.91745,1.45204,-1.89780,-1.03893,-3.75528,0.72396,-4.10310,-0.89611,0.12365,-2.50823,-5.95435,-0.18115,-1.31436,-0.52319,-11.42058,1.74234,-2.41246,-3.71594,-1.39274,1.63434,1.06796,-3.25163,6.58963,-2.36761,0.45290,-2.28399,4.34432,-1.57647,-11.74515,4.58244,4.68757,-3.80024,-1.97677,-0.63143,4.71483,-2.28610,-0.29227,-2.14363,-1.90089,-2.78036,-1.93955,0.21403,-11.60864,-1.15519,-2.12751,-2.54512,-2.53618,-5.50604,0.51513,-0.27904,2.81491
0.67844,-2.66410,-4.01625,-4.44994,-3.70926,-5.06959,2.74239,-11.62297,-4.70417,-1.25994,-4.62835,-4.66839,-4.49208,-4.34274,-1.33462,-3.61336,-3.76000,-6.11498,-3.90444,-2.66229,0.45897,-11.54545,-2.88009,-2.94982,-1.03435,-3.81018,-0.01142,-5.81956,1.90259,1.52195,-0.28014,-1.08309,1.15562,1.99635,1.53292,-11.76718,-0.23019,-0.58790,-0.09851,-0.58902,1.89672,-0.80914,-0.53330,6.43216,-3.13496,-1.48237,-0.01062,3.54608,-1.51060,-11.53715,8.41327,1.25245,-2.07246,-4.18589,2.84634,2.69439,-2.46168,1.30156,-0.88734,-3.21210,-4.63679,-0.77693,-0.83350,-11.57287,3.16771,0.12993,-4.20559,0.69781,-0.63645,1.73197,-1.73920,0.68453,-3.38255,-3.43672,-2.45806,0.02436,2.17793,-11.45866,-1.46956,1.41765,-2.17720,-1.32960,-1.55261,1.28157,-2.63505,-3.26567,-1.90198,-0.35476,-4.91439,-2.14904,-0.48767,-11.79792,-4.71012,-2.69697,-1.37944,-2.17978,-3.96757,-2.36391,4.68446,-1.89004,-3.78283,-3.12181,1.30224,-2.56345,4.80938,-11.55583,-3.80356,-2.35534,-1.91929,-3.10899,0.26463,-4.45378,-0.00116,0.26112,-1.11605,-6.36367,-0.12579,0.19387,-0.49453,-11.89691,1.54978,-1.81227,-0.99654,-3.59476,0.79361,-4.18745,-0.92120,0.04226,-2.54696,-5.96812,-0.16310,-1.22230,-0.42649,-11.39180,1.78196,-2.44578,-3.75404,-1.38861,1.66080,0.97389,-3.18642,6.77059,-2.24283,0.69517,-2.23148,4.66184,-1.50429,-11.70557,4.71946,4.91627,-3.65764,-1.86270,-0.39728,4.77250,-2.16695,-0.41225,-2.08550,-1.96680,-2.66442,-1.88479,0.34743,-11.59268,-1.11223,-2.21554,-2.52394,-2.55445,-5.41366,0.55543,-0.33773,2.79945
0.66072,-2.57427,-3.94576,-4.36154,-3.92205,-5.01506,2.68805,-11.67383,-4.60478,-1.14055,-4.73856,-4.53018,-4.24735,-4.16050,-1.31777,-3.65433,-3.80284,-6.19411,-3.76032,-2.65423,0.50620,-11.60847,-2.85253,-2.96946,-0.99515,-3.80734,-0.20799,-5.81316,1.79705,1.40468,-0.24151,-0.95725,0.98703,1.89121,1.52295,-11.80880,-0.32301,-0.53353,-0.11564,-0.49976,1.64082,-0.97010,-0.55870,6.15211,-3.32568,-1.65397,0.06076,3.27095,-1.47898,-11.59553,8.20473,1.11735,-2.16191,-4.38388,2.64339,2.49117,-2.57686,1.04579,-0.88159,-3.34152,-4.71756,-0.92304,-0.95774,-11.62292,2.83629,-0.06752,-4.18464,0.64712,-0.83570,1.37052,-1.61434,0.61044,-3.45294,-3.44667,-2.19426,0.04694,2.28559,-11.50411,-1.58830,1.24613,-2.16413,-1.40171,-1.60613,1.31395,-2.57008,-3.13346,-1.84519,-0.18135,-5.01970,-2.17030,-0.44300,-11.82453,-4.60016,-2.57363,-1.40751,-2.18475,-4.11850,-2.26432,4.77147,-1.90789,-3.81336,-3.19744,1.39443,-2.63421,5.00991,-11.60335,-3.78737,-2.27763,-1.96498,-3.13217,-0.00890,-4.40094,-0.02502,0.27228,-1.06628,-6.40974,-0.18462,0.24345,-0.45135,-11.94511,1.56966,-1.63617,-0.96500,-3.52610,0.81010,-4.24953,-0.96417,-0.02455,-2.62414,-6.03945,-0.23201,-1.15029,-0.35237,-11.43379,1.84752,-2.47100,-3.84701,-1.47779,1.58525,0.76227,-3.02366,7.06088,-2.05827,0.96992,-2.20968,5.03089,-1.35170,-11.73246,4.89013,5.25081,-3.48785,-1.64162,-0.04335,4.91377,-2.08193,-0.42436,-2.05748,-2.04093,-2.60058,-1.74638,0.44396,-11.63755,-0.96818,-2.26841,-2.50904,-2.60546,-5.22408,0.64082,-0.38922,2.80610
0.69156,-2.43949,-3.87253,-4.23866,-4.08818,-4.94006,2.65446,-11.79331,-4.51426,-1.02200,-4.81199,-4.39299,-3.98277,-3.98236,-1.23175,-3.66266,-3.82564,-6.27693,-3.60984,-2.64640,0.56784,-11.74936,-2.83689,-2.99394,-0.96787,-3.81976,-0.36029,-5.80866,1.70266,1.29006,-0.23204,-0.89217,0.76157,1.74602,1.45871,-11.92253,-0.42442,-0.51403,-0.13982,-0.44253,1.39303,-1.09925,-0.57324,5.92319,-3.47786,-1.81652,0.12799,3.00953,-1.44852,-11.73290,7.99978,1.01500,-2.25873,-4.57088,2.44904,2.29639,-2.69923,0.83198,-0.88073,-3.46681,-4.78538,-1.06755,-1.11042,-11.75212,2.54542,-0.28740,-4.17567,0.57353,-1.04900,0.99402,-1.51139,0.54495,-3.53749,-3.46060,-2.00262,-0.01111,2.32786,-11.62971,-1.74933,1.04949,-2.21110,-1.52873,-1.68134,1.30137,-2.52465,-3.02349,-1.84150,-0.08727,-5.13236,-2.24626,-0.45802,-11.92663,-4.56528,-2.50856,-1.44089,-2.25818,-4.29121,-2.20914,4.86312,-1.94316,-3.81540,-3.24826,1.48261,-2.73576,5.14973,-11.73908,-3.83231,-2.27981,-2.01786,-3.17552,-0.28980,-4.35531,0.00590,0.30878,-1.04247,-6.42160,-0.24408,0.22875,-0.40573,-12.06679,1.56114,-1.46713,-0.94509,-3.51103,0.77480,-4.30596,-0.98029,-0.06491,-2.69840,-6.11477,-0.35367,-1.14602,-0.29335,-11.55247,1.87717,-2.48104,-3.92233,-1.56196,1.48244,0.56268,-2.84962,7.32858,-1.89002,1.19146,-2.19855,5.30159,-1.20942,-11.83828,5.01612,5.55617,-3.31136,-1.43420,0.27916,5.00812,-2.01918,-0.37189,-2.05398,-2.05491,-2.59921,-1.57637,0.49060,-11.75177,-0.80429,-2.29466,-2.49955,-2.68239,-5.01325,0.73110,-0.40039,2.80189
0.68615,-2.35198,-3.81453,-4.16739,-4.26828,-4.87467,2.62442,-11.93419,-4.43570,-0.97823,-4.84365,-4.29775,-3.79663,-3.83483,-1.13127,-3.63555,-3.83362,-6.35496,-3.51907,-2.66778,0.64203,-11.89449,-2.82872,-2.98371,-0.98135,-3.86956,-0.43080,-5.81025,1.62227,1.21232,-0.25568,-0.95821,0.58012,1.64816,1.37634,-12.05945,-0.44143,-0.57856,-0.18600,-0.46185,1.22661,-1.23291,-0.52744,5.85022,-3.54919,-1.89866,0.13890,2.85352,-1.35325,-11.88237,7.88752,1.05145,-2.32305,-4.60964,2.35605,2.25015,-2.79783,0.73227,-0.91014,-3.59123,-4.84438,-1.12832,-1.18466,-11.90052,2.38409,-0.36796,-4.16562,0.51227,-1.21532,0.76379,-1.50838,0.45609,-3.61449,-3.50586,-1.95089,-0.09442,2.28765,-11.78247,-1.90339,0.84908,-2.27490,-1.67929,-1.79292,1.24832,-2.51863,-2.97641,-1.94142,-0.16189,-5.21737,-2.35104,-0.49476,-12.05275,-4.57725,-2.52737,-1.53675,-2.41312,-4.46418,-2.26222,4.85702,-1.98688,-3.81423,-3.31380,1.47032,-2.81152,5.17289,-11.90301,-3.89794,-2.33113,-2.05467,-3.24691,-0.54000,-4.35675,0.04399,0.34872,-1.04874,-6.45306,-0.30981,0.14681,-0.37954,-12.20874,1.48217,-1.32144,-0.94053,-3.57453,0.65596,-4.30238,-1.06039,-0.08032,-2.81655,-6.20741,-0.53959,-1.21002,-0.33518,-11.69705,1.89859,-2.47705,-4.04308,-1.70201,1.31213,0.39322,-2.70892,7.48919,-1.78800,1.28191,-2.18637,5.42173,-1.09743,-11.98068,5.08079,5.74954,-3.24239,-1.28243,0.44619,5.05637,-1.98680,-0.26254,-2.05796,-2.06567,-2.61725,-1.44661,0.52632,-11.88664,-0.66184,-2.25415,-2.49842,-2.73065,-4.89166,0.76621,-0.41319,2.83504
0.68015,-2.28673,-3.82946,-4.11997,-4.34256,-4.81617,2.60563,-12.02388,-4.39346,-0.98285,-4.83369,-4.31299,-3.70043,-3.78307,-1.02407,-3.58623,-3.79968,-6.40887,-3.45323,-2.67720,0.71562,-11.97902,-2.79211,-2.96832,-0.96188,-3.87474,-0.40219,-5.77354,1.60501,1.22652,-0.26315,-1.05438,0.52946,1.65773,1.33946,-12.15189,-0.39540,-0.62060,-0.19750,-0.46756,1.24398,-1.22645,-0.53267,5.90020,-3.57203,-1.92045,0.09388,2.83414,-1.27894,-11.97566,7.92879,1.14320,-2.36804,-4.58477,2.31895,2.31480,-2.82011,0.76114,-0.90881,-3.60946,-4.85630,-1.10708,-1.15171,-12.00016,2.39900,-0.31585,-4.13176,0.56378,-1.25872,0.71209,-1.54364,0.39072,-3.66500,-3.56720,-1.97385,-0.15657,2.23978,-11.88089,-1.96516,0.70208,-2.32157,-1.80260,-1.84082,1.15770,-2.55159,-2.99392,-2.05837,-0.29498,-5.28823,-2.44583,-0.55821,-12.14911,-4.61715,-2.59702,-1.62112,-2.52934,-4.48671,-2.33301,4.85543,-1.96961,-3.78177,-3.34807,1.51328,-2.77111,5.14676,-12.02327,-3.90312,-2.38946,-2.04015,-3.27596,-0.55803,-4.29972,0.06073,0.41550,-1.02969,-6.40313,-0.34442,0.12017,-0.39720,-12.30532,1.45810,-1.25621,-0.91824,-3.60437,0.56358,-4.22265,-1.11526,-0.08366,-2.94028,-6.25845,-0.67351,-1.32991,-0.37352,-11.79074,1.89500,-2.46547,-4.14615,-1.79541,1.19722,0.34942,-2.70042,7.47182,-1.76049,1.22894,-2.20644,5.40495,-1.07128,-12.08561,5.05314,5.79146,-3.21936,-1.21251,0.43426,4.96800,-1.98904,-0.24519,-2.07749,-2.08202,-2.60303,-1.42010,0.53936,-11.96827,-0.66028,-2.28359,-2.48280,-2.74358,-4.88511,0.71544,-0.42495,2.85095
0.65327,-2.32770,-3.94369,-4.16476,-4.32228,-4.83623,2.55399,-12.06062,-4.45147,-1.08846,-4.78436,-4.47634,-3.74515,-3.87975,-0.95827,-3.53384,-3.74769,-6.41739,-3.45551,-2.68018,0.73701,-11.99432,-2.78839,-2.94608,-0.95356,-3.87509,-0.29073,-5.71053,1.64052,1.35941,-0.26290,-1.13903,0.61139,1.77163,1.30550,-12.18726,-0.28194,-0.66565,-0.17162,-0.47920,1.39054,-1.09498,-0.58177,6.08886,-3.51676,-1.84270,-0.04984,2.90062,-1.27800,-11.99563,8.09796,1.29126,-2.38381,-4.49166,2.30193,2.50211,-2.79127,0.89267,-0.91753,-3.59714,-4.87810,-1.09749,-1.06484,-12.04581,2.54020,-0.16941,-4.11854,0.64901,-1.23588,0.82125,-1.65021,0.32397,-3.66392,-3.63338,-2.10862,-0.23237,2.11894,-11.91162,-2.00089,0.61930,-2.32732,-1.87442,-1.87818,1.00066,-2.57143,-3.06513,-2.16730,-0.43881,-5.28868,-2.51175,-0.61731,-12.20522,-4.69236,-2.71838,-1.66494,-2.61554,-4.38359,-2.43870,4.90114,-1.86856,-3.68154,-3.31427,1.55764,-2.66314,5.08329,-12.07978,-3.83733,-2.41693,-1.96063,-3.23126,-0.35317,-4.22619,0.11375,0.50034,-0.97010,-6.33277,-0.32341,0.13004,-0.40018,-12.34311,1.47974,-1.26610,-0.87748,-3.56096,0.56929,-4.05805,-1.14749,-0.03188,-3.00761,-6.25190,-0.74484,-1.43912,-0.43211,-11.82393,1.89520,-2.42093,-4.20705,-1.80531,1.17014,0.45690,-2.77579,7.30368,-1.81668,1.08711,-2.24555,5.26031,-1.11880,-12.14643,4.95143,5.67622,-3.27610,-1.23507,0.23366,4.78934,-2.00916,-0.29153,-2.08962,-2.06962,-2.58598,-1.49090,0.51692,-11.99057,-0.79937,-2.31259,-2.44966,-2.73389,-4.99964,0.56537,-0.41676,2.85322
0.64758,-2.41813,-4.07676,-4.23580,-4.21939,-4.89831,2.51509,-12.11716,-4.55947,-1.23810,-4.69089,-4.72118,-3.91271,-4.05162,-0.94203,-3.47179,-3.71585,-6.42222,-3.55555,-2.72167,0.69730,-12.02339,-2.77146,-2.91216,-0.98640,-3.90211,-0.16521,-5.67315,1.69575,1.53723,-0.26384,-1.26227,0.75521,1.90934,1.28531,-12.24051,-0.14778,-0.70928,-0.12842,-0.48619,1.59402,-0.92376,-0.62633,6.39384,-3.37676,-1.66349,-0.21716,3.10412,-1.31717,-12.02764,8.34052,1.49674,-2.34850,-4.33877,2.33634,2.76015,-2.71801,1.10758,-0.92156,-3.49826,-4.91283,-1.05199,-0.92448,-12.10945,2.79043,0.07581,-4.13199,0.76137,-1.14325,1.06692,-1.74219,0.28968,-3.60734,-3.70938,-2.30458,-0.29861,2.01331,-11.96030,-1.97349,0.64327,-2.31599,-1.86307,-1.85897,0.85709,-2.61323,-3.19613,-2.25177,-0.63441,-5.26064,-2.56089,-0.69293,-12.28830,-4.78311,-2.89038,-1.67113,-2.68259,-4.21252,-2.58948,4.90064,-1.75771,-3.58846,-3.24676,1.56843,-2.55274,4.94607,-12.14096,-3.77397,-2.43410,-1.87141,-3.17132,-0.06392,-4.16466,0.17197,0.59581,-0.90748,-6.24218,-0.25171,0.15113,-0.42314,-12.40100,1.51824,-1.31527,-0.84538,-3.52437,0.57646,-3.89206,-1.18175,0.00861,-3.02395,-6.22605,-0.79315,-1.58155,-0.52314,-11.87704,1.84657,-2.39299,-4.24444,-1.78043,1.13190,0.61179,-2.92050,7.01030,-1.96590,0.83725,-2.33323,4.98397,-1.22749,-12.22845,4.75846,5.44531,-3.42915,-1.35795,-0.11399,4.55004,-2.05290,-0.37134,-2.08441,-2.03752,-2.57060,-1.65811,0.47673,-12.03427,-1.03261,-2.32659,-2.40510,-2.68995,-5.23825,0.35313,-0.39960,2.86456
0.68208,-2.49392,-4.18912,-4.26010,-4.05764,-4.96306,2.48511,-12.24485,-4.70582,-1.35292,-4.55076,-4.96600,-4.16465,-4.27589,-0.88507,-3.41731,-3.69857,-6.41675,-3.68514,-2.82827,0.65885,-12.12777,-2.81999,-2.88171,-1.06658,-3.93718,-0.04842,-5.62499,1.77611,1.77744,-0.26365,-1.37160,0.88554,2.02888,1.22347,-12.37618,-0.00796,-0.75810,-0.06604,-0.52294,1.85466,-0.70662,-0.61459,6.77599,-3.15522,-1.38830,-0.34115,3.39156,-1.39780,-12.14524,8.60653,1.69513,-2.25781,-4.14977,2.41873,3.00419,-2.59626,1.44097,-0.91384,-3.31348,-4.91823,-0.95601,-0.80360,-12.23783,3.14033,0.37493,-4.14699,0.85352,-0.94656,1.40867,-1.87517,0.26259,-3.54344,-3.80828,-2.59093,-0.45773,1.83005,-12.09467,-1.95487,0.69726,-2.35203,-1.84927,-1.85498,0.69400,-2.67292,-3.35419,-2.33697,-0.85387,-5.19933,-2.63493,-0.81299,-12.44046,-4.96781,-3.09181,-1.65413,-2.73829,-4.03346,-2.78692,4.93319,-1.65277,-3.49888,-3.09345,1.59158,-2.45684,4.76377,-12.26286,-3.75487,-2.47412,-1.75858,-3.11744,0.27109,-4.13920,0.31040,0.67793,-0.85673,-6.09284,-0.12552,0.10042,-0.42183,-12.52873,1.51220,-1.38806,-0.81468,-3.48684,0.52814,-3.77213,-1.16312,0.06530,-2.99894,-6.23845,-0.81265,-1.76369,-0.62134,-12.01526,1.72436,-2.38908,-4.20618,-1.75564,1.11681,0.79205,-3.12789,6.65818,-2.16679,0.50193,-2.47619,4.55288,-1.43192,-12.39453,4.48829,5.09968,-3.61756,-1.53636,-0.57066,4.23091,-2.10737,-0.36523,-2.10852,-1.90373,-2.55157,-1.84139,0.39851,-12.16316,-1.27712,-2.26397,-2.36503,-2.66759,-5.51092,0.18083,-0.31357,2.83457
0.67442,-2.51145,-4.26118,-4.31280,-3.88112,-4.99665,2.42383,-12.25670,-4.75573,-1.44332,-4.37933,-5.22015,-4.47962,-4.49681,-0.89753,-3.42474,-3.64811,-6.42487,-3.95554,-3.03073,0.55363,-12.11699,-3.01123,-2.91269,-1.20383,-3.93483,0.06889,-5.60013,1.84810,2.05148,-0.35752,-1.51073,1.00053,2.16255,1.03968,-12.41132,0.15018,-0.89425,-0.02214,-0.73333,2.13930,-0.50276,-0.50469,7.18445,-2.76440,-0.91037,-0.45214,3.72564,-1.49191,-12.17513,8.84121,1.87224,-2.07563,-3.82053,2.58782,3.24421,-2.26440,1.87516,-0.89334,-3.15250,-4.75477,-0.82015,-0.56919,-12.24651,3.59585,0.72265,-4.17203,0.93413,-0.59959,1.90285,-2.15221,0.27170,-3.42085,-3.91702,-3.07264,-0.64214,1.47828,-12.13626,-1.89971,0.77898,-2.41144,-1.79998,-1.83173,0.55382,-2.73980,-3.51973,-2.42875,-1.08586,-5.00608,-2.66655,-0.88605,-12.48810,-5.22505,-3.31566,-1.59442,-2.73813,-3.87512,-2.96324,4.93788,-1.47525,-3.39956,-2.78047,1.60039,-2.26944,4.46517,-12.27620,-3.71615,-2.53231,-1.59106,-3.11516,0.60596,-4.20108,0.53434,0.59558,-0.89424,-6.00407,0.03224,-0.18600,-0.37203,-12.53319,1.31887,-1.59618,-0.80146,-3.53039,0.37221,-3.76043,-1.07376,0.13424,-2.95306,-6.31933,-0.83091,-1.92823,-0.74780,-12.06840,1.46556,-2.35936,-4.10336,-1.76624,1.15658,0.98826,-3.36899,6.23355,-2.40313,0.13068,-2.59193,4.02513,-1.73190,-12.45643,4.18555,4.56296,-3.85130,-1.78550,-1.09203,3.90895,-2.14017,-0.13470,-2.14100,-1.53398,-2.55397,-1.93732,0.30443,-12.20249,-1.41667,-1.95180,-2.35124,-2.60810,-5.75590,0.17926,-0.18921,2.77294
0.69358,-2.44501,-4.26948,-4.26974,-3.57847,-4.96549,2.32974,-12.13197,-4.76819,-1.49433,-4.10953,-5.45262,-4.77161,-4.75713,-0.85919,-3.45138,-3.53090,-6.33193,-4.20229,-3.27603,0.42377,-12.00015,-3.22768,-2.99420,-1.29382,-3.83433,0.20223,-5.54449,2.04806,2.43371,-0.37586,-1.53681,1.18597,2.33057,0.88423,-12.30865,0.33492,-0.89411,0.10724,-0.89362,2.59478,-0.11368,-0.37246,7.54869,-2.20323,-0.34390,-0.50314,4.06038,-1.60422,-12.09597,9.05260,2.00470,-1.81144,-3.36684,2.82038,3.41834,-1.76492,2.36677,-0.77974,-2.82389,-4.43215,-0.63308,-0.24160,-12.12092,4.07037,1.14020,-4.09790,1.10138,-0.13735,2.49829,-2.38691,0.30486,-3.23327,-3.97924,-3.50997,-0.80436,1.12922,-12.05116,-1.79596,0.89855,-2.38225,-1.68512,-1.72144,0.35007,-2.73452,-3.73108,-2.43639,-1.22006,-4.67282,-2.68164,-0.89094,-12.40145,-5.55155,-3.51895,-1.45880,-2.59395,-3.61368,-3.12210,4.96625,-1.21951,-3.30305,-2.34235,1.73622,-1.95380,4.11587,-12.15648,-3.64826,-2.52518,-1.40270,-3.10510,1.06808,-4.18067,0.77675,0.43733,-0.91082,-5.74258,0.22552,-0.53200,-0.35343,-12.41012,1.10270,-1.88505,-0.76713,-3.48937,0.15510,-3.74815,-0.84307,0.23566,-2.82700,-6.29773,-0.71679,-2.07949,-0.81411,-11.97328,1.13868,-2.25917,-3.87711,-1.71519,1.26165,1.27584,-3.72166,5.68334,-2.65176,-0.22296,-2.75949,3.34083,-2.21031,-12.39358,3.78467,3.91203,-4.01412,-2.13570,-1.70031,3.48673,-2.14802,0.07148,-2.18336,-1.05230,-2.48800,-2.06574,0.16666,-12.11157,-1.65275,-1.62611,-2.32828,-2.55875,-6.00961,0.21130,-0.01463,2.59865
0.81704,-2.36207,-4.25545,-4.25967,-3.25213,-4.91134,2.34283,-12.17582,-4.75336,-1.48381,-3.90010,-5.62061,-4.99489,-4.93293,-0.86016,-3.45690,-3.48124,-6.27224,-4.41725,-3.50212,0.33448,-12.03837,-3.35602,-2.98483,-1.39180,-3.75743,0.23117,-5.42337,2.17130,2.73114,-0.41870,-1.58321,1.32396,2.45026,0.81859,-12.35547,0.46208,-0.83784,0.16963,-1.02664,2.94441,0.21313,-0.31389,7.79471,-1.79761,0.08031,-0.58632,4.31254,-1.68282,-12.16441,9.19111,2.08866,-1.66310,-3.02328,2.92528,3.45358,-1.34228,2.77846,-0.71293,-2.51368,-4.21439,-0.46690,0.06306,-12.14788,4.41804,1.50239,-4.02600,1.18020,0.23552,2.98571,-2.49792,0.33204,-3.07920,-4.11604,-3.85647,-0.92680,0.93646,-12.12506,-1.69727,1.03744,-2.34095,-1.60332,-1.60173,0.15495,-2.71350,-3.88060,-2.43869,-1.32956,-4.35658,-2.63624,-0.88604,-12.45711,-5.74459,-3.63942,-1.38072,-2.46714,-3.33545,-3.23657,4.95090,-0.93323,-3.24942,-1.93590,1.83049,-1.63780,3.82950,-12.18390,-3.49166,-2.40195,-1.28567,-3.05660,1.46757,-4.05997,0.86835,0.30580,-0.97582,-5.51156,0.30745,-0.79668,-0.36194,-12.45099,1.00363,-2.12447,-0.82321,-3.41896,-0.09306,-3.73231,-0.71146,0.27365,-2.72372,-6.29790,-0.64897,-2.23035,-0.85717,-12.01098,0.82010,-2.19112,-3.67682,-1.65172,1.29842,1.49729,-4.04433,5.12491,-2.92229,-0.58969,-2.90152,2.68387,-2.59290,-12.47696,3.32580,3.25366,-4.19333,-2.53721,-2.26042,3.01629,-2.11146,0.16399,-2.22635,-0.70159,-2.35857,-2.19634,0.08348,-12.18210,-1.89393,-1.41469,-2.32848,-2.58899,-6.23051,0.14885,0.10984,2.45963
0.86587,-2.28003,-4.26840,-4.27595,-3.16513,-4.90124,2.29604,-12.24032,-4.70283,-1.44246,-3.86845,-5.76765,-5.20698,-5.04399,-0.88637,-3.43321,-3.45918,-6.27237,-4.60929,-3.66010,0.26293,-12.07578,-3.41606,-2.90987,-1.46804,-3.70787,0.14223,-5.33713,2.17498,2.86034,-0.45018,-1.65170,1.31890,2.47285,0.76165,-12.41535,0.47014,-0.82548,0.15297,-1.13100,3.02470,0.31666,-0.30097,7.90163,-1.62806,0.30976,-0.68427,4.44322,-1.74777,-12.23065,9.22840,2.10415,-1.66242,-2.87286,2.94111,3.44129,-1.05798,3.03041,-0.62853,-2.30697,-4.11484,-0.36131,0.27940,-12.19827,4.59626,1.75217,-3.96085,1.23719,0.42839,3.23313,-2.50836,0.33859,-2.95499,-4.25576,-4.05607,-1.00953,0.87628,-12.19577,-1.62912,1.09607,-2.30405,-1.55302,-1.57506,0.05292,-2.72477,-3.96208,-2.45265,-1.45347,-4.27371,-2.67355,-0.89821,-12.53105,-5.82555,-3.68329,-1.40801,-2.42260,-3.23258,-3.29787,4.86717,-0.78989,-3.24054,-1.77891,1.82778,-1.48852,3.62414,-12.22279,-3.40905,-2.32192,-1.26076,-3.04124,1.57851,-4.03714,0.91309,0.22966,-0.98263,-5.37991,0.35252,-0.92325,-0.36421,-12.50154,0.93893,-2.26372,-0.90053,-3.39867,-0.31243,-3.75297,-0.64288,0.26188,-2.70102,-6.31703,-0.69694,-2.35833,-0.87078,-12.08177,0.60553,-2.15367,-3.66492,-1.68230,1.20781,1.56794,-4.22321,4.77910,-3.07345,-0.86835,-3.04028,2.25964,-2.79311,-12.55759,2.98568,2.87488,-4.33086,-2.78074,-2.63236,2.69764,-2.06638,0.18720,-2.24610,-0.58919,-2.26762,-2.29482,0.03297,-12.26915,-2.06014,-1.34559,-2.34969,-2.66820,-6.40962,0.07632,0.18966,2.44376
0.92721,-2.20739,-4.28172,-4.28952,-3.11117,-4.90160,2.25317,-12.34953,-4.67615,-1.43580,-3.87037,-5.88581,-5.37081,-5.12191,-0.91908,-3.34390,-3.45990,-6.28981,-4.77381,-3.75032,0.17693,-12.16176,-3.38169,-2.82780,-1.53637,-3.71154,0.06983,-5.28693,2.13381,2.92034,-0.47981,-1.77433,1.22357,2.42969,0.72325,-12.52099,0.45486,-0.82159,0.09569,-1.18844,2.99381,0.34220,-0.31297,7.99001,-1.54903,0.41463,-0.78918,4.53974,-1.80007,-12.34021,9.22584,2.12588,-1.67148,-2.81253,2.96679,3.45432,-0.90879,3.16950,-0.58546,-2.15124,-4.10543,-0.29869,0.39141,-12.29645,4.67081,1.87096,-3.94047,1.22239,0.49370,3.34689,-2.42639,0.37284,-2.87246,-4.33802,-4.15938,-1.06018,0.91335,-12.29508,-1.58495,1.16376,-2.27987,-1.52002,-1.54611,-0.00092,-2.75086,-4.03248,-2.45713,-1.62536,-4.31126,-2.74613,-0.93949,-12.64575,-5.87138,-3.75543,-1.44807,-2.43113,-3.19490,-3.37224,4.72533,-0.74003,-3.26992,-1.77284,1.72760,-1.47583,3.43174,-12.31262,-3.40809,-2.32227,-1.31022,-3.06709,1.55734,-4.07066,0.90190,0.24064,-0.99778,-5.30519,0.36694,-0.95723,-0.41833,-12.60497,0.92110,-2.34468,-0.99051,-3.45364,-0.47617,-3.77240,-0.61530,0.23838,-2.69250,-6.31721,-0.76124,-2.47229,-0.89420,-12.20007,0.44892,-2.15442,-3.72018,-1.72970,1.04687,1.57071,-4.31320,4.56137,-3.19485,-1.11705,-3.18339,1.95025,-2.88769,-12.66964,2.70661,2.65987,-4.46080,-2.98410,-2.91184,2.50542,-2.07372,0.14459,-2.28104,-0.62675,-2.27937,-2.43040,-0.03688,-12.39316,-2.23769,-1.38795,-2.38056,-2.76004,-6.57084,-0.03990,0.24604,2.48325
0.97281,-2.20118,-4.27990,-4.32451,-3.09579,-4.95483,2.23880,-12.53636,-4.72973,-1.47715,-3.89424,-5.95105,-5.55489,-5.20655,-0.94603,-3.24977,-3.51934,-6.33044,-4.90444,-3.81360,0.07536,-12.33175,-3.33776,-2.78157,-1.61647,-3.83054,-0.00042,-5.30959,2.02593,2.89899,-0.55414,-1.94410,1.04432,2.28969,0.64507,-12.69486,0.42022,-0.85992,-0.02347,-1.27385,2.84093,0.24684,-0.29725,8.09388,-1.50824,0.42925,-0.85903,4.61607,-1.83175,-12.51829,9.18538,2.16548,-1.66892,-2.80152,3.01606,3.50658,-0.89343,3.25215,-0.57493,-2.06126,-4.17798,-0.24376,0.37504,-12.47324,4.70256,1.88901,-3.97131,1.12713,0.48730,3.38242,-2.30215,0.44000,-2.83466,-4.35003,-4.23519,-1.10146,1.01562,-12.46174,-1.56321,1.26292,-2.30692,-1.49065,-1.53222,0.03172,-2.73315,-4.05130,-2.42370,-1.78482,-4.37230,-2.79077,-0.94785,-12.82631,-5.88327,-3.78943,-1.44225,-2.45133,-3.18142,-3.43925,4.55917,-0.81276,-3.31718,-1.87380,1.54583,-1.60142,3.27286,-12.47898,-3.48924,-2.41767,-1.39267,-3.11621,1.42665,-4.18360,0.88388,0.31100,-1.06088,-5.30659,0.35083,-0.95339,-0.47947,-12.78714,0.93191,-2.35590,-1.09493,-3.56407,-0.53659,-3.79180,-0.63928,0.22640,-2.66273,-6.31752,-0.82202,-2.53081,-0.94621,-12.38531,0.38846,-2.19041,-3.77231,-1.76982,0.86632,1.48540,-4.31007,4.45576,-3.27708,-1.28895,-3.29103,1.73638,-2.90152,-12.84630,2.50774,2.56672,-4.60496,-3.13678,-3.08270,2.47250,-2.11842,0.09765,-2.35942,-0.75832,-2.37955,-2.55295,-0.11630,-12.57879,-2.38118,-1.45915,-2.45757,-2.89420,-6.69624,-0.14117,0.29512,2.55606
0.99581,-2.24116,-4.27369,-4.38758,-3.13548,-5.05604,2.23090,-12.80463,-4.83612,-1.55238,-3.92872,-5.99451,-5.75826,-5.29162,-0.97016,-3.15232,-3.61493,-6.38260,-5.01029,-3.87402,-0.02163,-12.59241,-3.30247,-2.73713,-1.70571,-4.00741,-0.07960,-5.36556,1.89514,2.84810,-0.63664,-2.13156,0.83377,2.11543,0.55720,-12.94979,0.39512,-0.92487,-0.15815,-1.37290,2.62450,0.07824,-0.25536,8.19641,-1.48666,0.38557,-0.91494,4.65758,-1.84074,-12.77657,9.11676,2.20722,-1.67051,-2.81035,3.08249,3.56491,-0.95990,3.31011,-0.59975,-2.03984,-4.30357,-0.19671,0.28662,-12.73248,4.70880,1.85362,-4.03342,0.96571,0.44971,3.36574,-2.16385,0.51443,-2.81292,-4.31998,-4.28356,-1.13437,1.14844,-12.70722,-1.56700,1.37148,-2.34044,-1.46131,-1.53622,0.10753,-2.67936,-4.02284,-2.38223,-1.91729,-4.42645,-2.80913,-0.92099,-13.08377,-5.88246,-3.79227,-1.43051,-2.49255,-3.17631,-3.49073,4.37755,-0.94432,-3.37590,-2.03635,1.30315,-1.80934,3.13904,-12.72887,-3.60443,-2.55477,-1.50229,-3.18081,1.22732,-4.34664,0.86191,0.40177,-1.14491,-5.37660,0.31252,-0.95076,-0.53126,-13.05676,0.93486,-2.33530,-1.19965,-3.69139,-0.56062,-3.82657,-0.71426,0.22655,-2.63755,-6.31717,-0.88578,-2.54683,-1.03955,-12.64695,0.38270,-2.24876,-3.82828,-1.83247,0.66996,1.34615,-4.25860,4.41811,-3.34630,-1.40762,-3.37975,1.57178,-2.87975,-13.09874,2.35332,2.54161,-4.76030,-3.27083,-3.20558,2.52325,-2.16530,0.06922,-2.45446,-0.94173,-2.50534,-2.66311,-0.18749,-12.84020,-2.49737,-1.53372,-2.55130,-3.05340,-6.79720,-0.23466,0.33603,2.64378
0.96752,-2.30880,-4.25563,-4.47982,-3.21817,-5.17927,2.21017,-13.01151,-4.94755,-1.66019,-3.96502,-5.99035,-5.92854,-5.36424,-1.00586,-3.06248,-3.70895,-6.40441,-5.08710,-3.89207,-0.10931,-12.80015,-3.26693,-2.71855,-1.77523,-4.18235,-0.12480,-5.45634,1.80243,2.78869,-0.70826,-2.27883,0.64858,1.97557,0.50940,-13.14467,0.37881,-0.97852,-0.28095,-1.46153,2.42206,-0.12197,-0.17804,8.24940,-1.48814,0.27705,-0.92827,4.65744,-1.80676,-12.97700,9.02659,2.22877,-1.65988,-2.82994,3.18726,3.62647,-1.07088,3.31639,-0.64633,-2.08316,-4.42643,-0.14060,0.17328,-12.93248,4.67206,1.76343,-4.11648,0.78775,0.40000,3.32048,-2.04404,0.61243,-2.80787,-4.22984,-4.29088,-1.12200,1.28112,-12.89459,-1.55811,1.47848,-2.36733,-1.42576,-1.55687,0.23174,-2.62862,-3.96722,-2.34093,-2.00927,-4.49356,-2.81318,-0.88005,-13.27734,-5.86321,-3.77502,-1.42478,-2.53930,-3.22502,-3.52580,4.17162,-1.13731,-3.47312,-2.27971,1.01296,-2.07400,3.01107,-12.92149,-3.75871,-2.72943,-1.64133,-3.30263,0.97214,-4.57078,0.80678,0.46793,-1.24548,-5.51945,0.24204,-0.94681,-0.60477,-13.26705,0.88553,-2.32126,-1.29770,-3.85196,-0.55487,-3.87909,-0.79184,0.25759,-2.61938,-6.29323,-0.91020,-2.49587,-1.13707,-12.84540,0.43338,-2.30260,-3.88068,-1.90141,0.50212,1.21359,-4.15728,4.48365,-3.37931,-1.44019,-3.44395,1.49779,-2.82061,-13.28339,2.30411,2.59424,-4.89675,-3.35943,-3.25136,2.68104,-2.22660,0.05890,-2.54509,-1.17645,-2.67909,-2.77286,-0.25287,-13.03865,-2.55168,-1.61015,-2.65033,-3.18096,-6.86832,-0.29381,0.36642,2.74300
0.90929,-2.38635,-4.19752,-4.57824,-3.31398,-5.27699,2.21196,-13.05251,-5.03316,-1.74941,-3.94226,-5.88331,-5.98444,-5.39913,-1.05532,-3.00888,-3.75858,-6.35330,-5.08271,-3.82553,-0.18720,-12.85153,-3.21806,-2.75363,-1.76297,-4.30369,-0.10511,-5.59097,1.79933,2.75102,-0.73121,-2.30221,0.54865,1.91032,0.52721,-13.18160,0.39435,-0.98816,-0.36646,-1.49403,2.33241,-0.28466,-0.05150,8.24916,-1.46858,0.12227,-0.85901,4.64809,-1.71419,-13.02124,8.93815,2.23811,-1.59574,-2.81787,3.36177,3.67471,-1.20736,3.22717,-0.66422,-2.17852,-4.51334,-0.06866,0.04936,-12.97031,4.57987,1.63167,-4.15498,0.65113,0.35662,3.27009,-1.98708,0.70069,-2.84085,-4.07360,-4.23921,-1.04876,1.37436,-12.92093,-1.54788,1.57742,-2.38575,-1.40037,-1.59271,0.38977,-2.59485,-3.90279,-2.28515,-2.01013,-4.52291,-2.78924,-0.82841,-13.31399,-5.81836,-3.72880,-1.39242,-2.55632,-3.34577,-3.55677,3.95908,-1.37722,-3.58695,-2.56335,0.74239,-2.37019,2.88033,-12.95709,-3.95266,-2.91545,-1.75569,-3.44858,0.67950,-4.82587,0.68276,0.46024,-1.37481,-5.72553,0.10976,-0.97501,-0.73008,-13.31266,0.77742,-2.33827,-1.40191,-4.05012,-0.55873,-3.96171,-0.85040,0.31533,-2.57478,-6.21815,-0.85761,-2.37713,-1.22003,-12.88236,0.52303,-2.33665,-3.88521,-1.92958,0.41032,1.14391,-4.00883,4.66427,-3.31947,-1.32977,-3.42150,1.56021,-2.73853,-13.30145,2.40250,2.73253,-4.95485,-3.37485,-3.18507,2.94900,-2.29235,0.07790,-2.59530,-1.40066,-2.89869,-2.87364,-0.29605,-13.07659,-2.49972,-1.63866,-2.73766,-3.22023,-6.87292,-0.25891,0.38289,2.83094
0.79952,-2.47190,-4.13364,-4.66513,-3.44881,-5.37450,2.22441,-12.94275,-5.12759,-1.79186,-3.90589,-5.66839,-5.91269,-5.37221,-1.10799,-3.00323,-3.76872,-6.21523,-4.95448,-3.63433,-0.25522,-12.77676,-3.17472,-2.85430,-1.65213,-4.36549,-0.03112,-5.78732,1.94810,2.70578,-0.65397,-2.14869,0.54565,1.90363,0.60602,-13.08240,0.38239,-0.98527,-0.36172,-1.40899,2.35701,-0.41972,0.09619,8.17326,-1.49275,-0.13823,-0.68055,4.57166,-1.60599,-12.93667,8.83805,2.17009,-1.51162,-2.85617,3.57872,3.66881,-1.41790,2.98658,-0.67201,-2.37759,-4.58407,-0.06963,-0.16709,-12.87226,4.37184,1.37448,-4.14936,0.54495,0.27151,3.15238,-1.98290,0.78926,-2.91968,-3.81554,-4.06451,-0.92732,1.41311,-12.81538,-1.60051,1.63985,-2.39925,-1.40221,-1.67845,0.58371,-2.60132,-3.80538,-2.23092,-1.86148,-4.55631,-2.76358,-0.80477,-13.21064,-5.75932,-3.63963,-1.36586,-2.55468,-3.57948,-3.56849,3.82928,-1.66309,-3.72609,-2.88598,0.49934,-2.73584,2.82563,-12.85183,-4.21875,-3.10324,-1.85661,-3.59226,0.33129,-5.12503,0.52259,0.40132,-1.50768,-5.98903,-0.05164,-1.00916,-0.88064,-13.20675,0.61542,-2.37531,-1.44362,-4.28645,-0.53750,-4.11036,-0.85157,0.40840,-2.49222,-6.08536,-0.71128,-2.20329,-1.28328,-12.77270,0.66965,-2.37185,-3.82086,-1.92614,0.47094,1.15396,-3.76991,5.09959,-3.13746,-1.00467,-3.29488,1.83673,-2.61651,-13.17408,2.75124,3.06282,-4.86869,-3.26404,-2.88655,3.37879,-2.36127,0.15160,-2.56117,-1.60412,-3.17393,-2.90498,-0.30737,-12.96828,-2.27100,-1.61538,-2.77668,-3.14981,-6.74240,-0.08868,0.40486,2.87564
0.65312,-2.49198,-4.06184,-4.71449,-3.62587,-5.37897,2.26359,-12.63399,-5.11363,-1.74391,-3.94358,-5.36542,-5.62554,-5.20134,-1.16270,-3.04534,-3.70272,-6.04177,-4.74858,-3.31507,-0.24669,-12.50436,-3.13948,-2.97412,-1.45835,-4.36623,0.06955,-5.95298,2.18545,2.58709,-0.54416,-1.86289,0.60610,1.95999,0.81334,-12.79623,0.29619,-0.95326,-0.33808,-1.25427,2.43442,-0.52339,0.24564,7.95632,-1.64693,-0.48772,-0.44636,4.41775,-1.42866,-12.65179,8.74683,2.07948,-1.46894,-3.00327,3.75922,3.60104,-1.67210,2.59400,-0.67130,-2.66647,-4.62348,-0.14190,-0.38730,-12.59062,4.05498,1.01607,-4.10543,0.53724,0.10957,2.89286,-2.06945,0.87381,-3.07634,-3.58373,-3.81188,-0.73468,1.35057,-12.52739,-1.62423,1.59877,-2.45358,-1.47532,-1.77235,0.79439,-2.72989,-3.68773,-2.24368,-1.64141,-4.67736,-2.75506,-0.88941,-12.89697,-5.62787,-3.53038,-1.41193,-2.57596,-3.96650,-3.56623,3.82069,-1.94537,-3.84948,-3.18981,0.39466,-3.03538,2.93425,-12.56718,-4.50230,-3.23471,-1.93729,-3.73321,-0.00989,-5.33740,0.35715,0.28647,-1.60231,-6.27017,-0.23771,-1.00818,-0.98355,-12.90240,0.42114,-2.37831,-1.44179,-4.51452,-0.47133,-4.24705,-0.78544,0.46520,-2.44791,-5.97262,-0.54841,-2.02289,-1.20462,-12.47479,0.84632,-2.38771,-3.75688,-1.88313,0.62656,1.19462,-3.45002,5.72570,-2.86383,-0.54893,-3.04701,2.35606,-2.39182,-12.83342,3.32064,3.53977,-4.64854,-2.99520,-2.34058,3.87550,-2.46178,0.21232,-2.48303,-1.80436,-3.45188,-2.86509,-0.30913,-12.65896,-1.86450,-1.64250,-2.79311,-3.00675,-6.54308,0.11209,0.37911,2.91834
0.55183,-2.39820,-3.92613,-4.61611,-3.86109,-5.27954,2.31282,-12.17365,-4.98899,-1.56728,-4.00072,-4.98227,-5.18888,-4.91544,-1.13715,-3.14461,-3.63112,-5.90330,-4.45526,-3.03778,-0.08948,-12.06087,-3.12445,-3.09107,-1.23142,-4.27089,0.12230,-6.03210,2.39526,2.44932,-0.40723,-1.52757,0.67361,2.07016,1.04456,-12.35555,0.15877,-0.87167,-0.28102,-1.05822,2.55224,-0.61093,0.33244,7.58916,-1.93093,-0.88770,-0.15921,4.20004,-1.26445,-12.19676,8.62140,1.87536,-1.52373,-3.26135,3.77601,3.39485,-1.90668,2.22630,-0.64671,-2.90178,-4.66029,-0.22548,-0.60109,-12.14811,3.70307,0.71948,-4.03044,0.61750,-0.04908,2.57673,-2.16983,0.88981,-3.30768,-3.46989,-3.51342,-0.58086,1.25706,-12.07659,-1.68604,1.44071,-2.53811,-1.63954,-1.91113,0.97526,-2.91342,-3.56311,-2.29772,-1.35924,-4.88812,-2.81125,-1.03484,-12.41544,-5.52587,-3.37702,-1.53719,-2.61687,-4.38672,-3.51005,3.93499,-2.13314,-3.97894,-3.44098,0.47215,-3.19637,3.16712,-12.12712,-4.68527,-3.28877,-2.00911,-3.87913,-0.28515,-5.37241,0.21605,0.20523,-1.59669,-6.42341,-0.44491,-0.95819,-1.05278,-12.44381,0.29884,-2.29095,-1.39672,-4.59812,-0.42518,-4.35775,-0.68745,0.49014,-2.47803,-5.92408,-0.41629,-1.87547,-1.03544,-12.02035,1.03321,-2.41407,-3.70218,-1.88532,0.83059,1.23786,-3.17954,6.37592,-2.53128,-0.03762,-2.82883,2.99475,-2.19223,-12.34457,3.93329,4.08529,-4.33102,-2.61159,-1.68880,4.27198,-2.45605,0.26016,-2.39597,-1.95876,-3.56328,-2.74279,-0.20447,-12.18702,-1.42379,-1.70733,-2.78120,-2.82647,-6.23762,0.35176,0.33213,2.91130
0.57695,-2.26400,-3.82311,-4.47467,-4.03404,-5.12252,2.37309,-11.92401,-4.87702,-1.35354,-4.06850,-4.72243,-4.75957,-4.65305,-1.05894,-3.24694,-3.59466,-5.82719,-4.20286,-2.86606,0.09176,-11.82491,-3.07941,-3.16618,-1.08263,-4.17702,0.08495,-6.03162,2.51854,2.35643,-0.29699,-1.25676,0.68991,2.10193,1.21683,-12.11508,0.03317,-0.71059,-0.24016,-0.86846,2.60086,-0.62046,0.25362,7.22304,-2.23792,-1.27040,-0.00619,3.93389,-1.23311,-11.94918,8.50181,1.64302,-1.65319,-3.57253,3.54451,3.08313,-2.13657,1.91147,-0.64834,-3.04566,-4.78490,-0.38158,-0.82095,-11.91474,3.37500,0.49205,-4.00280,0.69038,-0.26788,2.23412,-2.19852,0.84345,-3.53721,-3.46130,-3.24306,-0.50817,1.19008,-11.82896,-1.79697,1.25532,-2.62337,-1.85471,-2.03663,1.01585,-2.98407,-3.49018,-2.30173,-1.09295,-5.05437,-2.89994,-1.14226,-12.14709,-5.47315,-3.26203,-1.64284,-2.65326,-4.69976,-3.44186,4.19338,-2.18469,-4.03225,-3.57542,0.69302,-3.25662,3.50519,-11.89689,-4.75056,-3.22326,-2.05908,-3.92598,-0.42004,-5.21448,0.10736,0.18902,-1.53122,-6.45995,-0.60748,-0.86369,-1.07157,-12.19287,0.32571,-2.12835,-1.34364,-4.53242,-0.40159,-4.41639,-0.60844,0.47366,-2.53457,-5.94313,-0.35007,-1.82020,-0.84562,-11.77437,1.16324,-2.44724,-3.69021,-1.88847,0.95417,1.22636,-3.03521,6.84375,-2.27959,0.34397,-2.71920,3.51514,-2.07637,-12.09547,4.37973,4.52900,-4.06115,-2.29982,-1.21222,4.42719,-2.38735,0.22009,-2.33945,-2.06508,-3.57846,-2.62106,-0.07952,-11.93177,-1.15328,-1.80582,-2.76587,-2.71435,-5.98359,0.49969,0.29410,2.90173
0.57579,-2.19349,-3.84188,-4.48216,-4.27717,-5.03482,2.34480,-12.05748,-4.78282,-1.25450,-4.19393,-4.71272,-4.56102,-4.56605,-0.91528,-3.26184,-3.53364,-5.87194,-4.07248,-2.80489,0.27608,-11.93561,-3.06665,-3.13540,-1.02069,-4.10614,0.04720,-5.91428,2.49230,2.36200,-0.30131,-1.19223,0.55821,2.09780,1.25998,-12.23593,0.03444,-0.63715,-0.31321,-0.87178,2.54936,-0.56883,0.17296,7.07857,-2.44731,-1.46175,-0.08780,3.71359,-1.19289,-12.05300,8.46617,1.58500,-1.80912,-3.71869,3.29182,2.91396,-2.24389,1.76770,-0.64115,-3.20769,-4.87417,-0.51144,-0.86868,-12.05330,3.19906,0.40419,-3.98382,0.67912,-0.49026,1.95853,-2.28480,0.68312,-3.73710,-3.65276,-3.24195,-0.58503,1.06024,-11.95306,-1.92759,0.97369,-2.73823,-2.12612,-2.18248,0.85842,-2.95068,-3.43214,-2.38959,-1.05267,-5.16664,-2.94598,-1.15921,-12.26868,-5.45065,-3.19512,-1.78112,-2.73263,-4.82067,-3.41849,4.38951,-2.12563,-3.98819,-3.62648,0.87218,-3.17702,3.72172,-12.04052,-4.69316,-3.16547,-2.05245,-3.95445,-0.49375,-5.05618,0.09086,0.18817,-1.49353,-6.46606,-0.73895,-0.88790,-1.00596,-12.31884,0.35613,-1.99489,-1.41445,-4.48337,-0.48882,-4.36631,-0.63865,0.46250,-2.71664,-6.12500,-0.46508,-1.88632,-0.75304,-11.90059,1.20402,-2.42570,-3.84656,-2.00781,0.88917,1.13390,-2.99813,6.97480,-2.15702,0.42594,-2.71445,3.73192,-2.02946,-12.23237,4.49237,4.65699,-3.95166,-2.17016,-1.15128,4.31425,-2.34647,0.20494,-2.41291,-2.15116,-3.57610,-2.56878,-0.05947,-12.06196,-1.05968,-1.87641,-2.83707,-2.83829,-5.92558,0.47967,0.26659,2.99416
0.66653,-2.17511,-3.91593,-4.54784,-4.41741,-5.06839,2.35434,-12.47681,-4.79748,-1.24013,-4.32941,-4.88277,-4.61070,-4.62198,-0.81928,-3.18490,-3.52407,-6.00264,-4.15201,-2.87971,0.39083,-12.32051,-3.01722,-3.01816,-1.05740,-4.08798,-0.03067,-5.77652,2.36350,2.41126,-0.36597,-1.35093,0.38273,2.06141,1.20743,-12.65259,0.08200,-0.62282,-0.41618,-0.93401,2.39192,-0.52262,0.00118,7.12930,-2.59352,-1.54728,-0.31089,3.63108,-1.26460,-12.43900,8.52575,1.62143,-2.00276,-3.83933,3.00833,2.83094,-2.28661,1.77773,-0.66103,-3.26935,-5.04185,-0.61543,-0.83121,-12.47561,3.18876,0.42025,-4.03929,0.61999,-0.68462,1.80067,-2.25282,0.55970,-3.81729,-3.90091,-3.39106,-0.73418,1.07378,-12.35998,-2.06444,0.83741,-2.82322,-2.29962,-2.27253,0.68546,-2.88887,-3.45868,-2.48286,-1.19482,-5.28617,-2.99620,-1.17271,-12.69933,-5.49388,-3.23489,-1.89963,-2.87086,-4.79339,-3.43516,4.50989,-2.00587,-3.92181,-3.65937,0.96548,-3.09141,3.82565,-12.46953,-4.59197,-3.13741,-2.07023,-3.95644,-0.45962,-4.94531,0.09647,0.30075,-1.45366,-6.45926,-0.79835,-0.87375,-0.96090,-12.73542,0.49067,-1.90861,-1.52274,-4.45281,-0.61925,-4.30704,-0.77420,0.41847,-2.90094,-6.33221,-0.71515,-2.06773,-0.80089,-12.31688,1.12027,-2.42076,-4.07175,-2.14056,0.65775,1.04359,-3.09661,6.82817,-2.26615,0.22854,-2.86496,3.65109,-2.06777,-12.66547,4.28567,4.56795,-4.04793,-2.27371,-1.43960,4.02064,-2.32708,0.10338,-2.51491,-2.23607,-3.57920,-2.64229,-0.08094,-12.47420,-1.21717,-2.00109,-2.92362,-3.04433,-6.06853,0.27676,0.25793,3.12250
0.78580,-2.16755,-3.96232,-4.56741,-4.46666,-5.13786,2.39539,-12.95880,-4.86457,-1.21055,-4.43554,-5.08711,-4.84829,-4.72736,-0.75389,-3.04309,-3.55760,-6.12349,-4.32354,-3.01615,0.42616,-12.77328,-2.92206,-2.85732,-1.18307,-4.12724,-0.11883,-5.65064,2.14187,2.47328,-0.47164,-1.65818,0.11325,1.95543,1.03070,-13.15450,0.15710,-0.67195,-0.55079,-1.03592,2.17711,-0.53920,-0.21038,7.29610,-2.64438,-1.56994,-0.56814,3.67812,-1.43424,-12.91270,8.58081,1.66505,-2.14704,-3.92441,2.79567,2.78985,-2.27121,1.92655,-0.67467,-3.19148,-5.20685,-0.62178,-0.81021,-12.95916,3.30517,0.48740,-4.11114,0.51157,-0.73527,1.79245,-2.12317,0.50595,-3.80295,-4.07756,-3.60706,-0.93102,1.17474,-12.85142,-2.15946,0.83858,-2.91985,-2.37941,-2.29738,0.60287,-2.79587,-3.52544,-2.51669,-1.45424,-5.38003,-3.06426,-1.14807,-13.21382,-5.57515,-3.30660,-1.95467,-2.96551,-4.67188,-3.46790,4.52707,-1.95179,-3.86661,-3.71818,0.93441,-3.09349,3.80019,-12.97465,-4.54215,-3.22304,-2.07527,-3.93068,-0.46103,-4.96355,0.11931,0.43673,-1.47127,-6.41964,-0.78511,-0.89837,-0.94418,-13.21679,0.59955,-1.87772,-1.63211,-4.48697,-0.82059,-4.31781,-0.91408,0.33894,-3.02462,-6.54106,-0.94700,-2.31468,-0.94900,-12.82125,0.92456,-2.48685,-4.25669,-2.32226,0.33946,0.90001,-3.21710,6.54487,-2.48324,-0.14336,-3.08711,3.35874,-2.15046,-13.18666,3.89378,4.34857,-4.27013,-2.49199,-1.86007,3.68872,-2.30840,0.02408,-2.63125,-2.29041,-3.61132,-2.74681,-0.10193,-12.97414,-1.47287,-2.07186,-3.01277,-3.27180,-6.24620,0.12849,0.29165,3.23879
0.92702,-2.19425,-4.06465,-4.65373,-4.41049,-5.28384,2.47019,-13.52024,-4.94814,-1.21313,-4.60649,-5.37777,-5.28728,-4.91041,-0.75149,-2.86783,-3.61048,-6.30020,-4.64756,-3.16886,0.39158,-13.31950,-2.82777,-2.66704,-1.42509,-4.17630,-0.18119,-5.52882,1.85454,2.46974,-0.66472,-2.06316,-0.22247,1.72363,0.81780,-13.74817,0.18267,-0.79237,-0.77058,-1.24097,1.85826,-0.55693,-0.41755,7.53555,-2.61978,-1.46722,-0.84412,3.82762,-1.65861,-13.48589,8.60432,1.72875,-2.26225,-3.97279,2.65483,2.77400,-2.16225,2.13280,-0.70220,-3.08393,-5.28710,-0.59958,-0.74981,-13.51544,3.52999,0.52117,-4.23583,0.32014,-0.72251,1.85715,-1.94595,0.55100,-3.70651,-4.23252,-3.93970,-1.10083,1.36876,-13.43535,-2.16734,0.99792,-3.04095,-2.34518,-2.20772,0.57954,-2.67816,-3.56645,-2.50754,-1.76134,-5.41025,-3.02458,-1.06187,-13.81091,-5.60332,-3.33996,-1.97259,-3.01188,-4.43056,-3.42695,4.48364,-1.90119,-3.80374,-3.71438,0.79360,-3.06000,3.70007,-13.54007,-4.46858,-3.32536,-2.11963,-3.87735,-0.39437,-5.06030,0.19518,0.55020,-1.58972,-6.41525,-0.68810,-0.93463,-0.89038,-13.77641,0.76550,-1.93416,-1.82070,-4.60025,-0.98370,-4.37033,-1.06985,0.20679,-3.06220,-6.76552,-1.20954,-2.59856,-1.13074,-13.42484,0.67254,-2.55909,-4.40645,-2.46561,-0.01378,0.72504,-3.44078,6.07745,-2.85873,-0.68484,-3.30978,2.86701,-2.26875,-13.79977,3.35264,3.94151,-4.60493,-2.88297,-2.45740,3.30286,-2.33291,-0.05803,-2.81278,-2.29758,-3.68076,-2.87077,-0.20138,-13.56626,-1.79318,-2.12598,-3.19926,-3.58095,-6.49105,-0.03883,0.36246,3.37519
1.13506,-2.24056,-4.24233,-4.78044,-4.32098,-5.44290,2.60512,-14.29370,-5.09215,-1.19933,-4.92269,-5.71457,-5.77691,-5.07237,-0.68690,-2.53533,-3.61677,-6.44125,-5.00503,-3.16289,0.44529,-14.09021,-2.59286,-2.27263,-1.66719,-4.15324,-0.25814,-5.24457,1.60746,2.43052,-0.79425,-2.40389,-0.60733,1.42381,0.79001,-14.54435,0.16118,-0.79563,-1.01932,-1.36884,1.42462,-0.45392,-0.71761,7.67516,-2.77956,-1.53141,-1.24701,3.87166,-1.87980,-14.26670,8.58124,1.78150,-2.52206,-4.14608,2.43312,2.58840,-2.18605,2.24268,-0.79378,-3.04331,-5.43823,-0.65656,-0.79081,-14.26903,3.70864,0.44119,-4.38215,0.00611,-0.87913,1.71383,-1.60458,0.65895,-3.59916,-4.39589,-4.18150,-1.20156,1.71337,-14.21970,-2.13218,1.17729,-3.12977,-2.32103,-2.00781,0.50397,-2.51219,-3.50240,-2.51021,-2.02820,-5.47864,-2.87294,-0.99106,-14.57941,-5.46532,-3.25529,-2.08419,-3.08864,-4.05664,-3.25732,4.49772,-1.81983,-3.74200,-3.77169,0.61749,-3.00845,3.72190,-14.29267,-4.32102,-3.29755,-2.31653,-3.75648,-0.20614,-4.99492,0.23958,0.68053,-1.71468,-6.38354,-0.59041,-0.85762,-0.78408,-14.54288,1.08424,-1.95052,-2.10442,-4.67732,-1.16991,-4.40402,-1.31384,-0.04227,-3.14420,-6.98155,-1.56494,-3.02610,-1.31334,-14.22392,0.39068,-2.67900,-4.62072,-2.61839,-0.54382,0.47332,-3.75368,5.48931,-3.40411,-1.38292,-3.57290,2.19290,-2.41365,-14.59538,2.63406,3.45039,-4.94396,-3.47830,-3.26841,2.70445,-2.39776,-0.31565,-3.05383,-2.52485,-3.73065,-3.07400,-0.42178,-14.37748,-2.25520,-2.42142,-3.47041,-4.08006,-6.85469,-0.45370,0.42334,3.59523
1.50195,-2.34213,-4.27692,-4.70160,-4.05543,-5.54224,2.89136,-14.86959,-5.19698,-1.17556,-5.30194,-5.83311,-6.12813,-5.05004,-0.56970,-1.90522,-3.61226,-6.38146,-5.24299,-2.84965,0.62514,-14.66261,-1.89989,-1.53753,-1.82888,-3.93690,-0.19885,-4.70989,1.39645,2.18579,-0.63621,-2.58733,-0.94222,1.11421,1.11575,-15.10216,0.04074,-0.53429,-1.15398,-1.07615,0.91053,-0.29304,-1.10588,7.54488,-3.18308,-1.78340,-1.48968,3.85841,-1.95316,-14.80120,8.37919,1.77340,-2.85730,-4.39688,2.18916,2.25172,-2.44143,2.05418,-0.96210,-2.90617,-5.69354,-0.77855,-0.93198,-14.78081,3.71007,0.20003,-4.47855,-0.39095,-1.24203,1.27778,-0.75549,0.82407,-3.38330,-4.46013,-3.94279,-1.10291,2.61075,-14.79982,-2.04651,1.42733,-3.00508,-2.07379,-1.59286,0.49277,-2.33827,-3.34376,-2.38525,-2.26049,-5.57992,-2.50987,-0.90587,-15.09960,-4.97360,-3.01108,-2.17666,-3.16365,-3.46304,-2.88622,4.35602,-1.80777,-3.90455,-3.98964,0.33417,-2.95771,3.79171,-14.81295,-4.10196,-3.03955,-2.75828,-3.56824,-0.06352,-4.63327,0.11486,1.01846,-1.75870,-6.10547,-0.34882,-0.33304,-0.74412,-15.10265,1.72082,-1.67788,-2.41034,-4.62014,-1.22792,-4.23564,-1.76402,-0.56358,-3.22197,-7.12262,-1.94334,-3.62247,-1.55934,-14.76672,0.13640,-2.96789,-4.87124,-2.72154,-1.27397,0.08966,-4.11287,4.85735,-4.08297,-2.11001,-3.94793,1.48747,-2.46576,-15.15811,1.75301,3.01060,-5.26067,-4.13846,-4.01374,2.06941,-2.52977,-0.91841,-3.21381,-3.08370,-3.61776,-3.30415,-0.72764,-15.00324,-2.82439,-3.12296,-3.53670,-4.61457,-7.20879,-1.13954,0.37964,3.82936
2.00016,-2.30710,-4.04424,-4.06334,-3.46153,-5.26958,3.22983,-14.91575,-5.00476,-0.93708,-5.39672,-5.64657,-5.97569,-4.83171,-0.47687,-1.33094,-3.65783,-6.26461,-5.01329,-2.51103,0.85609,-14.73260,-0.80289,-0.83918,-1.82986,-3.44890,-0.18955,-4.10376,1.11101,2.02226,-0.14172,-2.53215,-1.00948,1.15362,1.65147,-15.11708,0.04305,0.15651,-1.02124,-0.18087,0.71333,0.00992,-1.71046,7.03919,-3.61962,-1.95383,-1.48114,3.88326,-1.92340,-14.81364,8.00709,1.61193,-3.06273,-4.56405,1.80751,1.94118,-2.57729,1.67164,-1.04332,-2.19704,-5.83313,-0.77331,-0.89128,-14.76243,3.39051,0.21746,-4.38309,-0.56437,-1.44652,0.88907,0.58833,0.78546,-3.03374,-4.46256,-2.95635,-0.88451,4.07869,-14.83670,-1.89359,1.62636,-2.52672,-1.62353,-1.01583,0.43297,-2.18808,-3.29079,-2.00915,-2.39056,-5.65783,-2.22766,-0.67986,-15.05488,-4.33761,-2.75805,-2.09289,-2.96248,-2.70367,-2.54921,3.95874,-1.65083,-4.32064,-4.11087,0.37327,-2.67848,3.80033,-14.77089,-3.52168,-2.35441,-3.13958,-3.21806,0.11211,-3.82850,-0.36033,1.57454,-1.49792,-5.26365,0.00695,0.71896,-0.99023,-15.11755,2.68180,-1.09751,-2.48634,-4.06077,-1.08672,-3.76365,-2.19177,-1.14509,-3.24234,-7.02965,-2.05763,-4.00530,-1.62282,-14.71999,0.07596,-3.26422,-5.05517,-2.65192,-1.84914,-0.21383,-4.47600,4.19950,-4.44485,-2.55164,-4.49751,1.01462,-2.36126,-15.17016,0.81684,2.83016,-5.29818,-4.41484,-4.28682,1.54431,-2.39606,-1.94106,-3.14182,-3.64542,-2.96779,-3.52904,-0.59246,-15.07504,-3.62840,-4.01605,-3.12490,-4.81751,-7.22932,-1.80419,0.12494,3.73882
2.28284,-2.25452,-3.74678,-3.01011,-2.54791,-4.83562,3.41161,-14.53372,-4.71074,-0.81916,-5.15707,-5.27127,-5.64800,-4.46828,-0.41786,-0.65507,-3.87990,-6.00741,-4.33514,-2.38843,1.03940,-14.39971,0.44977,-0.24745,-1.79673,-3.10686,-0.28628,-3.52961,0.45455,1.74167,0.32678,-2.89830,-1.02705,1.07114,1.84910,-14.77762,0.25743,0.61158,-0.75623,0.65967,0.44627,-0.14093,-2.45039,6.28188,-4.01144,-2.35443,-1.54514,3.71231,-1.95707,-14.41091,7.31577,1.25319,-3.23365,-4.71133,1.36647,1.81080,-2.57823,1.51751,-1.25747,-1.10628,-5.73769,-0.39593,-0.74592,-14.35908,3.04470,0.50916,-4.23628,-0.54321,-1.22910,0.83341,2.26541,0.80492,-2.39927,-3.90983,-1.50189,-0.48873,5.79909,-14.46392,-1.56696,2.01591,-1.84199,-0.95339,-0.27283,0.65398,-1.84865,-3.16156,-1.54029,-2.56998,-5.61372,-1.97180,-0.21118,-14.63442,-3.54212,-2.48471,-1.91271,-2.65246,-1.62291,-2.09386,3.18590,-1.45547,-4.61056,-4.36460,0.26219,-2.39380,3.61290,-14.35992,-2.72915,-1.77711,-3.25558,-2.55574,0.46438,-3.13161,-1.02487,2.35322,-1.10660,-4.12547,0.41517,2.14991,-1.51568,-14.74201,3.66521,-0.54057,-2.15642,-3.20569,-0.69125,-3.10486,-2.59530,-1.46551,-3.25458,-6.37845,-1.95142,-3.91954,-1.76760,-14.29854,0.28410,-3.50684,-5.11862,-2.63755,-2.19300,-0.48147,-4.41801,3.36384,-4.57391,-2.84143,-4.91194,0.58390,-1.86611,-14.76428,-0.17560,2.76290,-5.14820,-4.16700,-4.04983,1.20466,-2.17979,-3.10796,-2.88754,-4.20218,-2.04213,-3.64994,-0.15689,-14.67549,-4.53825,-4.86267,-2.42649,-4.55780,-6.76920,-2.34309,-0.29133,3.31036
2.39320,-1.96796,-3.55369,-1.96681,-1.98248,-4.30776,3.31398,-14.46345,-4.41145,-0.74168,-5.02167,-4.86065,-5.00422,-3.75144,-0.40070,0.30052,-3.98045,-5.70020,-3.70375,-2.33481,1.02483,-14.44655,1.77699,0.33050,-1.84136,-3.10920,-0.89242,-3.09359,-0.43430,1.39145,0.67545,-3.61138,-1.51041,0.40582,1.65679,-14.79431,0.54828,0.71982,-0.75980,1.26710,-0.59344,-0.64235,-3.13607,5.40854,-4.45328,-3.05834,-2.14178,2.94964,-1.99771,-14.38051,6.14969,1.13189,-3.56808,-5.00619,0.66455,1.54251,-2.78116,1.01980,-1.55829,-0.43711,-5.94243,-0.29713,-0.80091,-14.31307,2.06258,0.53242,-4.07791,-0.72543,-1.51267,0.14546,4.11338,0.94491,-1.69023,-2.94438,0.11253,0.00023,7.27703,-14.43717,-1.44460,2.22643,-1.14929,-0.62163,0.44016,0.90861,-1.32001,-2.86592,-1.23414,-3.05081,-5.84637,-2.03292,0.14472,-14.56314,-2.56113,-2.31075,-1.97032,-2.73340,-0.89396,-1.80991,2.40754,-1.17013,-4.50048,-4.92789,-0.16892,-2.30779,3.50026,-14.30359,-2.00588,-1.13814,-3.33368,-1.72977,0.47369,-2.49717,-1.74280,3.25704,-0.76472,-3.36077,0.54174,3.40272,-2.15538,-14.66704,4.34991,0.12251,-1.69460,-2.62457,-0.54162,-2.50198,-3.26739,-1.74051,-3.50838,-5.48716,-2.41682,-3.86844,-2.17603,-14.31601,0.40858,-3.66489,-5.61165,-2.95850,-3.25474,-1.20489,-3.71349,2.63968,-4.59706,-3.11222,-5.07016,0.14471,-1.09462,-14.66966,-1.26675,2.96455,-4.85770,-3.91510,-3.68058,0.76340,-2.07466,-4.37299,-2.61964,-5.02833,-1.64010,-3.95637,0.08865,-14.59931,-5.57167,-5.79718,-1.91682,-4.39733,-6.38948,-3.24117,-0.58584,2.99680
2.10351,-1.56396,-3.56483,-1.23998,-1.64523,-3.59958,2.75057,-15.02740,-3.73884,-0.72082,-5.16543,-4.41630,-4.22716,-2.87507,-0.72631,1.69740,-4.08231,-5.26373,-3.13826,-2.05019,0.59759,-15.14570,3.39233,1.11281,-2.45490,-3.48191,-2.09294,-2.69410,-1.82525,0.64154,0.60715,-4.58035,-2.51501,-0.85233,0.98606,-15.36464,0.73936,0.49031,-1.22103,1.35209,-2.74177,-1.53089,-3.59331,4.02629,-4.86327,-3.83170,-3.33564,1.48424,-1.70395,-15.03995,3.84552,1.21093,-4.24032,-5.29583,-0.58598,1.16530,-2.84627,0.10852,-2.04388,-0.05220,-6.17107,-0.69103,-0.55429,-14.86751,0.33674,0.41185,-3.95854,-1.48802,-2.29904,-1.04775,6.13400,0.99086,-0.75049,-1.88898,1.67714,0.32108,8.52736,-15.05797,-1.35798,2.27497,-0.46232,-0.45681,0.85822,0.76213,-0.65744,-2.25671,-1.38235,-4.15507,-6.02373,-2.30989,0.44173,-15.08468,-0.90492,-2.02889,-2.35522,-3.27233,-0.44293,-1.83017,0.95324,-0.74125,-4.17406,-5.69398,-1.34136,-2.28301,2.98915,-14.89518,-0.92022,-0.20780,-3.65481,-0.80182,-0.16296,-2.01678,-2.48119,4.18579,-0.64062,-2.52118,0.54987,4.70892,-2.61293,-15.19444,4.66415,1.05474,-1.24528,-2.24757,-0.52006,-1.66862,-3.89893,-1.98505,-3.69259,-4.18301,-3.48382,-3.67719,-2.46508,-14.94567,0.31877,-3.49879,-6.35946,-3.47803,-4.84928,-2.21871,-2.01549,1.51200,-4.49772,-3.60350,-4.88992,-0.74990,0.43841,-15.22130,-2.60374,3.03101,-4.52378,-3.65821,-3.09261,0.02932,-1.82706,-5.65453,-2.15832,-6.15453,-1.46956,-4.26040,0.36136,-15.09965,-6.50731,-6.41495,-1.52960,-4.28536,-5.94179,-4.60045,-0.75251,2.83716
1.72496,-1.19375,-3.57513,-0.64154,-1.26734,-2.76060,2.18527,-15.39807,-3.13369,-0.62173,-5.25433,-4.19311,-3.66987,-2.39974,-0.64266,2.41574,-4.03610,-4.63226,-2.48613,-1.71909,0.39923,-15.61507,4.19731,1.41254,-2.95236,-3.71400,-2.74317,-2.56003,-2.49934,-0.02909,0.35798,-5.27346,-3.17160,-1.84075,0.64396,-15.69314,0.55336,0.37247,-1.71199,1.13367,-4.03016,-2.21305,-4.15559,2.51775,-5.16981,-4.60037,-4.15183,0.12304,-1.81414,-15.52639,1.83629,0.80580,-4.62327,-5.61433,-1.92881,0.50977,-2.75981,-0.38800,-2.48817,0.41418,-5.98453,-1.02252,-0.52971,-15.25705,-0.87985,0.19908,-3.94134,-2.17407,-2.90517,-1.69803,6.96951,1.10151,-0.35118,-1.28426,2.46731,0.27041,8.72482,-15.49611,-1.05751,2.23827,-0.33182,-0.67712,0.65229,0.35846,-0.20528,-1.88141,-1.49836,-4.90967,-5.99117,-2.66543,0.78455,-15.45243,0.01025,-1.73811,-2.63563,-3.44760,-0.31446,-1.88052,-0.03599,-0.52828,-4.02207,-6.08226,-2.17413,-2.27243,2.53871,-15.33775,-0.33531,0.25095,-3.75665,-0.40429,-0.65247,-1.86816,-2.78725,4.54737,-0.58259,-1.60634,0.56355,5.46225,-2.73097,-15.56409,4.67140,1.47724,-0.94205,-2.03010,-0.46003,-1.14983,-3.54412,-1.78172,-3.45994,-3.16470,-3.62546,-3.26484,-2.07783,-15.35464,0.47805,-3.12039,-6.53411,-3.61104,-5.12814,-2.68366,-0.94570,0.85916,-4.22348,-4.10243,-4.95629,-1.31611,1.47142,-15.54210,-2.98473,2.98295,-4.23355,-3.22531,-2.45618,-0.48370,-1.69586,-6.17108,-1.84644,-6.70906,-1.46894,-4.21242,0.52480,-15.46842,-6.84329,-6.43301,-1.31391,-3.96841,-5.34730,-5.00325,-0.71531,2.73250
1.42465,-0.84605,-3.23244,0.25964,-0.75366,-1.82402,1.48558,-15.01166,-2.48658,-0.55685,-5.07906,-3.88908,-3.22599,-1.82022,-0.16229,2.94687,-3.89469,-3.70850,-1.50286,-1.32004,0.53376,-15.27359,4.83928,1.67198,-3.41293,-3.60524,-3.04088,-2.19838,-2.98652,-0.76430,0.27515,-5.80203,-3.74557,-2.81995,0.32883,-15.21098,0.17364,0.34732,-1.82374,0.97933,-4.98143,-2.84084,-4.87506,0.63066,-5.56416,-5.42867,-4.62987,-1.29822,-2.34878,-15.24696,-0.33409,-0.25067,-4.77104,-5.88757,-3.48787,-0.63653,-2.72499,-0.56737,-3.01691,1.15840,-5.48120,-1.14739,-0.96002,-14.90215,-1.76816,-0.12968,-3.87460,-3.01444,-3.25497,-2.15705,7.53518,1.11954,-0.01219,-0.60327,3.23057,-0.06969,8.46388,-15.21369,-0.73514,1.95526,-0.33014,-0.81470,0.30976,-0.18522,0.57892,-1.25252,-1.21708,-5.05259,-5.66620,-2.81197,1.29960,-15.04547,0.72061,-1.14227,-2.59862,-3.17155,0.09232,-1.43977,-0.81148,-0.49990,-3.81101,-6.26155,-2.96249,-2.37916,2.12836,-15.03547,0.07326,0.50239,-3.67595,-0.09938,-1.22871,-1.58776,-2.74623,4.72511,-0.35245,-0.30410,0.80816,5.96799,-2.48257,-15.17615,4.57171,1.89002,-0.50919,-1.45002,-0.34428,-0.76393,-2.83017,-1.57435,-3.08788,-2.39060,-3.07844,-2.78964,-1.56697,-15.02231,0.76340,-2.93380,-6.08561,-3.83830,-4.81402,-3.25577,-0.19058,0.20578,-3.82301,-4.49029,-5.22307,-1.84661,2.19111,-15.12937,-3.10840,2.72745,-3.78574,-2.52763,-1.70243,-1.12078,-1.24125,-6.04380,-1.43563,-6.74351,-1.10566,-3.59483,0.76238,-15.09361,-6.76174,-5.92235,-0.76405,-3.46652,-4.05947,-4.53822,-0.61487,2.58125
1.45792,-0.63587,-2.84047,0.88437,-0.16269,-1.25194,1.25411,-14.23460,-1.95980,-0.53555,-4.70789,-3.50031,-2.72267,-1.42778,0.04041,3.13850,-3.80663,-3.27467,-0.93415,-1.11406,0.64513,-14.49005,5.20486,1.74955,-3.54495,-3.32578,-2.94473,-1.92854,-3.33076,-1.17567,0.27116,-5.88295,-3.88937,-3.14551,0.10394,-14.32881,-0.03046,0.34623,-1.64182,1.07834,-5.30237,-3.07216,-5.10965,-0.31427,-5.56240,-5.43164,-4.49198,-1.73709,-2.55453,-14.50870,-1.30208,-0.78131,-4.58214,-5.88733,-4.03695,-1.11024,-2.60916,-0.65841,-3.20390,1.66769,-4.93147,-1.06851,-1.13624,-14.12150,-2.06524,-0.33491,-3.80570,-3.37851,-3.10943,-2.27032,7.76810,1.06145,0.25909,-0.22889,3.69211,-0.29640,8.31816,-14.45782,-0.55903,1.79338,-0.21849,-0.55523,0.34776,-0.34675,0.88361,-0.98191,-0.98818,-4.91872,-5.32023,-2.78029,1.47095,-14.23437,1.00447,-0.96165,-2.27880,-2.86294,0.36708,-1.07091,-1.24761,-0.55590,-3.65477,-5.97140,-3.18735,-2.42662,1.81292,-14.26807,0.29467,0.61726,-3.53138,0.03751,-1.48294,-1.36311,-2.57955,4.74949,-0.17276,0.44377,1.18430,6.16204,-2.25620,-14.39600,4.52033,2.12250,-0.13832,-0.99099,-0.12076,-0.57358,-2.42846,-1.51674,-2.76028,-1.98946,-2.65454,-2.39204,-1.25274,-14.25504,0.89691,-2.87537,-5.56425,-3.68481,-4.36793,-3.44955,0.14741,-0.14488,-3.53256,-4.45511,-5.23625,-1.93221,2.58196,-14.33535,-3.15107,2.61659,-3.40184,-1.98700,-1.07932,-1.24059,-0.86522,-5.73960,-1.05428,-6.28268,-0.57711,-2.94152,0.98242,-14.29522,-6.47361,-5.47278,-0.17405,-2.97795,-2.98810,-4.01780,-0.63073,2.32534
1.49861,-0.50951,-2.57179,1.28548,0.21581,-0.91981,1.18209,-13.59453,-1.63404,-0.51880,-4.38347,-3.22728,-2.40098,-1.23727,0.09939,3.09038,-3.76424,-3.13350,-0.59480,-1.06085,0.67118,-13.82498,5.35750,1.61933,-3.51274,-3.17100,-2.86221,-1.84854,-3.47511,-1.35683,0.33060,-5.85631,-3.88229,-3.20723,0.02784,-13.63895,-0.13390,0.37544,-1.51228,1.22362,-5.29785,-3.11999,-5.18063,-0.71167,-5.50636,-5.29802,-4.22108,-1.77107,-2.61135,-13.85514,-1.66823,-1.01856,-4.37659,-5.84012,-4.17027,-1.22742,-2.55202,-0.68484,-3.21420,1.99334,-4.61292,-0.95025,-1.22754,-13.47151,-2.16066,-0.41821,-3.70000,-3.43692,-2.92500,-2.25403,7.86898,0.99391,0.33823,-0.07371,4.00707,-0.39773,8.25329,-13.81561,-0.42710,1.68493,-0.15744,-0.42353,0.42075,-0.37979,0.90831,-0.91135,-0.78303,-4.80474,-5.17888,-2.73933,1.47891,-13.56324,1.09486,-0.89698,-1.99250,-2.57481,0.52359,-0.89110,-1.46001,-0.54444,-3.56584,-5.73781,-3.16322,-2.36411,1.66600,-13.61289,0.41604,0.67495,-3.39723,0.11071,-1.49025,-1.14516,-2.50045,4.81146,-0.02689,0.90510,1.34509,6.30691,-2.18880,-13.75338,4.61602,2.25754,0.10602,-0.70041,0.08775,-0.44694,-2.16024,-1.46695,-2.55261,-1.75629,-2.33794,-2.13908,-1.03865,-13.62135,1.01147,-2.82944,-5.20041,-3.50128,-3.99001,-3.42860,0.24458,-0.27857,-3.32203,-4.34160,-5.20292,-1.86608,2.72274,-13.68649,-3.10695,2.59799,-3.11924,-1.63210,-0.65651,-1.20308,-0.70459,-5.61039,-0.86501,-5.97845,-0.22019,-2.59009,1.10429,-13.63443,-6.27898,-5.30762,0.20639,-2.65346,-2.36943,-3.70457,-0.66316,2.16719
1.53052,-0.48729,-2.46482,1.42076,0.34366,-0.83813,1.18429,-13.32178,-1.53739,-0.51840,-4.24303,-3.09440,-2.28130,-1.18879,0.09657,3.00958,-3.76723,-3.16979,-0.43879,-1.06323,0.66307,-13.53635,5.38685,1.48389,-3.46645,-3.14629,-2.84076,-1.85000,-3.54117,-1.41907,0.38389,-5.81173,-3.85611,-3.19359,-0.00254,-13.34669,-0.19584,0.37731,-1.45382,1.31328,-5.26639,-3.11897,-5.18317,-0.79214,-5.50836,-5.20512,-4.05244,-1.69839,-2.60156,-13.56709,-1.74401,-1.07397,-4.29678,-5.84577,-4.19399,-1.21446,-2.53895,-0.69937,-3.19849,2.10714,-4.54250,-0.91817,-1.27737,-13.19278,-2.20299,-0.44750,-3.62504,-3.42552,-2.85143,-2.24191,7.90412,0.92624,0.31438,-0.08503,4.15450,-0.44898,8.24179,-13.53316,-0.42955,1.61219,-0.15529,-0.43158,0.45575,-0.39845,0.85071,-0.85793,-0.69595,-4.72245,-5.15978,-2.68575,1.41554,-13.27161,1.15076,-0.85926,-1.86550,-2.43682,0.59832,-0.82489,-1.49499,-0.48502,-3.51937,-5.61915,-3.11500,-2.28377,1.64048,-13.33313,0.50067,0.70673,-3.32118,0.16973,-1.43338,-1.00072,-2.49626,4.89863,0.03757,1.08886,1.33127,6.39349,-2.20460,-13.47400,4.74684,2.33635,0.19990,-0.58682,0.20807,-0.37755,-2.10100,-1.48252,-2.49860,-1.71811,-2.23954,-2.09565,-0.98817,-13.34512,1.05652,-2.84062,-5.05452,-3.42686,-3.81017,-3.39571,0.26448,-0.29644,-3.22064,-4.23855,-5.13320,-1.77835,2.75449,-13.40857,-3.08692,2.61170,-2.98074,-1.47778,-0.45927,-1.16338,-0.63706,-5.57248,-0.80407,-5.83467,-0.04153,-2.46206,1.15240,-13.34749,-6.18435,-5.28770,0.36244,-2.54643,-2.12863,-3.58894,-0.66601,2.12031
1.52267,-0.50588,-2.43563,1.46623,0.36199,-0.77310,1.23040,-13.17475,-1.47111,-0.50500,-4.19404,-3.03743,-2.20317,-1.16735,0.10585,2.93685,-3.73265,-3.23142,-0.31199,-1.01492,0.70767,-13.36775,5.41609,1.41331,-3.38876,-3.11411,-2.78359,-1.82974,-3.57589,-1.45324,0.43549,-5.80908,-3.79833,-3.12816,0.03210,-13.18328,-0.19320,0.34007,-1.45333,1.38351,-5.20814,-3.10826,-5.22025,-0.79154,-5.57627,-5.16274,-4.01325,-1.61168,-2.56871,-13.40432,-1.70811,-1.05652,-4.27218,-5.85730,-4.19102,-1.15418,-2.58627,-0.74242,-3.20437,2.11114,-4.54151,-0.90520,-1.32021,-13.03476,-2.23290,-0.45388,-3.55724,-3.42108,-2.84988,-2.25549,7.83965,0.81837,0.23385,-0.17139,4.24236,-0.47569,8.18316,-13.36567,-0.44909,1.50380,-0.18265,-0.52660,0.42592,-0.44560,0.75556,-0.82519,-0.68900,-4.69338,-5.17741,-2.63840,1.34800,-13.11521,1.21233,-0.81690,-1.84281,-2.35327,0.65198,-0.78074,-1.49787,-0.40256,-3.46552,-5.55654,-3.07098,-2.17366,1.68222,-13.17711,0.61143,0.75741,-3.23076,0.26062,-1.34370,-0.86954,-2.54261,4.96415,0.08550,1.17548,1.25443,6.45802,-2.21699,-13.31402,4.87807,2.39172,0.25019,-0.54095,0.26621,-0.29884,-2.12437,-1.52516,-2.53108,-1.74937,-2.19332,-2.13024,-0.97316,-13.19558,1.12156,-2.88045,-5.01616,-3.41559,-3.69212,-3.37530,0.24811,-0.29117,-3.13228,-4.19209,-5.03889,-1.66990,2.76999,-13.25151,-3.02939,2.62741,-2.88036,-1.37847,-0.36610,-1.15887,-0.59784,-5.57645,-0.76480,-5.78653,0.08911,-2.39649,1.20773,-13.18572,-6.11863,-5.30728,0.45727,-2.47731,-1.99603,-3.54457,-0.69226,2.14667
1.51943,-0.52388,-2.43293,1.50160,0.36573,-0.70782,1.28252,-13.09620,-1.44847,-0.45803,-4.16230,-2.99281,-2.13308,-1.15396,0.13592,2.90371,-3.68399,-3.23362,-0.16214,-0.92285,0.75308,-13.26869,5.47079,1.40148,-3.29952,-3.06895,-2.70383,-1.77617,-3.57181,-1.45009,0.50696,-5.77261,-3.74884,-3.06066,0.07658,-13.09367,-0.15542,0.31655,-1.44709,1.48062,-5.11304,-3.06025,-5.26182,-0.75796,-5.64361,-5.14981,-4.00500,-1.53686,-2.55106,-13.30863,-1.63688,-1.03276,-4.25794,-5.85554,-4.15339,-1.11075,-2.64797,-0.79681,-3.19110,2.10902,-4.54865,-0.90631,-1.37454,-12.94511,-2.25825,-0.47667,-3.47539,-3.40248,-2.83934,-2.27827,7.77910,0.70867,0.14823,-0.22625,4.33970,-0.50245,8.12667,-13.27078,-0.49525,1.39748,-0.21068,-0.63344,0.39559,-0.49202,0.69618,-0.81424,-0.69292,-4.65227,-5.16057,-2.60718,1.29855,-13.03161,1.25253,-0.78241,-1.84091,-2.28096,0.71120,-0.75850,-1.46130,-0.35615,-3.41762,-5.51948,-3.00401,-2.10360,1.75539,-13.08657,0.67318,0.77536,-3.14534,0.37864,-1.27871,-0.77162,-2.58742,5.00650,0.11258,1.25452,1.20093,6.50309,-2.21988,-13.21986,4.98495,2.42723,0.28178,-0.50688,0.28367,-0.23767,-2.14787,-1.57353,-2.56696,-1.77278,-2.12543,-2.17936,-0.96317,-13.11399,1.15351,-2.93369,-4.98661,-3.41433,-3.60654,-3.35808,0.25749,-0.25452,-3.05387,-4.14762,-4.93212,-1.56914,2.79137,-13.16870,-2.97093,2.65335,-2.78393,-1.30248,-0.29328,-1.16150,-0.56765,-5.58810,-0.74150,-5.76212,0.17439,-2.35279,1.24575,-13.09632,-6.06286,-5.33800,0.52261,-2.44722,-1.90162,-3.51240,-0.71248,2.15187
1.54824,-0.51580,-2.43481,1.54096,0.39542,-0.63209,1.35691,-13.04064,-1.40666,-0.40178,-4.13022,-2.95937,-2.05160,-1.12063,0.17738,2.90051,-3.62191,-3.21977,-0.05713,-0.84407,0.82154,-13.19908,5.53523,1.41847,-3.21304,-2.99817,-2.61183,-1.72860,-3.56681,-1.44599,0.54225,-5.79234,-3.71240,-3.00327,0.12711,-13.02964,-0.09630,0.28971,-1.46640,1.54954,-5.01362,-3.00877,-5.31335,-0.72511,-5.69074,-5.15196,-4.02751,-1.46673,-2.53849,-13.23996,-1.55518,-0.99924,-4.24667,-5.83679,-4.11613,-1.08436,-2.69369,-0.83804,-3.17754,2.12241,-4.52801,-0.87044,-1.39069,-12.88006,-2.25957,-0.48460,-3.41394,-3.37869,-2.84089,-2.28452,7.71701,0.63372,0.07716,-0.26454,4.37751,-0.51814,8.08773,-13.20386,-0.52246,1.33880,-0.24188,-0.71724,0.37441,-0.51976,0.63775,-0.84573,-0.73200,-4.68022,-5.15946,-2.60780,1.25906,-12.97622,1.26364,-0.78886,-1.86523,-2.25968,0.74494,-0.76786,-1.45314,-0.33545,-3.38155,-5.49963,-2.94990,-2.03912,1.79048,-13.02289,0.70646,0.77796,-3.07041,0.45470,-1.22968,-0.71169,-2.64621,5.02383,0.11288,1.29700,1.16427,6.52396,-2.23710,-13.15573,5.05676,2.42964,0.27919,-0.51901,0.25529,-0.19357,-2.17820,-1.59197,-2.60041,-1.78672,-2.09455,-2.21489,-0.95374,-13.06000,1.18449,-2.95263,-4.98467,-3.39616,-3.56464,-3.31675,0.24365,-0.25101,-3.00547,-4.16465,-4.86030,-1.51046,2.80751,-13.11167,-2.93231,2.65753,-2.73219,-1.26627,-0.27274,-1.18624,-0.57665,-5.61908,-0.72838,-5.75203,0.20892,-2.33898,1.26999,-13.03543,-6.03662,-5.36638,0.54708,-2.41207,-1.84780,-3.50764,-0.74399,2.16168
1.60778,-0.49581,-2.40439,1.61218,0.48418,-0.59153,1.42123,-12.93436,-1.38792,-0.34922,-4.08407,-2.89927,-1.97545,-1.09422,0.21948,2.91008,-3.59422,-3.18333,0.02258,-0.79544,0.88410,-13.09856,5.57931,1.44899,-3.16820,-2.91834,-2.52367,-1.68313,-3.55264,-1.43805,0.58491,-5.75752,-3.67012,-2.95315,0.16876,-12.92700,-0.06654,0.31096,-1.42480,1.63025,-4.90696,-2.93750,-5.31473,-0.71658,-5.67538,-5.13150,-3.96824,-1.40646,-2.52984,-13.13148,-1.49929,-1.00722,-4.22391,-5.80772,-4.04384,-1.08441,-2.70082,-0.85057,-3.14268,2.18161,-4.47507,-0.81953,-1.38066,-12.77130,-2.22569,-0.47821,-3.38620,-3.32922,-2.79246,-2.25808,7.72888,0.60602,0.07097,-0.24463,4.41221,-0.50268,8.13090,-13.09857,-0.53477,1.34467,-0.23155,-0.69450,0.42124,-0.49340,0.62560,-0.88687,-0.73618,-4.65142,-5.12656,-2.59441,1.24819,-12.87394,1.25004,-0.79381,-1.85024,-2.24116,0.78198,-0.75314,-1.44190,-0.36370,-3.38824,-5.45797,-2.87154,-2.01353,1.80079,-12.91202,0.69355,0.75178,-3.05415,0.48361,-1.18877,-0.68238,-2.65328,5.02547,0.11372,1.35590,1.20963,6.54336,-2.23738,-13.04930,5.10310,2.42401,0.27768,-0.48503,0.25604,-0.18214,-2.17744,-1.59507,-2.57291,-1.76749,-2.05652,-2.19871,-0.92756,-12.95729,1.19348,-2.96458,-4.94316,-3.34042,-3.51746,-3.26182,0.23119,-0.25570,-2.99057,-4.14254,-4.82009,-1.49268,2.81368,-13.01181,-2.92210,2.66324,-2.69383,-1.24737,-0.24079,-1.17137,-0.57566,-5.63557,-0.72327,-5.69908,0.25419,-2.31495,1.28151,-12.93371,-6.01851,-5.37517,0.55974,-2.39060,-1.79247,-3.47409,-0.77058,2.10191
1.68236,-0.47456,-2.32487,1.70323,0.61764,-0.60661,1.44042,-12.78411,-1.38612,-0.33801,-4.01186,-2.80306,-1.92538,-1.09504,0.25533,2.93490,-3.59873,-3.15009,0.07374,-0.77436,0.89837,-12.96844,5.61135,1.44906,-3.16105,-2.86366,-2.47244,-1.64949,-3.54654,-1.44646,0.62968,-5.65532,-3.65237,-2.94400,0.16725,-12.78038,-0.10746,0.38387,-1.33151,1.69534,-4.85163,-2.87344,-5.25484,-0.75167,-5.60710,-5.07481,-3.80654,-1.36348,-2.51479,-12.98475,-1.53395,-1.04767,-4.18731,-5.78968,-3.99339,-1.11387,-2.64984,-0.82997,-3.09179,2.28999,-4.39603,-0.78909,-1.37031,-12.62651,-2.19407,-0.47879,-3.37333,-3.28721,-2.70682,-2.22305,7.82663,0.61930,0.11688,-0.19160,4.45298,-0.49765,8.22261,-12.95514,-0.53810,1.39405,-0.20559,-0.58920,0.51789,-0.45078,0.64760,-0.87472,-0.67481,-4.55035,-5.07870,-2.54527,1.23494,-12.71556,1.25008,-0.77150,-1.77007,-2.20213,0.83020,-0.71081,-1.44313,-0.41450,-3.41267,-5.38977,-2.81228,-2.03418,1.75010,-12.75961,0.66027,0.70770,-3.08845,0.46173,-1.16803,-0.66990,-2.61036,5.04858,0.11084,1.44676,1.28596,6.56399,-2.24793,-12.90655,5.14462,2.42638,0.26504,-0.41897,0.31039,-0.18905,-2.13910,-1.60248,-2.48064,-1.71714,-2.01516,-2.16579,-0.89709,-12.79750,1.17027,-2.95729,-4.83742,-3.26415,-3.46337,-3.22740,0.22125,-0.29514,-2.99419,-4.06449,-4.81560,-1.52777,2.80512,-12.86623,-2.98274,2.65993,-2.64046,-1.22675,-0.19766,-1.14169,-0.54872,-5.61254,-0.72034,-5.59726,0.31591,-2.27691,1.26325,-12.78753,-5.99446,-5.36508,0.57787,-2.39750,-1.71029,-3.41505,-0.75345,2.00519
1.68990,-0.52686,-2.25856,1.69885,0.63567,-0.67125,1.42714,-12.64558,-1.37221,-0.42135,-3.96521,-2.76420,-1.95399,-1.13214,0.23966,2.87991,-3.62973,-3.24056,0.05381,-0.84858,0.89989,-12.83039,5.56847,1.37046,-3.16454,-2.86354,-2.48768,-1.67952,-3.59044,-1.44836,0.63565,-5.63278,-3.61089,-2.90073,0.15185,-12.63379,-0.12056,0.41010,-1.28396,1.68855,-4.87448,-2.89019,-5.19857,-0.77863,-5.55420,-4.98103,-3.69163,-1.31917,-2.45418,-12.84161,-1.55920,-1.04307,-4.15373,-5.75441,-4.00449,-1.07333,-2.59845,-0.78233,-3.09167,2.32981,-4.38125,-0.74099,-1.31994,-12.49085,-2.17165,-0.41674,-3.37399,-3.28186,-2.66059,-2.16416,7.85494,0.60518,0.15594,-0.23167,4.44511,-0.48448,8.27993,-12.81522,-0.52532,1.40607,-0.17081,-0.51659,0.56451,-0.44031,0.64729,-0.81700,-0.62737,-4.48703,-5.05978,-2.45198,1.24912,-12.56468,1.29361,-0.73501,-1.69782,-2.16038,0.87512,-0.66375,-1.48905,-0.38287,-3.42663,-5.34951,-2.82400,-1.97764,1.68006,-12.62073,0.73836,0.74022,-3.09158,0.40597,-1.12075,-0.63366,-2.61411,5.06060,0.14028,1.43967,1.26325,6.56870,-2.27537,-12.77294,5.18598,2.45517,0.27003,-0.36563,0.36233,-0.17411,-2.18010,-1.61054,-2.46686,-1.74312,-2.04216,-2.13979,-0.93800,-12.64892,1.21430,-2.93819,-4.80745,-3.25047,-3.42686,-3.21668,0.13985,-0.37250,-3.00758,-4.00392,-4.85019,-1.55203,2.75141,-12.71711,-3.04368,2.62672,-2.65245,-1.21290,-0.22098,-1.12308,-0.49710,-5.59064,-0.70867,-5.53454,0.43417,-2.26058,1.29872,-12.64379,-5.99614,-5.34456,0.62925,-2.38543,-1.67178,-3.38844,-0.75664,2.01896
1.71072,-0.56224,-2.20559,1.68817,0.62006,-0.74897,1.43501,-12.54208,-1.37453,-0.46516,-3.95226,-2.72230,-1.99262,-1.15957,0.23870,2.82745,-3.63878,-3.33162,0.04510,-0.92222,0.91515,-12.72757,5.51753,1.31368,-3.14146,-2.84938,-2.51203,-1.68975,-3.62287,-1.44242,0.65149,-5.58306,-3.58254,-2.86885,0.12649,-12.52513,-0.12747,0.43313,-1.23541,1.69070,-4.88083,-2.90058,-5.14841,-0.77435,-5.52496,-4.90032,-3.59102,-1.26737,-2.40038,-12.73286,-1.54962,-1.02971,-4.14220,-5.72913,-3.99680,-1.04962,-2.53709,-0.72520,-3.05968,2.36040,-4.38189,-0.69217,-1.27439,-12.38905,-2.13939,-0.35582,-3.34183,-3.24330,-2.58848,-2.12036,7.88580,0.58367,0.18639,-0.28161,4.44550,-0.46648,8.34188,-12.71032,-0.53264,1.40690,-0.14666,-0.46769,0.62172,-0.41679,0.64952,-0.75331,-0.58934,-4.39790,-5.04682,-2.36449,1.25630,-12.45080,1.33591,-0.67847,-1.64613,-2.11929,0.93166,-0.59584,-1.48423,-0.34624,-3.43206,-5.31462,-2.79137,-1.91467,1.65876,-12.51505,0.80171,0.76253,-3.08798,0.38055,-1.07759,-0.59186,-2.63905,5.04643,0.15202,1.41759,1.22564,6.55315,-2.32132,-12.67060,5.21876,2.45970,0.26651,-0.33094,0.36338,-0.19422,-2.25245,-1.66054,-2.49982,-1.81481,-2.08894,-2.17119,-1.01133,-12.53742,1.20344,-2.95944,-4.80091,-3.27127,-3.42605,-3.23617,0.06079,-0.42088,-3.01961,-3.93860,-4.86148,-1.56181,2.67582,-12.60215,-3.11418,2.59312,-2.65640,-1.21732,-0.25650,-1.12754,-0.43661,-5.57384,-0.70412,-5.46815,0.54229,-2.25515,1.32160,-12.53341,-6.00373,-5.34710,0.65987,-2.41175,-1.66093,-3.36156,-0.74955,2.02953
1.72532,-0.62208,-2.17064,1.66074,0.55213,-0.82703,1.48324,-12.48345,-1.40630,-0.46715,-3.96124,-2.66864,-2.03611,-1.19599,0.24762,2.73947,-3.64075,-3.43066,0.07739,-0.96850,0.95759,-12.66848,5.44988,1.26995,-3.09557,-2.83884,-2.53075,-1.69751,-3.65915,-1.44297,0.66412,-5.52202,-3.54659,-2.83179,0.10188,-12.46640,-0.11004,0.43232,-1.21591,1.69654,-4.87172,-2.90376,-5.10903,-0.72993,-5.52578,-4.84623,-3.51452,-1.19899,-2.34087,-12.66844,-1.49052,-0.99038,-4.14848,-5.70544,-3.98265,-1.01654,-2.52341,-0.68615,-3.01506,2.36454,-4.41583,-0.64931,-1.25671,-12.33285,-2.09722,-0.29169,-3.29306,-3.19726,-2.54675,-2.08762,7.87293,0.51458,0.16841,-0.35949,4.44029,-0.46649,8.38352,-12.64785,-0.57036,1.37929,-0.14134,-0.47191,0.63264,-0.40332,0.65342,-0.69602,-0.56577,-4.28999,-5.02007,-2.26682,1.27439,-12.38894,1.38322,-0.59209,-1.61198,-2.07864,0.99163,-0.53093,-1.43265,-0.31493,-3.41685,-5.27956,-2.71415,-1.83239,1.71107,-12.45331,0.87289,0.78559,-3.04779,0.40916,-1.02571,-0.54236,-2.67605,5.03014,0.15594,1.38552,1.16199,6.53468,-2.34182,-12.60971,5.27870,2.48131,0.24894,-0.29505,0.36215,-0.20694,-2.35137,-1.72370,-2.54512,-1.91277,-2.13265,-2.21470,-1.08589,-12.47521,1.21749,-2.98901,-4.80489,-3.29764,-3.41762,-3.25330,-0.00205,-0.42667,-2.99758,-3.84768,-4.81869,-1.52148,2.61356,-12.53636,-3.13727,2.58697,-2.64291,-1.19941,-0.28369,-1.11736,-0.37731,-5.56604,-0.70985,-5.41203,0.64414,-2.24274,1.36198,-12.47001,-5.98971,-5.35222,0.66104,-2.46221,-1.65671,-3.32688,-0.75727,2.04072
1.70268,-0.70706,-2.14276,1.64321,0.49594,-0.86900,1.53058,-12.35457,-1.42988,-0.48875,-3.95849,-2.61415,-2.06531,-1.24135,0.29372,2.65486,-3.61179,-3.48678,0.15787,-0.95382,1.03680,-12.53893,5.38508,1.24112,-3.02698,-2.80433,-2.49248,-1.67681,-3.67263,-1.45654,0.70124,-5.47015,-3.46169,-2.76498,0.11627,-12.33837,-0.08273,0.41994,-1.19411,1.71069,-4.83091,-2.89470,-5.10179,-0.70856,-5.55237,-4.81704,-3.45189,-1.14403,-2.28562,-12.53880,-1.42428,-0.95106,-4.15247,-5.67086,-3.97957,-0.96594,-2.55386,-0.66130,-2.99965,2.34982,-4.43382,-0.60474,-1.26767,-12.20475,-2.05794,-0.22609,-3.23763,-3.15667,-2.53857,-2.05813,7.79378,0.41751,0.13120,-0.42804,4.43319,-0.47073,8.37197,-12.51291,-0.59840,1.32142,-0.13457,-0.49785,0.59473,-0.42177,0.64353,-0.63643,-0.54867,-4.18125,-4.98917,-2.16334,1.28492,-12.25775,1.43450,-0.48717,-1.59440,-2.02728,1.06145,-0.44993,-1.38633,-0.27590,-3.37649,-5.23624,-2.64054,-1.72281,1.77228,-12.32268,0.96879,0.82329,-2.98494,0.46614,-0.91527,-0.46990,-2.69880,5.04056,0.19579,1.38857,1.10465,6.55606,-2.33705,-12.47673,5.36639,2.51851,0.25740,-0.22753,0.41456,-0.16130,-2.43553,-1.75598,-2.57720,-1.96971,-2.13655,-2.22889,-1.12888,-12.34442,1.30164,-2.99691,-4.78177,-3.30243,-3.34508,-3.23562,-0.08320,-0.44312,-2.94784,-3.76529,-4.76058,-1.47527,2.56377,-12.39941,-3.11320,2.58893,-2.59237,-1.14336,-0.30740,-1.11054,-0.32597,-5.56618,-0.70407,-5.37499,0.76194,-2.21325,1.41088,-12.33861,-5.95805,-5.35896,0.68235,-2.46753,-1.61509,-3.29241,-0.77585,2.05091
1.64924,-0.81231,-2.17842,1.58861,0.43370,-0.85849,1.59227,-12.30013,-1.45016,-0.52201,-3.97357,-2.58812,-2.07130,-1.30917,0.35376,2.57639,-3.56620,-3.50766,0.29008,-0.86263,1.13361,-12.46979,5.33984,1.23271,-2.94989,-2.76843,-2.38942,-1.64439,-3.64619,-1.47215,0.74187,-5.45963,-3.33392,-2.66922,0.16494,-12.28211,-0.02522,0.37047,-1.20027,1.72636,-4.74907,-2.87443,-5.15132,-0.68644,-5.64288,-4.84863,-3.47208,-1.11413,-2.24578,-12.47738,-1.33039,-0.90692,-4.18897,-5.64950,-3.99551,-0.89473,-2.64545,-0.67478,-3.04847,2.28603,-4.45959,-0.59761,-1.30162,-12.14454,-2.05261,-0.18902,-3.19142,-3.13938,-2.59375,-2.04122,7.62208,0.27296,0.03025,-0.51063,4.42333,-0.51077,8.28177,-12.44492,-0.67152,1.21297,-0.15759,-0.61283,0.44699,-0.51643,0.60425,-0.61869,-0.60176,-4.13073,-4.94696,-2.10811,1.27088,-12.20179,1.46017,-0.41895,-1.63716,-2.01237,1.08725,-0.41868,-1.32981,-0.22006,-3.32949,-5.22338,-2.59116,-1.60416,1.86633,-12.26413,1.07401,0.85961,-2.90792,0.55472,-0.77732,-0.41170,-2.73534,5.08161,0.24815,1.40703,1.03218,6.61696,-2.30619,-12.40829,5.48468,2.56106,0.28950,-0.16201,0.48597,-0.05499,-2.48748,-1.72619,-2.61812,-1.97469,-2.10074,-2.21427,-1.12823,-12.28849,1.46024,-2.97324,-4.76337,-3.29274,-3.19827,-3.14847,-0.13476,-0.41485,-2.87809,-3.70082,-4.66724,-1.40664,2.57033,-12.33875,-2.99243,2.62422,-2.52833,-1.05694,-0.30801,-1.10001,-0.28240,-5.57217,-0.68549,-5.38602,0.85657,-2.17068,1.49347,-12.27507,-5.89603,-5.37559,0.71338,-2.42795,-1.53563,-3.28235,-0.81141,2.07066
1.57345,-0.92659,-2.25933,1.51100,0.41919,-0.76576,1.65808,-12.24661,-1.43276,-0.60361,-3.97912,-2.62539,-2.03389,-1.37733,0.45389,2.55277,-3.45259,-3.47042,0.41531,-0.69717,1.24996,-12.39338,5.34441,1.25396,-2.85156,-2.69843,-2.18858,-1.59259,-3.55443,-1.48539,0.79600,-5.54935,-3.12936,-2.55735,0.29238,-12.22088,0.07082,0.28854,-1.24542,1.74492,-4.61520,-2.81586,-5.26855,-0.65862,-5.74701,-4.90021,-3.61980,-1.09707,-2.21067,-12.41777,-1.21318,-0.80351,-4.21661,-5.58596,-4.04654,-0.76621,-2.78324,-0.73159,-3.18218,2.18351,-4.46080,-0.60659,-1.32697,-12.07897,-2.09748,-0.15806,-3.15846,-3.15511,-2.75822,-2.03799,7.33599,0.10864,-0.10626,-0.60175,4.36552,-0.56068,8.08055,-12.37442,-0.74699,1.06952,-0.20020,-0.79073,0.21415,-0.71298,0.52353,-0.66260,-0.73795,-4.21890,-4.90478,-2.10076,1.21591,-12.15188,1.45773,-0.41263,-1.74537,-2.05905,1.06939,-0.45946,-1.31354,-0.10739,-3.25163,-5.21725,-2.60482,-1.43171,1.91524,-12.20745,1.20042,0.94543,-2.79985,0.64732,-0.55113,-0.33637,-2.79692,5.15082,0.31872,1.43495,0.94217,6.70187,-2.29263,-12.33580,5.61473,2.59319,0.32896,-0.13861,0.54906,0.15440,-2.52374,-1.62019,-2.65861,-1.90595,-2.07094,-2.21885,-1.10228,-12.24048,1.69939,-2.87953,-4.76858,-3.24678,-3.02436,-2.98791,-0.23705,-0.43520,-2.82710,-3.74733,-4.58109,-1.38952,2.59201,-12.27425,-2.82295,2.62572,-2.47545,-0.98495,-0.38605,-1.15378,-0.29082,-5.61540,-0.63848,-5.44719,0.90062,-2.18168,1.57369,-12.20857,-5.87494,-5.39746,0.76116,-2.29859,-1.48301,-3.35484,-0.86349,2.12808
1.54039,-1.03109,-2.38232,1.42779,0.48954,-0.64626,1.76990,-12.27246,-1.44149,-0.68430,-3.98232,-2.67792,-1.95153,-1.46238,0.59112,2.57812,-3.33249,-3.36704,0.56172,-0.46034,1.38550,-12.40600,5.37762,1.32196,-2.77654,-2.61268,-1.88673,-1.53001,-3.39855,-1.48557,0.85256,-5.66674,-2.90303,-2.44292,0.45306,-12.24701,0.15769,0.19913,-1.28256,1.78226,-4.40192,-2.70704,-5.42158,-0.61179,-5.87861,-5.01473,-3.81348,-1.10058,-2.22014,-12.44181,-1.06799,-0.71843,-4.26666,-5.55322,-4.08663,-0.64638,-2.97321,-0.81151,-3.37820,2.06019,-4.45532,-0.65005,-1.39052,-12.08951,-2.16024,-0.18004,-3.17295,-3.20985,-2.96743,-2.03257,7.01167,-0.05313,-0.28763,-0.65689,4.27250,-0.64395,7.83856,-12.38484,-0.87969,0.92530,-0.27578,-1.00536,-0.07765,-0.95375,0.42777,-0.77033,-0.93531,-4.37016,-4.85493,-2.16530,1.11574,-12.18650,1.38045,-0.47491,-1.90558,-2.16833,0.99720,-0.55778,-1.27665,-0.01422,-3.20150,-5.21995,-2.64118,-1.31345,1.96318,-12.22979,1.25555,0.98589,-2.72951,0.72466,-0.30547,-0.30604,-2.84324,5.25188,0.36973,1.48224,0.87815,6.79088,-2.27394,-12.34181,5.74660,2.59662,0.36010,-0.14211,0.61007,0.38235,-2.50474,-1.42595,-2.65322,-1.77597,-2.00732,-2.20740,-1.03759,-12.27653,1.96240,-2.76408,-4.73463,-3.14516,-2.77668,-2.73729,-0.31497,-0.39988,-2.79640,-3.82744,-4.48708,-1.40031,2.64640,-12.30512,-2.59428,2.64625,-2.42175,-0.92814,-0.45553,-1.19426,-0.31987,-5.64521,-0.58272,-5.51806,0.87694,-2.18552,1.64470,-12.22446,-5.84445,-5.42625,0.79514,-2.14295,-1.39516,-3.43087,-0.90873,2.14749
1.57529,-1.11155,-2.49745,1.36362,0.61684,-0.50946,1.94189,-12.30415,-1.44229,-0.75488,-3.96285,-2.73204,-1.82992,-1.54551,0.75016,2.61782,-3.18616,-3.26632,0.67394,-0.22654,1.52938,-12.42970,5.42171,1.39776,-2.69603,-2.51329,-1.52115,-1.49241,-3.22899,-1.47748,0.88117,-5.84548,-2.66639,-2.33129,0.61286,-12.27826,0.25681,0.08427,-1.33986,1.80267,-4.13420,-2.57816,-5.58076,-0.49774,-5.98440,-5.09988,-4.04003,-1.06086,-2.24972,-12.47025,-0.87289,-0.58061,-4.30042,-5.49687,-4.09215,-0.48698,-3.16892,-0.89445,-3.58338,1.94642,-4.43647,-0.69468,-1.44554,-12.10469,-2.22007,-0.19436,-3.20920,-3.26418,-3.20827,-2.00581,6.65540,-0.21395,-0.49676,-0.72578,4.11348,-0.75105,7.57203,-12.39901,-1.04940,0.79955,-0.38252,-1.23935,-0.38786,-1.20435,0.30429,-0.95725,-1.18016,-4.59993,-4.81849,-2.28745,0.97604,-12.22823,1.23217,-0.60910,-2.09233,-2.33460,0.86900,-0.72433,-1.24590,0.07550,-3.15990,-5.19720,-2.67756,-1.20471,1.97852,-12.25967,1.26104,1.00378,-2.65246,0.76848,-0.04885,-0.30293,-2.90240,5.36886,0.39049,1.51245,0.81131,6.83972,-2.30430,-12.35862,5.87982,2.56251,0.35405,-0.20507,0.63490,0.61511,-2.49552,-1.20054,-2.63169,-1.64202,-1.97208,-2.22496,-0.98727,-12.31866,2.22983,-2.62303,-4.71354,-3.01164,-2.54241,-2.44750,-0.41683,-0.36222,-2.77384,-3.94209,-4.39916,-1.43013,2.68206,-12.34609,-2.35794,2.66688,-2.39184,-0.90753,-0.56890,-1.22419,-0.36958,-5.66728,-0.51980,-5.55813,0.79344,-2.21675,1.70498,-12.24228,-5.83646,-5.44888,0.79506,-1.96846,-1.32318,-3.52261,-0.94869,2.16057
1.68001,-1.16373,-2.58226,1.32635,0.79208,-0.37875,2.15510,-12.31097,-1.40137,-0.81207,-3.92312,-2.80403,-1.69739,-1.59868,0.88261,2.59416,-3.04243,-3.26684,0.71612,-0.09394,1.65878,-12.43592,5.41235,1.42494,-2.62754,-2.42040,-1.19010,-1.50177,-3.10122,-1.47278,0.87620,-6.05347,-2.43127,-2.22643,0.74723,-12.28772,0.32885,-0.03507,-1.39364,1.79072,-3.86808,-2.45470,-5.73970,-0.33234,-6.05593,-5.08381,-4.24096,-0.95355,-2.29632,-12.47321,-0.64399,-0.41805,-4.29817,-5.43806,-4.07962,-0.30661,-3.31728,-0.94405,-3.77446,1.84284,-4.39378,-0.72021,-1.47454,-12.09729,-2.25118,-0.18536,-3.26226,-3.31354,-3.42173,-1.94652,6.31159,-0.35462,-0.69246,-0.83177,3.91881,-0.85020,7.31066,-12.38464,-1.18908,0.69519,-0.49382,-1.44636,-0.62636,-1.42423,0.15469,-1.16891,-1.40127,-4.83679,-4.81479,-2.41099,0.82694,-12.24112,1.04550,-0.76375,-2.24082,-2.47230,0.73630,-0.87597,-1.20352,0.21585,-3.10608,-5.07088,-2.67151,-1.04873,1.98545,-12.26684,1.28186,1.06616,-2.55561,0.79497,0.23982,-0.24940,-2.95474,5.46769,0.40341,1.51287,0.73881,6.82478,-2.35128,-12.35606,6.02383,2.50283,0.33807,-0.28287,0.64462,0.79897,-2.49970,-0.99277,-2.60448,-1.57366,-1.97991,-2.27118,-0.94905,-12.33494,2.46908,-2.48955,-4.68903,-2.85600,-2.29761,-2.18163,-0.58195,-0.35281,-2.76746,-4.07002,-4.31375,-1.44572,2.66421,-12.36147,-2.15855,2.66024,-2.36476,-0.92510,-0.68050,-1.23811,-0.40007,-5.65602,-0.45474,-5.51124,0.73929,-2.22142,1.77752,-12.23183,-5.84102,-5.44702,0.80191,-1.78816,-1.25290,-3.57407,-0.99088,2.17422
1.97365,-1.18180,-2.63871,1.30817,1.03170,-0.26681,2.51420,-12.54190,-1.38506,-0.76258,-3.88542,-2.86037,-1.52106,-1.66916,1.02116,2.47066,-2.90372,-3.40004,0.71724,-0.03141,1.78345,-12.68532,5.36532,1.38680,-2.56694,-2.37426,-0.88319,-1.60211,-2.97373,-1.46626,0.81574,-6.24858,-2.26269,-2.18527,0.87572,-12.51936,0.32995,-0.12563,-1.49558,1.77060,-3.55597,-2.27739,-5.91768,-0.04206,-6.13497,-5.00217,-4.38575,-0.72934,-2.40165,-12.68882,-0.33148,-0.20780,-4.27675,-5.43672,-4.08312,-0.15746,-3.48381,-1.02844,-3.94022,1.74900,-4.37627,-0.82452,-1.56853,-12.30583,-2.30399,-0.24704,-3.37189,-3.42075,-3.69101,-1.91977,5.96577,-0.52987,-1.02916,-1.05535,3.65728,-1.06037,7.04144,-12.58769,-1.41142,0.60669,-0.74614,-1.74812,-0.89549,-1.67374,-0.04472,-1.45298,-1.63336,-5.07692,-4.86295,-2.57870,0.63733,-12.46120,0.75351,-0.95267,-2.35372,-2.61063,0.53265,-1.10148,-1.03406,0.35369,-3.07681,-4.84979,-2.56221,-0.91402,2.06496,-12.47487,1.22333,1.11452,-2.43520,0.79074,0.50112,-0.18553,-3.00795,5.57842,0.31426,1.47372,0.60501,6.69649,-2.42988,-12.57266,6.27691,2.42080,0.17974,-0.45068,0.59073,0.88771,-2.48388,-0.82124,-2.52019,-1.66086,-1.99970,-2.42229,-0.87912,-12.56496,2.66689,-2.36489,-4.63436,-2.63481,-2.02764,-1.92745,-0.79369,-0.24659,-2.76015,-4.15730,-4.20130,-1.36070,2.59594,-12.59350,-1.92939,2.69576,-2.33228,-0.99805,-0.75513,-1.21154,-0.43122,-5.58852,-0.42020,-5.33451,0.60125,-2.20585,1.84900,-12.44369,-5.81923,-5.40019,0.71694,-1.68911,-1.20761,-3.55131,-1.00666,2.19830
2.57157,-1.06844,-2.59989,1.35833,1.33818,-0.12673,3.11762,-13.09296,-1.32652,-0.55102,-3.73806,-2.86140,-1.18576,-1.66759,1.09498,2.15115,-2.76623,-3.82450,0.52970,-0.20410,1.88996,-13.24394,5.21052,1.18436,-2.49386,-2.36645,-0.71288,-1.89657,-2.86499,-1.39722,0.64067,-6.55460,-2.12215,-2.15172,1.04594,-13.06654,0.28276,-0.21104,-1.70946,1.71824,-3.17916,-2.04582,-6.08413,0.42555,-6.12214,-4.76618,-4.47834,-0.29812,-2.47445,-13.20484,0.13063,0.14871,-4.19615,-5.45050,-4.17839,-0.01460,-3.63052,-1.12732,-4.07109,1.67950,-4.42231,-0.92874,-1.60341,-12.81693,-2.39704,-0.24658,-3.54126,-3.57472,-4.11455,-1.88269,5.57013,-0.71860,-1.53782,-1.51757,3.20621,-1.37853,6.76737,-13.08859,-1.73302,0.57792,-1.13179,-2.22059,-1.20324,-1.97283,-0.42322,-1.88599,-1.96274,-5.44580,-5.00677,-2.81368,0.34536,-12.98969,0.29820,-1.28278,-2.44471,-2.86993,0.14250,-1.54572,-0.78639,0.61338,-3.07235,-4.47110,-2.30582,-0.67258,2.10197,-12.98728,1.16205,1.21710,-2.25456,0.65199,0.79100,-0.02096,-3.12492,5.68638,0.10917,1.29478,0.25692,6.32782,-2.60321,-13.10887,6.63855,2.33148,-0.19433,-0.79026,0.30897,0.84942,-2.51938,-0.66388,-2.39026,-1.93769,-2.23806,-2.73364,-0.80689,-13.10585,2.81561,-2.15163,-4.61350,-2.30436,-1.84690,-1.59643,-1.16936,-0.11671,-2.80028,-4.26418,-4.10106,-1.20756,2.39854,-13.12494,-1.71697,2.74507,-2.36724,-1.20691,-0.89794,-1.21574,-0.48729,-5.48016,-0.40185,-4.96361,0.38672,-2.25798,2.00367,-12.96835,-5.84033,-5.27847,0.53217,-1.61592,-1.29183,-3.55344,-1.04677,2.25333
3.62371,-0.78753,-2.45693,1.47590,1.88692,-0.01416,4.15798,-13.85806,-1.35772,-0.11050,-3.52495,-2.79594,-0.80801,-1.65623,1.09533,1.60471,-2.63920,-4.48748,0.09212,-0.52651,1.94178,-13.99601,4.86221,0.76421,-2.34943,-2.43095,-0.54900,-2.39610,-2.72432,-1.39123,0.27889,-6.92798,-2.10032,-2.22330,1.18034,-13.83499,-0.01200,-0.34306,-2.06202,1.54709,-2.63486,-1.74488,-6.18477,1.27099,-6.00901,-4.34140,-4.29519,0.58134,-2.63749,-13.91413,0.94321,0.62429,-4.04372,-5.57606,-4.10702,0.12948,-3.72961,-1.16479,-4.01023,1.68622,-4.48715,-1.03430,-1.68830,-13.53898,-2.29435,-0.30930,-3.74241,-3.59855,-4.56494,-1.75072,5.14911,-0.75567,-2.27710,-2.21223,2.40762,-1.80026,6.53167,-13.78897,-2.06801,0.78260,-1.82307,-2.79270,-1.40845,-2.09432,-1.06588,-2.53351,-2.25138,-5.86909,-5.29052,-3.07504,-0.14159,-13.72499,-0.43407,-1.77767,-2.35951,-3.15360,-0.40526,-2.11687,-0.28696,0.82807,-3.11045,-3.84087,-1.76102,-0.43707,2.20285,-13.69088,0.84063,1.13328,-2.03656,0.42387,1.13895,0.16021,-3.16325,5.82681,-0.28986,1.04843,-0.17967,5.77233,-2.84543,-13.86163,7.22528,2.10912,-0.85340,-1.40434,-0.00630,0.61764,-2.44718,-0.60851,-2.10102,-2.48183,-2.54397,-3.25749,-0.62557,-13.85693,2.76730,-1.96452,-4.45478,-1.69640,-1.59169,-1.14514,-1.70363,0.15605,-2.93353,-4.38680,-3.96851,-0.93826,2.03450,-13.86587,-1.48328,2.75338,-2.47692,-1.63962,-0.99712,-1.12023,-0.72116,-5.31122,-0.51372,-4.30622,-0.10281,-2.34528,2.00886,-13.70922,-5.79761,-5.19997,0.11961,-1.69513,-1.51291,-3.48234,-1.04278,2.28941
5.26267,-0.52948,-2.13865,1.21592,2.47244,-0.31580,5.72844,-14.94853,-1.76726,0.35174,-3.31517,-2.58829,-0.52709,-1.73438,0.90790,0.80319,-2.73712,-5.53761,-0.92201,-1.08622,1.93116,-15.07568,4.01843,0.09300,-2.25121,-2.84162,-0.39345,-3.18232,-2.65282,-1.48625,-0.54528,-7.32971,-2.26346,-2.51494,1.16152,-14.98536,-0.60526,-0.60922,-2.68813,0.92817,-2.19451,-1.39632,-5.78939,2.76000,-5.71340,-3.69487,-3.58289,2.01461,-2.68004,-14.98520,2.23682,1.29499,-3.76086,-5.82098,-3.76543,0.30745,-3.94634,-1.10585,-3.83497,1.39781,-4.80349,-1.18725,-1.91855,-14.62156,-1.87111,-0.68270,-4.26089,-3.71265,-5.25321,-1.58917,4.44041,-0.54030,-3.43784,-3.26023,0.65814,-2.43984,6.19167,-14.84438,-2.61278,1.36238,-2.93738,-3.38113,-1.63347,-1.92779,-1.93132,-3.19263,-2.56401,-6.25911,-5.65317,-3.09091,-0.80837,-14.80983,-1.54016,-2.48388,-2.00301,-3.70784,-1.32661,-2.91361,0.63187,0.82363,-3.16360,-2.87718,-1.08510,-0.39236,2.36158,-14.76426,0.13634,0.74318,-1.92811,-0.12902,1.50741,0.13916,-2.89389,6.02925,-1.11335,0.16317,-0.78047,4.80726,-2.89616,-14.98062,7.92121,1.87308,-2.08679,-2.44159,-0.10528,0.19771,-2.42507,-0.57851,-1.53892,-3.51363,-3.13779,-3.76040,-0.38216,-14.95472,2.65446,-1.75054,-4.07893,-0.72358,-1.24516,-0.61131,-2.44952,0.71775,-3.32669,-4.36517,-3.73952,-0.46809,1.44886,-14.97550,-1.17225,2.61742,-2.95490,-2.47103,-1.12336,-0.65764,-1.29152,-4.87320,-1.07411,-3.40980,-1.11107,-2.51984,1.64514,-14.84048,-5.52822,-5.01196,-0.85282,-2.26534,-2.04317,-3.36715,-0.96648,2.39041
6.88695,-0.26532,-1.73551,0.59321,3.08911,-0.83645,7.22551,-15.27251,-2.21458,0.73160,-2.87842,-2.26648,-0.21804,-1.90671,0.48070,-0.37964,-2.83859,-6.53755,-2.26474,-1.77438,1.71372,-15.39691,2.46949,-0.91406,-2.10903,-3.28153,-0.11013,-4.05798,-2.24599,-1.34589,-1.47157,-7.10067,-2.07130,-2.45526,1.09231,-15.41180,-1.39938,-0.80857,-3.06555,0.11619,-1.31593,-0.68749,-4.82132,4.46887,-5.03534,-2.53921,-2.41802,3.64789,-2.59478,-15.28617,3.82858,1.97055,-3.21257,-5.86347,-3.05659,0.54579,-3.87464,-0.84162,-3.50518,0.85151,-5.02696,-1.42947,-2.03614,-14.97996,-1.13426,-1.09022,-4.75603,-3.58367,-5.66501,-1.11079,3.07420,-0.25465,-4.64775,-4.47982,-1.63769,-3.11013,5.18511,-15.13554,-3.25151,1.93212,-4.03783,-3.83577,-1.87523,-1.75051,-3.03855,-3.86165,-2.87723,-6.17888,-5.74555,-2.95207,-1.87380,-15.15269,-2.97757,-3.32912,-1.48313,-4.18393,-2.53316,-3.77425,1.90464,0.96910,-3.07779,-1.30862,-0.12214,-0.25109,2.45200,-15.12172,-0.70929,0.37175,-1.79443,-0.93910,2.08131,0.14422,-2.27262,5.89021,-1.92536,-1.01410,-1.40439,3.37425,-2.74949,-15.37488,8.14106,1.39795,-3.33225,-3.45904,-0.03473,-0.35029,-2.14288,-0.31501,-0.71972,-4.55308,-3.63518,-4.03706,0.02448,-15.27388,2.32553,-1.35878,-3.24607,0.62991,-0.34513,0.40544,-3.27314,1.48348,-3.69840,-3.96793,-3.26247,0.13508,0.60034,-15.35732,-0.63442,2.22568,-3.35552,-3.34295,-1.26576,0.02706,-1.86232,-3.94066,-1.67405,-1.95639,-2.18021,-2.54663,1.05051,-15.24166,-4.75311,-4.51143,-1.85011,-2.73154,-2.62937,-3.03114,-0.71188,2.35934
7.69149,-0.10085,-1.31100,0.07226,3.64951,-1.07024,8.11254,-14.76995,-2.34652,1.00371,-2.20108,-1.77447,0.18948,-1.92860,0.23303,-1.06444,-2.68318,-6.78846,-2.86011,-1.90461,1.71818,-14.85757,1.48400,-1.49705,-1.78436,-3.03566,0.41230,-4.22245,-1.71369,-1.02058,-1.95107,-6.38918,-1.57918,-1.98073,1.16764,-14.92919,-1.66826,-0.69983,-2.98683,-0.23376,-0.21527,0.07553,-4.04510,5.19822,-4.35332,-1.80173,-1.42821,4.66540,-2.34165,-14.77826,4.76600,2.21876,-2.73964,-5.54420,-2.46005,0.42620,-3.55872,-0.55334,-3.18761,0.42839,-4.77456,-1.27276,-1.91352,-14.50979,-0.38753,-1.32670,-4.75966,-3.30497,-5.26244,-0.52274,1.91537,-0.16963,-5.24601,-5.03402,-3.11935,-3.34655,4.29030,-14.62192,-3.52538,2.21146,-4.60250,-3.84236,-1.87390,-1.55738,-3.60653,-3.95399,-2.89393,-5.54734,-5.21373,-2.49520,-2.46018,-14.67023,-3.63685,-3.51364,-1.01869,-4.15965,-2.92797,-3.83707,2.53729,1.01588,-2.90413,-0.29384,0.63924,-0.18556,2.21730,-14.63717,-1.14924,-0.00309,-1.66813,-1.53721,2.53980,0.16085,-2.01262,5.27444,-2.60959,-1.76514,-1.85165,2.13044,-2.69025,-14.91418,7.75975,0.83676,-4.13790,-3.98103,-0.18076,-0.85235,-2.00611,-0.04333,-0.16428,-4.97456,-3.63902,-3.99943,0.16443,-14.73176,1.89296,-1.05885,-2.22834,1.55402,0.51053,1.35126,-3.79312,1.67203,-3.78293,-3.50015,-2.74444,0.38167,0.03987,-14.92106,-0.36360,1.57345,-3.35657,-3.75865,-1.53299,0.19078,-1.90644,-3.00086,-1.87581,-0.70279,-2.56388,-2.27053,0.85036,-14.77780,-3.84020,-3.83244,-2.28325,-2.72807,-2.53206,-2.42947,-0.55039,2.16046
7.93535,-0.12024,-1.06915,-0.30957,3.98316,-1.14481,8.45848,-14.31914,-2.30220,1.11287,-1.73580,-1.51518,0.36722,-1.85575,-0.03858,-1.39365,-2.51537,-6.79481,-3.19341,-1.91186,1.65682,-14.34599,1.11441,-1.70685,-1.64096,-2.75403,0.53978,-4.20989,-1.46132,-0.80343,-2.15279,-5.87767,-1.18221,-1.65585,1.21320,-14.46057,-1.60044,-0.55541,-2.86912,-0.36441,0.26586,0.53038,-3.64847,5.39099,-3.84151,-1.35142,-0.97294,5.10998,-2.14975,-14.31477,5.14559,2.43594,-2.43123,-5.16185,-2.22144,0.28924,-3.33125,-0.46879,-3.00485,0.24000,-4.56143,-1.10959,-1.67327,-14.06098,0.06085,-1.37862,-4.66085,-3.08854,-4.90835,-0.17737,1.37872,-0.16144,-5.28205,-5.10123,-3.78663,-3.28489,3.85659,-14.20999,-3.49746,2.39809,-4.68970,-3.60220,-1.73741,-1.47617,-3.73398,-3.90172,-2.76782,-5.10875,-4.71946,-2.07657,-2.55992,-14.23213,-3.68760,-3.45941,-0.68053,-4.00065,-2.95618,-3.74387,2.74700,1.05367,-2.63288,0.20220,1.06390,-0.05587,2.02121,-14.19369,-1.17382,-0.02650,-1.52535,-1.70517,2.83205,0.20615,-1.99642,4.72924,-2.97341,-2.21240,-2.04004,1.46958,-2.62670,-14.47128,7.42395,0.52816,-4.50630,-4.12304,-0.38706,-1.11215,-2.09082,0.01324,0.12275,-5.04197,-3.63468,-3.94353,0.11709,-14.26569,1.57576,-0.82415,-1.66508,2.01103,0.75480,1.82750,-4.02091,1.39927,-3.86211,-3.28236,-2.38946,0.37015,-0.18623,-14.50347,-0.38263,1.01045,-3.33602,-3.99623,-1.89750,0.02314,-1.81219,-2.57789,-1.83624,0.01282,-2.64094,-2.11089,0.87496,-14.33845,-3.33456,-3.32241,-2.41837,-2.58232,-2.49349,-2.14615,-0.51820,2.09823
7.96447,-0.10284,-1.05160,-0.42826,4.08091,-1.12743,8.49218,-14.13519,-2.28029,1.18741,-1.66710,-1.55364,0.38908,-1.79994,-0.10419,-1.42829,-2.39843,-6.78187,-3.35724,-1.87446,1.59910,-14.12444,1.12762,-1.72459,-1.61705,-2.63167,0.49006,-4.18389,-1.36303,-0.68431,-2.19068,-5.72697,-1.11372,-1.56633,1.24165,-14.25918,-1.51803,-0.46730,-2.87711,-0.36936,0.35593,0.72234,-3.67973,5.39273,-3.70667,-1.28607,-1.01071,5.18962,-2.23185,-14.12902,5.22565,2.48966,-2.37115,-5.08962,-2.24811,0.18024,-3.26511,-0.47013,-2.93732,0.22137,-4.57287,-1.09564,-1.61917,-13.88351,0.15273,-1.41886,-4.63477,-3.02735,-4.83037,-0.11836,1.28303,-0.13900,-5.20254,-5.07877,-3.99003,-3.20361,3.72258,-14.05197,-3.43367,2.47406,-4.73033,-3.57845,-1.64648,-1.47068,-3.73189,-3.92262,-2.68680,-5.06759,-4.65354,-2.05288,-2.57018,-14.04707,-3.64480,-3.46622,-0.61115,-3.91656,-2.98270,-3.74200,2.80962,1.06883,-2.47361,0.22711,1.16228,-0.05752,1.93914,-14.01598,-1.15961,-0.03790,-1.45708,-1.71967,2.88760,0.19574,-2.06947,4.50913,-3.08655,-2.37682,-2.10566,1.26119,-2.66232,-14.28477,7.31065,0.38785,-4.63326,-4.20686,-0.60833,-1.25979,-2.13497,-0.02996,0.16715,-5.05828,-3.65697,-4.03663,0.06891,-14.07255,1.39472,-0.76798,-1.62228,2.03062,0.64441,1.90629,-4.08390,1.19740,-3.92853,-3.36324,-2.34255,0.27670,-0.25109,-14.30742,-0.48209,0.79346,-3.36554,-4.12386,-2.18043,-0.19638,-1.78377,-2.55712,-1.79881,0.16679,-2.74373,-2.16826,0.89060,-14.15336,-3.32002,-3.18142,-2.49189,-2.52870,-2.58579,-2.10535,-0.47191,2.20906
7.75276,-0.26589,-1.39046,-0.57903,3.94623,-1.34372,8.31085,-13.82651,-2.51620,1.08005,-1.98157,-1.97130,0.07033,-1.93939,-0.19117,-1.40585,-2.49162,-6.93391,-3.44918,-1.85671,1.42164,-13.80459,1.27921,-1.85320,-1.63530,-2.66926,0.46619,-4.37709,-1.32894,-0.45691,-2.07611,-5.64225,-1.16896,-1.29584,1.20776,-13.95636,-1.41477,-0.44409,-2.78211,-0.20515,0.42702,0.82174,-3.88986,5.59516,-3.83314,-1.27662,-1.24732,5.31673,-2.56997,-13.81697,5.51834,2.44256,-2.41639,-5.28699,-1.87971,0.44747,-3.18623,-0.43343,-2.80360,0.22888,-4.72003,-1.07481,-1.64655,-13.62378,0.26411,-1.46073,-4.74319,-2.94068,-4.66783,0.08612,1.50468,-0.01853,-4.97685,-4.98365,-3.75439,-2.99175,3.92991,-13.75082,-3.30918,2.51629,-4.65892,-3.48572,-1.32050,-1.23937,-3.75673,-4.09119,-2.58830,-5.11962,-5.00433,-2.28096,-2.53007,-13.76124,-3.71392,-3.64856,-0.65526,-3.73981,-2.99129,-3.71745,2.83527,0.97815,-2.56961,-0.08156,1.06531,-0.27636,1.99452,-13.72046,-1.31964,-0.19644,-1.46722,-1.70977,2.74469,-0.06842,-2.19158,4.37434,-3.01619,-2.54789,-1.91990,1.38562,-2.88713,-13.99103,7.22294,0.08521,-4.48472,-4.45766,-0.59755,-1.54276,-2.05778,-0.13050,-0.03361,-5.20156,-3.47835,-4.10001,-0.06162,-13.74921,1.31160,-1.03131,-2.03496,1.73893,0.60902,1.85781,-4.02997,1.43076,-3.94661,-3.43107,-2.44665,0.46944,-0.21070,-13.99015,-0.41811,1.05117,-3.47300,-4.13836,-2.15060,0.09258,-1.88948,-2.73646,-1.85085,-0.02020,-2.89226,-2.36927,0.83780,-13.85690,-3.56855,-3.41083,-2.44574,-2.54730,-2.84132,-1.97699,-0.37574,2.46946
8.00891,-0.10308,-0.91780,0.01806,4.54358,-0.75427,8.47547,-11.94196,-2.02709,1.53694,-1.60866,-1.41706,0.75164,-1.38598,-0.18149,-1.45150,-2.10000,-6.84647,-3.10540,-1.61867,1.41838,-11.92659,1.80030,-1.84598,-1.30286,-2.23408,0.42940,-4.01332,-2.04297,-0.73716,-2.10985,-5.46598,-1.35684,-1.28142,0.83379,-11.99940,-1.24696,-0.37017,-2.82637,0.18189,0.02012,1.03255,-4.13545,5.32672,-3.59710,-0.67667,-1.06239,5.57658,-2.63476,-11.99301,5.43906,2.66483,-2.07878,-4.97534,-1.95129,0.46178,-3.10545,-0.87400,-2.32797,0.76225,-4.39531,-0.90398,-1.57808,-11.80579,0.23531,-1.62718,-4.39693,-2.55756,-4.61337,-0.16158,1.86079,-0.22732,-4.52920,-4.83746,-3.38450,-2.87932,4.16218,-11.89958,-3.08821,2.55910,-4.43321,-3.13124,-0.61739,-0.90051,-3.60367,-4.22808,-2.09177,-4.90630,-4.72677,-2.00998,-2.55092,-11.92871,-3.22571,-3.61309,-0.07261,-3.27077,-2.54958,-3.38337,2.83542,0.97402,-1.91915,0.54749,1.72321,0.11183,2.13602,-11.90989,-0.78501,-0.02075,-0.86089,-1.04145,2.75970,0.46137,-2.24629,4.27360,-2.83794,-2.05186,-1.52711,1.67580,-2.87701,-12.09770,7.62448,0.42752,-4.23245,-4.14837,-0.35659,-1.29020,-2.26869,-0.72848,0.03137,-5.18627,-3.45272,-4.05365,0.01837,-11.88350,1.11646,-1.09819,-2.04754,2.06959,0.30368,1.52536,-3.83382,0.90385,-3.55569,-3.35072,-2.04314,0.82572,0.07182,-12.05088,-0.80330,0.98520,-3.01699,-3.63229,-1.87302,-0.03056,-1.78788,-3.11834,-1.65173,0.60009,-2.51609,-2.08639,0.88681,-12.00501,-3.51674,-3.34794,-2.19189,-2.30566,-2.46922,-1.87891,-0.49552,2.42241
