0.85593,4.01212,-4.63080,-5.63027,-3.02987,-2.16535,-3.35101,-16.00569,0.65221,-1.76822,-4.43045,-8.66713,-1.23811,-2.33213,-3.94680,0.19407,-2.31897,-6.44670,-8.40945,-6.17548,-4.49796,-16.19554,-3.87531,-2.45319,-4.86938,-2.68750,-5.31301,-1.91711,0.24221,4.49130,-3.31536,-3.39101,-1.38942,-0.31772,-1.10089,-16.23458,-3.54460,0.20254,-2.55730,-5.19670,-3.76366,0.24625,-2.76140,-0.03485,-3.27867,-0.02915,-8.49226,-5.85976,-3.92250,-16.12467,-4.04443,-3.53199,-5.11059,-6.04554,-8.73749,-3.66569,4.56712,0.56187,-4.78673,-5.60708,-3.99037,-7.57630,2.44211,-15.78617,-6.46762,-0.25709,-4.88923,-5.69508,-4.28516,-2.61677,-0.92566,1.43357,-1.73957,-7.44529,-4.91133,-2.81666,-3.84860,-16.22981,-2.84059,-2.98228,-1.43094,-6.65618,-2.97483,-5.82307,-0.71250,1.68716,-3.35364,-4.38171,-4.48555,-4.61381,-3.20687,-16.06185,-2.23817,-3.86356,-5.23991,-3.50230,-2.77793,-1.37639,1.14291,11.22907,-2.19876,1.61575,-4.44757,2.32180,-2.19745,-16.02427,4.64189,5.73379,-3.38785,-4.51297,0.81735,2.94881,-1.31147,1.10007,-0.53011,-3.97470,-6.63551,-4.65345,-2.42681,-16.23839,-1.59687,-2.96474,-1.22712,-2.86530,-5.18656,-1.78139,1.22363,1.71494,-4.02055,-4.29901,-6.37229,-4.59014,-0.50904,-15.98673,-5.92668,-0.17267,-5.05653,-4.76345,-2.28470,-1.45253,-1.84800,-0.57050,-3.88022,-4.94524,-5.64925,-3.63961,-2.98377,-16.22164,-4.07616,-4.19724,-2.75119,-7.27652,-4.67125,-6.01303,3.88438,1.72794,-0.11546,-0.19303,-1.26630,-3.32398,0.87818,-16.15416,-4.56119,-0.28878,-0.67898,-1.72684,-3.12629,-4.11677,3.35325,2.73720
1.00696,3.94211,-4.58220,-5.83217,-3.24082,-2.50013,-3.05161,-17.49655,0.40180,-1.82516,-4.30014,-8.54685,-1.39693,-2.46425,-4.22476,0.20236,-2.81255,-6.73488,-8.62102,-6.26945,-4.73146,-17.64791,-3.94717,-2.80226,-5.16881,-3.47028,-5.63334,-2.51231,0.32275,4.34863,-3.41891,-3.76587,-1.49831,-0.65289,-1.06373,-17.71581,-3.74889,0.05439,-2.86998,-5.44983,-3.80947,-0.14212,-2.53487,0.18302,-3.42488,-0.50639,-8.35879,-5.65764,-3.80214,-17.61148,-4.25561,-3.47279,-5.32454,-6.42956,-8.91717,-3.81600,4.17981,0.63756,-5.15717,-5.76533,-4.69338,-7.76027,2.10544,-17.22905,-6.59704,-0.40937,-5.15995,-6.12218,-4.58598,-2.60928,-0.90667,1.48615,-2.33539,-7.73522,-5.23944,-3.21074,-3.83934,-17.69413,-3.16819,-2.63960,-1.87005,-7.05847,-3.69180,-6.03829,-1.15618,1.72327,-3.61359,-4.94260,-4.86058,-4.87702,-3.62970,-17.50069,-2.30917,-4.10141,-5.42802,-3.96394,-3.34468,-2.07352,0.83092,11.11821,-2.53019,1.18943,-5.11456,1.80867,-2.48102,-17.48803,4.27221,5.54724,-3.66102,-4.80900,0.34950,2.60661,-1.56473,1.63029,-1.00074,-4.16421,-7.10692,-4.54927,-2.74237,-17.70521,-1.48000,-2.82032,-1.57040,-3.38028,-5.21101,-1.93007,1.20415,1.90333,-3.77949,-4.32778,-6.49521,-4.65937,-0.61548,-17.47133,-5.88827,-0.20350,-4.85745,-4.82201,-2.22231,-1.25029,-1.48720,-0.26058,-3.96898,-5.05085,-5.57139,-3.70918,-2.75538,-17.71187,-3.92835,-4.08373,-3.09978,-7.49092,-4.45840,-5.94203,3.68127,1.86097,-0.12921,-0.55753,-1.81263,-3.62586,0.90080,-17.64176,-4.34887,-0.14656,-0.78537,-1.68045,-3.27749,-4.29942,3.47243,2.89069
1.07848,3.41730,-4.58307,-5.90197,-3.41543,-2.89064,-2.79427,-17.26574,0.08509,-1.80130,-4.41427,-8.25040,-1.50763,-2.55538,-4.06191,0.12090,-2.77411,-6.79462,-8.27544,-6.05017,-4.34471,-17.38975,-4.06167,-2.53929,-4.92786,-3.30950,-5.51155,-2.36926,0.05812,4.04329,-3.22268,-3.52278,-1.28273,-0.56775,-1.31701,-17.45927,-3.75756,-0.36127,-2.61572,-5.41329,-4.12138,-0.33746,-2.47247,0.27599,-3.63808,-0.35116,-8.24965,-5.60256,-3.74033,-17.33685,-4.10674,-3.30854,-5.59087,-6.47501,-9.04697,-3.80767,3.97285,0.61076,-5.11438,-5.97106,-4.83021,-7.87268,1.91837,-17.02060,-6.42384,-0.28503,-4.96656,-6.11956,-4.79181,-2.67967,-1.08387,1.00259,-2.27928,-7.87780,-5.29822,-3.45951,-3.85807,-17.41943,-3.63802,-2.76872,-1.80254,-7.00342,-3.99745,-6.06859,-1.15338,2.00656,-3.78079,-4.46077,-4.66009,-4.48590,-3.68986,-17.24612,-1.99602,-3.77974,-5.40298,-4.17588,-3.15907,-1.80481,1.14216,11.10653,-2.15963,1.46751,-4.98390,1.84685,-2.17285,-17.21486,4.55916,5.65965,-3.32112,-4.26688,0.45822,2.56292,-1.33237,1.72960,-0.81550,-4.18836,-6.92861,-4.41540,-2.40499,-17.44655,-1.11461,-2.66999,-1.52989,-3.08694,-4.90089,-1.81147,0.67154,1.72361,-3.78887,-4.49357,-6.84925,-4.68849,-0.96212,-17.22957,-5.65334,-0.26612,-4.80837,-4.79424,-2.03562,-1.18643,-1.37526,-0.30087,-3.75291,-4.64302,-5.09987,-3.49062,-2.49803,-17.44559,-4.02452,-3.92995,-2.88947,-7.07955,-4.41933,-5.83246,3.88264,1.99762,0.15120,-0.11725,-1.37543,-3.18706,1.03580,-17.38611,-4.01087,0.08277,-0.60767,-1.74051,-2.95511,-4.20055,3.41740,2.85338
1.14453,3.25506,-4.54001,-5.83691,-3.35081,-2.93922,-2.72635,-16.91887,0.05843,-1.82912,-4.36203,-8.10521,-1.45608,-2.56363,-3.99696,0.16649,-2.68769,-6.74372,-8.13976,-5.89223,-4.27681,-17.02823,-3.99766,-2.39122,-4.79951,-3.19298,-5.38958,-2.27096,-0.08185,3.85651,-3.13758,-3.48104,-1.21614,-0.59336,-1.44381,-17.09426,-3.77422,-0.55763,-2.54566,-5.35628,-4.27908,-0.39170,-2.43325,0.31261,-3.61680,-0.14057,-8.18919,-5.51380,-3.72344,-16.98686,-4.08099,-3.17656,-5.59993,-6.39792,-9.02855,-3.71029,3.91287,0.54162,-5.06691,-5.92747,-4.74339,-7.89192,1.85077,-16.68744,-6.38742,-0.29293,-4.87410,-6.12949,-4.88798,-2.73183,-1.12011,0.81968,-2.18136,-7.84437,-5.28523,-3.57665,-3.87845,-17.05547,-3.78212,-2.79740,-1.73033,-6.88364,-4.09357,-6.10283,-1.18137,2.01648,-3.83352,-4.39602,-4.53839,-4.38441,-3.76286,-16.91030,-1.92433,-3.75031,-5.32421,-4.25387,-3.12931,-1.76686,1.14298,11.05534,-1.95134,1.65578,-4.96054,1.82032,-2.19577,-16.85366,4.63094,5.66966,-3.15212,-4.02898,0.45904,2.50316,-1.18125,1.80778,-0.70835,-4.08889,-6.74556,-4.32908,-2.25310,-17.10277,-0.96253,-2.58677,-1.48868,-2.97158,-4.75628,-1.65077,0.57779,1.69151,-3.66866,-4.38582,-6.95577,-4.66162,-1.00702,-16.88531,-5.53132,-0.18392,-4.73278,-4.67329,-1.95288,-1.11885,-1.27658,-0.37337,-3.65842,-4.51021,-4.90756,-3.43307,-2.33016,-17.08082,-4.07484,-3.85271,-2.75623,-6.87376,-4.35871,-5.72790,3.91469,2.05083,0.31321,0.12586,-1.21205,-2.98658,1.04142,-17.02582,-3.86869,0.16987,-0.46715,-1.67705,-2.77828,-4.17595,3.40715,2.80464
1.16650,3.21570,-4.50296,-5.81387,-3.34826,-2.93170,-2.70703,-16.86137,0.08238,-1.82464,-4.35350,-8.06978,-1.46756,-2.58406,-3.95918,0.17820,-2.66737,-6.74407,-8.12374,-5.85768,-4.23734,-16.96531,-3.96801,-2.31517,-4.79248,-3.15529,-5.37920,-2.22956,-0.17761,3.78979,-3.14576,-3.52341,-1.26569,-0.61053,-1.50503,-17.03089,-3.77074,-0.61350,-2.57669,-5.38168,-4.38936,-0.43182,-2.44432,0.28569,-3.60647,-0.09012,-8.20509,-5.51172,-3.73203,-16.92943,-4.10416,-3.15326,-5.61728,-6.37857,-9.08075,-3.70704,3.88955,0.52699,-5.06720,-5.89778,-4.72289,-7.89899,1.82481,-16.63743,-6.37924,-0.27908,-4.87645,-6.18453,-4.96772,-2.77227,-1.15425,0.72386,-2.16166,-7.88762,-5.34027,-3.67453,-3.89270,-16.98503,-3.82733,-2.80446,-1.73015,-6.86118,-4.17398,-6.14973,-1.17298,1.99717,-3.85184,-4.41850,-4.50185,-4.36837,-3.75950,-16.85942,-1.92184,-3.74085,-5.30802,-4.29694,-3.15318,-1.77696,1.10695,11.01975,-1.88568,1.69583,-4.97675,1.79857,-2.22531,-16.79177,4.68131,5.65417,-3.10960,-3.97966,0.40808,2.44496,-1.11530,1.83274,-0.66311,-4.05464,-6.69962,-4.31961,-2.16792,-17.05387,-0.90184,-2.53702,-1.52271,-2.92256,-4.75013,-1.59800,0.56111,1.69759,-3.61815,-4.36808,-6.99626,-4.63946,-0.98254,-16.82519,-5.46712,-0.11911,-4.72675,-4.65853,-1.96274,-1.10541,-1.27081,-0.45678,-3.63246,-4.51571,-4.90026,-3.45887,-2.27348,-17.01408,-4.13179,-3.84628,-2.74228,-6.81647,-4.40913,-5.72601,3.94720,2.06930,0.34631,0.18123,-1.14607,-2.92263,1.07507,-16.96094,-3.83951,0.22103,-0.46022,-1.68397,-2.71408,-4.17629,3.39621,2.83364
1.16967,3.24105,-4.49044,-5.80190,-3.35622,-2.89930,-2.71235,-16.93394,0.12215,-1.79825,-4.36835,-8.09112,-1.49549,-2.59604,-3.93720,0.16760,-2.66947,-6.74689,-8.15525,-5.88376,-4.21237,-17.03817,-3.96621,-2.29260,-4.83322,-3.14517,-5.42023,-2.23697,-0.21306,3.77856,-3.18731,-3.59517,-1.33548,-0.63541,-1.52363,-17.10455,-3.77311,-0.60578,-2.63024,-5.43886,-4.44087,-0.46185,-2.49654,0.22121,-3.61800,-0.13600,-8.25922,-5.56376,-3.78155,-17.00333,-4.15541,-3.20268,-5.64635,-6.40351,-9.16628,-3.77037,3.89692,0.54718,-5.08637,-5.87052,-4.71062,-7.89609,1.82016,-16.71305,-6.39510,-0.26322,-4.91445,-6.24087,-5.01483,-2.78007,-1.16990,0.70576,-2.17003,-7.92070,-5.40301,-3.73541,-3.91407,-17.05446,-3.81818,-2.79670,-1.75909,-6.88423,-4.23692,-6.18539,-1.14708,1.95738,-3.85873,-4.47404,-4.51754,-4.41819,-3.72165,-16.93368,-1.96528,-3.74471,-5.33057,-4.31165,-3.20938,-1.80269,1.07389,11.00062,-1.89663,1.66610,-5.00450,1.77495,-2.24331,-16.86394,4.68957,5.64258,-3.12202,-4.01952,0.35075,2.39031,-1.10451,1.81326,-0.65640,-4.04893,-6.70750,-4.34690,-2.13817,-17.13302,-0.90987,-2.54040,-1.56419,-2.91585,-4.80447,-1.62434,0.61091,1.74560,-3.59845,-4.36979,-6.98645,-4.60778,-0.92698,-16.89668,-5.43197,-0.06177,-4.74313,-4.68022,-1.96658,-1.09756,-1.29524,-0.50278,-3.63538,-4.57623,-4.96626,-3.50772,-2.27302,-17.08584,-4.15256,-3.86115,-2.76751,-6.82510,-4.46602,-5.76049,3.97194,2.07662,0.33594,0.16328,-1.14837,-2.91595,1.11134,-17.03268,-3.86049,0.25656,-0.49921,-1.69452,-2.69613,-4.16043,3.39242,2.87189
1.16067,3.28869,-4.47509,-5.80031,-3.38106,-2.85912,-2.73044,-17.03095,0.16673,-1.76611,-4.38225,-8.12106,-1.51948,-2.60366,-3.92447,0.14834,-2.67918,-6.74663,-8.20306,-5.92970,-4.20099,-17.13524,-3.97633,-2.29381,-4.88376,-3.15097,-5.48103,-2.25925,-0.22701,3.79399,-3.23758,-3.66495,-1.40859,-0.65610,-1.52493,-17.20457,-3.77241,-0.57334,-2.69480,-5.50351,-4.46945,-0.48522,-2.54310,0.15160,-3.62503,-0.20606,-8.31408,-5.63063,-3.82919,-17.10007,-4.21261,-3.26602,-5.66812,-6.42868,-9.25096,-3.84537,3.90889,0.56967,-5.10422,-5.85149,-4.71057,-7.89032,1.82359,-16.81051,-6.42880,-0.24739,-4.95957,-6.29087,-5.05689,-2.78329,-1.19032,0.70709,-2.19616,-7.95527,-5.46894,-3.78196,-3.94507,-17.15117,-3.79770,-2.79395,-1.79339,-6.92723,-4.29955,-6.21721,-1.11708,1.91301,-3.85748,-4.53539,-4.54580,-4.48431,-3.67561,-17.03151,-2.02167,-3.75067,-5.36203,-4.31595,-3.28382,-1.84247,1.04123,10.98529,-1.93190,1.61081,-5.03542,1.75332,-2.26004,-16.96135,4.68070,5.63246,-3.15182,-4.09491,0.28720,2.34167,-1.11330,1.78188,-0.66182,-4.05930,-6.74644,-4.39177,-2.12908,-17.23581,-0.94422,-2.55032,-1.61262,-2.92269,-4.87890,-1.66501,0.67506,1.80740,-3.58876,-4.37646,-6.96289,-4.57088,-0.86290,-16.99195,-5.40430,-0.00632,-4.76687,-4.71529,-1.98126,-1.09377,-1.32487,-0.53088,-3.63971,-4.63991,-5.05214,-3.55450,-2.29345,-17.18556,-4.15680,-3.88125,-2.80491,-6.85308,-4.52516,-5.79840,3.99099,2.07919,0.30369,0.11186,-1.17722,-2.93881,1.14475,-17.13148,-3.89424,0.28586,-0.55774,-1.70970,-2.70142,-4.14612,3.39230,2.91536
1.16461,3.37267,-4.46126,-5.79420,-3.38900,-2.81232,-2.75775,-17.14274,0.21896,-1.72078,-4.38940,-8.15476,-1.51648,-2.59540,-3.91593,0.15267,-2.68174,-6.72494,-8.25738,-5.97330,-4.20666,-17.25313,-3.97581,-2.29338,-4.93319,-3.14697,-5.54033,-2.27122,-0.21312,3.83726,-3.27766,-3.70852,-1.48319,-0.67445,-1.51548,-17.32405,-3.77552,-0.51182,-2.74154,-5.55070,-4.46480,-0.48376,-2.58321,0.08219,-3.62623,-0.28411,-8.36862,-5.70837,-3.87959,-17.21424,-4.27878,-3.34573,-5.68414,-6.46068,-9.32256,-3.93866,3.93922,0.58588,-5.11188,-5.83277,-4.70452,-7.89421,1.83127,-16.92276,-6.48085,-0.24844,-4.99983,-6.33323,-5.08012,-2.79222,-1.18982,0.73092,-2.22135,-7.97161,-5.51590,-3.81773,-3.97557,-17.26646,-3.77728,-2.79283,-1.82002,-6.96620,-4.33815,-6.24817,-1.08433,1.86734,-3.85153,-4.58935,-4.57917,-4.57108,-3.64398,-17.14600,-2.09097,-3.76803,-5.39933,-4.31560,-3.36253,-1.88576,1.01581,10.97580,-1.98398,1.55817,-5.05942,1.71863,-2.28439,-17.07522,4.64448,5.62618,-3.20433,-4.18687,0.21537,2.30608,-1.13486,1.74091,-0.68009,-4.06807,-6.78640,-4.45164,-2.14323,-17.35503,-1.01029,-2.57989,-1.65975,-2.94200,-4.97654,-1.72331,0.75666,1.87210,-3.58105,-4.37651,-6.93217,-4.54568,-0.79415,-17.10108,-5.41644,0.03493,-4.78341,-4.74965,-2.00671,-1.09292,-1.34754,-0.54088,-3.64882,-4.70349,-5.14770,-3.60823,-2.32771,-17.30658,-4.16558,-3.90505,-2.83221,-6.90696,-4.57509,-5.84411,4.00808,2.08238,0.26707,0.05309,-1.22752,-2.97702,1.16116,-17.24784,-3.93770,0.30381,-0.61490,-1.72782,-2.71343,-4.13268,3.40523,2.93732
1.16740,3.46049,-4.44428,-5.78801,-3.39655,-2.76963,-2.79194,-17.23424,0.26825,-1.68001,-4.38454,-8.18029,-1.49474,-2.58035,-3.91215,0.15747,-2.68418,-6.69808,-8.30079,-6.01654,-4.22193,-17.35001,-3.97719,-2.30018,-4.97389,-3.14034,-5.59020,-2.27638,-0.18763,3.89456,-3.30447,-3.72756,-1.54299,-0.68031,-1.50064,-17.42378,-3.77324,-0.44492,-2.76890,-5.57755,-4.43634,-0.46936,-2.60346,0.02536,-3.61645,-0.34612,-8.40478,-5.77970,-3.91381,-17.30628,-4.33387,-3.42179,-5.68561,-6.47894,-9.36878,-4.01904,3.97401,0.59534,-5.11096,-5.81966,-4.69358,-7.89740,1.84588,-17.01396,-6.53580,-0.25675,-5.02932,-6.36145,-5.08536,-2.80114,-1.18516,0.75509,-2.24594,-7.97970,-5.54052,-3.84053,-4.00183,-17.36343,-3.76456,-2.80327,-1.83415,-6.99749,-4.36124,-6.27399,-1.05210,1.82695,-3.84136,-4.62419,-4.60168,-4.64875,-3.61876,-17.24050,-2.15898,-3.78989,-5.42994,-4.30679,-3.43003,-1.92686,0.99813,10.96967,-2.03963,1.51667,-5.07232,1.68792,-2.30595,-17.16810,4.60124,5.62131,-3.25692,-4.27886,0.14558,2.28450,-1.15736,1.69931,-0.70014,-4.07568,-6.82379,-4.51421,-2.16375,-17.45235,-1.08553,-2.60865,-1.69439,-2.95913,-5.06898,-1.77513,0.83305,1.93335,-3.57855,-4.37614,-6.89800,-4.52003,-0.73526,-17.18789,-5.43727,0.06406,-4.79446,-4.78144,-2.03280,-1.09436,-1.36125,-0.53168,-3.65335,-4.74458,-5.23342,-3.64563,-2.36497,-17.40982,-4.16512,-3.92377,-2.84939,-6.95600,-4.60408,-5.87713,4.02161,2.09051,0.22929,0.00131,-1.27399,-3.01486,1.17012,-17.34436,-3.97084,0.31582,-0.66120,-1.74580,-2.72250,-4.11843,3.41848,2.94281
1.19204,3.55543,-4.41807,-5.76836,-3.38419,-2.72855,-2.81573,-17.28498,0.31867,-1.63102,-4.35746,-8.17884,-1.43293,-2.54227,-3.91004,0.17433,-2.66974,-6.66683,-8.32450,-6.04207,-4.24159,-17.40904,-3.96685,-2.30665,-4.98548,-3.11557,-5.62124,-2.26716,-0.16053,3.95194,-3.31280,-3.70792,-1.58627,-0.68328,-1.49078,-17.48208,-3.77251,-0.37900,-2.76929,-5.57090,-4.39146,-0.43086,-2.60131,-0.00646,-3.59748,-0.37465,-8.40909,-5.82218,-3.92733,-17.35723,-4.37363,-3.47576,-5.66851,-6.48680,-9.38264,-4.08620,4.01005,0.58532,-5.09061,-5.80852,-4.67008,-7.90312,1.85695,-17.06498,-6.58882,-0.28411,-5.03373,-6.37033,-5.07651,-2.82458,-1.16322,0.77701,-2.26611,-7.96929,-5.53492,-3.85356,-4.01862,-17.41872,-3.76356,-2.82070,-1.83269,-7.00990,-4.34849,-6.28929,-1.03205,1.80085,-3.82522,-4.63014,-4.61657,-4.70879,-3.61939,-17.29437,-2.21466,-3.81195,-5.44056,-4.29318,-3.47369,-1.95437,0.99730,10.96969,-2.07486,1.51634,-5.05483,1.66724,-2.32405,-17.21968,4.55553,5.62736,-3.29557,-4.34505,0.08921,2.29610,-1.17759,1.66700,-0.72342,-4.07490,-6.84700,-4.57360,-2.19203,-17.50794,-1.15573,-2.63283,-1.71811,-2.97849,-5.14696,-1.81826,0.89012,1.97334,-3.57452,-4.37372,-6.87966,-4.51085,-0.69256,-17.23291,-5.48356,0.07592,-4.78717,-4.79092,-2.06318,-1.09963,-1.35973,-0.51066,-3.64816,-4.75720,-5.28474,-3.66128,-2.40033,-17.47344,-4.17231,-3.93573,-2.83143,-6.99817,-4.60386,-5.90060,4.02701,2.10254,0.20124,-0.01919,-1.31378,-3.04185,1.16040,-17.40186,-3.98843,0.31502,-0.68839,-1.76490,-2.71803,-4.10589,3.43496,2.92082
1.20733,3.57937,-4.40346,-5.75433,-3.37229,-2.72504,-2.82125,-17.23159,0.33790,-1.60860,-4.32927,-8.14402,-1.37772,-2.51061,-3.91256,0.17493,-2.64848,-6.64663,-8.29582,-6.03143,-4.25329,-17.35914,-3.96405,-2.30951,-4.95790,-3.08480,-5.61265,-2.25454,-0.15092,3.96093,-3.29305,-3.64690,-1.57268,-0.67641,-1.51028,-17.43017,-3.77157,-0.37710,-2.73131,-5.54301,-4.35449,-0.40373,-2.56342,0.01070,-3.57166,-0.32582,-8.36621,-5.80846,-3.90343,-17.30060,-4.36778,-3.46313,-5.64508,-6.45817,-9.34752,-4.08025,4.04147,0.57012,-5.04939,-5.80640,-4.63228,-7.91015,1.87416,-17.01233,-6.59689,-0.30057,-4.99411,-6.33750,-5.04970,-2.83081,-1.15467,0.76263,-2.25953,-7.94788,-5.50425,-3.85772,-4.02740,-17.37058,-3.78881,-2.84518,-1.81064,-6.98796,-4.32807,-6.29004,-1.03625,1.79947,-3.82249,-4.58846,-4.59527,-4.70505,-3.63937,-17.24063,-2.22311,-3.81485,-5.42394,-4.28595,-3.47037,-1.95831,1.02279,10.97479,-2.05726,1.57638,-5.00644,1.68261,-2.31822,-17.16335,4.53884,5.64519,-3.27837,-4.32952,0.07734,2.32039,-1.16341,1.65518,-0.72892,-4.05798,-6.82413,-4.58914,-2.19526,-17.45365,-1.17732,-2.63813,-1.70626,-2.97367,-5.14382,-1.81776,0.88914,1.96992,-3.56718,-4.36672,-6.88935,-4.50671,-0.69667,-17.17218,-5.51344,0.07759,-4.76130,-4.76673,-2.05198,-1.09228,-1.32916,-0.48600,-3.61942,-4.70737,-5.24463,-3.62551,-2.39088,-17.42895,-4.16536,-3.92611,-2.77821,-6.97259,-4.55388,-5.87924,4.02500,2.12349,0.21119,0.03476,-1.30787,-3.01675,1.14221,-17.34935,-3.95147,0.32559,-0.67306,-1.76587,-2.69509,-4.09113,3.44180,2.87539
1.23019,3.54487,-4.39107,-5.72531,-3.33368,-2.74089,-2.79068,-17.08789,0.32986,-1.60217,-4.29689,-8.07386,-1.33474,-2.47018,-3.90909,0.18049,-2.61404,-6.62776,-8.22777,-5.98109,-4.25049,-17.21608,-3.95148,-2.29399,-4.89380,-3.05152,-5.56897,-2.23036,-0.17761,3.89737,-3.25969,-3.59249,-1.52773,-0.69423,-1.56131,-17.28140,-3.77895,-0.44836,-2.68082,-5.50815,-4.35772,-0.40298,-2.51815,0.06853,-3.55024,-0.22578,-8.30202,-5.74277,-3.86562,-17.15401,-4.33834,-3.39211,-5.61695,-6.40614,-9.28474,-4.02148,4.04626,0.54635,-5.00121,-5.80597,-4.58610,-7.91560,1.86681,-16.86973,-6.56291,-0.31484,-4.92140,-6.28590,-5.03160,-2.83376,-1.14593,0.72981,-2.22650,-7.90935,-5.45889,-3.85639,-4.02024,-17.22962,-3.82587,-2.85017,-1.78306,-6.93746,-4.29314,-6.26744,-1.06175,1.82403,-3.82611,-4.52910,-4.54871,-4.63997,-3.67645,-17.09391,-2.17622,-3.79159,-5.38225,-4.28707,-3.40970,-1.92891,1.06054,10.98279,-1.97575,1.69123,-4.94879,1.72714,-2.29378,-17.01364,4.55616,5.67346,-3.20531,-4.21682,0.11786,2.36579,-1.12515,1.68215,-0.72689,-4.01544,-6.75816,-4.55293,-2.17861,-17.30565,-1.12856,-2.62065,-1.67228,-2.95758,-5.06499,-1.76840,0.82624,1.91701,-3.54893,-4.34952,-6.93180,-4.52263,-0.74669,-17.02248,-5.52475,0.06707,-4.71602,-4.71019,-2.02083,-1.09219,-1.27810,-0.49089,-3.57868,-4.63928,-5.12285,-3.56927,-2.34155,-17.28705,-4.16743,-3.91291,-2.70086,-6.90534,-4.47813,-5.83895,3.99895,2.13779,0.25448,0.14346,-1.27543,-2.94735,1.10769,-17.20156,-3.88138,0.34329,-0.62627,-1.74679,-2.64970,-4.08730,3.44007,2.81752
1.24093,3.46303,-4.41144,-5.70741,-3.33712,-2.78570,-2.73502,-16.95639,0.30437,-1.58500,-4.31718,-8.01165,-1.34471,-2.46127,-3.90076,0.17451,-2.57993,-6.63250,-8.15386,-5.89921,-4.21146,-17.07418,-3.94710,-2.24929,-4.82042,-3.02226,-5.51481,-2.21944,-0.21974,3.78252,-3.22613,-3.56094,-1.47925,-0.71204,-1.62330,-17.13610,-3.80499,-0.57862,-2.64860,-5.50009,-4.39317,-0.44066,-2.48961,0.13530,-3.57203,-0.12750,-8.25883,-5.65091,-3.84423,-17.01445,-4.28465,-3.29731,-5.64142,-6.38753,-9.23543,-3.95410,4.03465,0.54017,-4.94887,-5.80700,-4.56065,-7.92453,1.85134,-16.73606,-6.48612,-0.29935,-4.84110,-6.22741,-5.03261,-2.82416,-1.17132,0.66670,-2.19233,-7.91380,-5.44749,-3.88158,-4.02642,-17.09622,-3.87726,-2.84755,-1.78751,-6.90826,-4.31985,-6.24808,-1.13271,1.84300,-3.87579,-4.49406,-4.53153,-4.58280,-3.73583,-16.95732,-2.11219,-3.75826,-5.37447,-4.33079,-3.37552,-1.90868,1.10463,10.97288,-1.87440,1.78584,-4.90196,1.76683,-2.25029,-16.87132,4.58067,5.68428,-3.09716,-4.06123,0.14786,2.36103,-1.06970,1.71149,-0.71371,-3.97634,-6.67868,-4.49538,-2.13374,-17.16327,-1.04450,-2.61006,-1.64555,-2.94555,-4.98161,-1.72608,0.74433,1.83274,-3.53984,-4.35379,-6.99368,-4.56716,-0.80703,-16.89281,-5.51974,0.05189,-4.69485,-4.66645,-1.97682,-1.07663,-1.21719,-0.49527,-3.52806,-4.58251,-4.96535,-3.50343,-2.25805,-17.14554,-4.15478,-3.87698,-2.63812,-6.80260,-4.41235,-5.80456,3.97689,2.15959,0.32912,0.27504,-1.23283,-2.84965,1.08674,-17.06157,-3.78076,0.38319,-0.57503,-1.72370,-2.61055,-4.07326,3.43553,2.79117
1.23545,3.43581,-4.40462,-5.69206,-3.37814,-2.80316,-2.70970,-16.88557,0.31787,-1.55326,-4.34360,-7.97722,-1.38343,-2.45926,-3.88991,0.14918,-2.54573,-6.64500,-8.15955,-5.88456,-4.17955,-16.99186,-3.96706,-2.22418,-4.78048,-2.99804,-5.52658,-2.23723,-0.26494,3.69251,-3.23930,-3.59412,-1.49286,-0.75144,-1.67212,-17.05191,-3.84018,-0.66819,-2.67934,-5.54819,-4.46058,-0.50341,-2.48832,0.14170,-3.58351,-0.08791,-8.25366,-5.61621,-3.85705,-16.93786,-4.27707,-3.25733,-5.66744,-6.38232,-9.24750,-3.95093,4.04380,0.55720,-4.90429,-5.78563,-4.53124,-7.90244,1.85031,-16.66393,-6.44546,-0.26470,-4.80079,-6.19917,-5.05861,-2.81826,-1.21044,0.63687,-2.17359,-7.94112,-5.49491,-3.91283,-4.05136,-17.01995,-3.88484,-2.83549,-1.80968,-6.90859,-4.37202,-6.22721,-1.17623,1.83498,-3.90512,-4.51175,-4.55549,-4.57998,-3.75613,-16.88289,-2.09360,-3.72891,-5.39105,-4.36031,-3.41359,-1.90663,1.10510,10.94639,-1.81289,1.80958,-4.89390,1.78229,-2.24195,-16.79300,4.58522,5.67707,-3.02650,-4.00730,0.12276,2.31152,-1.04169,1.70498,-0.70356,-3.97276,-6.66418,-4.49876,-2.10713,-17.08690,-1.01481,-2.61848,-1.66504,-2.95963,-4.98427,-1.73112,0.71094,1.80238,-3.53754,-4.36199,-7.04601,-4.58984,-0.82667,-16.82628,-5.49940,0.08463,-4.71053,-4.66702,-1.98396,-1.07804,-1.20590,-0.52173,-3.49183,-4.58533,-4.90819,-3.48813,-2.22839,-17.06164,-4.16059,-3.86712,-2.61924,-6.74770,-4.42918,-5.80279,3.96719,2.18134,0.36535,0.33836,-1.22470,-2.80486,1.07964,-16.98508,-3.73145,0.42476,-0.58576,-1.71920,-2.59934,-4.05272,3.43685,2.81560
1.21790,3.46547,-4.40360,-5.69183,-3.44395,-2.79312,-2.71683,-16.93070,0.36737,-1.50529,-4.38813,-7.99499,-1.43539,-2.45742,-3.87890,0.11402,-2.52134,-6.66706,-8.21861,-5.92425,-4.15249,-17.03002,-4.00295,-2.21135,-4.79016,-2.98002,-5.58968,-2.27186,-0.30725,3.64667,-3.29813,-3.67283,-1.57610,-0.79807,-1.71470,-17.09086,-3.86921,-0.71078,-2.75243,-5.64134,-4.53503,-0.56971,-2.52123,0.10201,-3.60007,-0.11124,-8.30082,-5.64556,-3.90580,-16.98125,-4.30797,-3.27942,-5.69925,-6.40309,-9.30749,-4.00820,4.07802,0.59065,-4.87664,-5.76688,-4.49607,-7.87550,1.86273,-16.71078,-6.43753,-0.23349,-4.80572,-6.21496,-5.09438,-2.81488,-1.25026,0.63299,-2.17289,-7.98186,-5.57854,-3.95357,-4.09542,-17.05969,-3.86334,-2.83119,-1.85231,-6.93928,-4.43322,-6.22158,-1.18336,1.80293,-3.92538,-4.57479,-4.61019,-4.63571,-3.72827,-16.92732,-2.12847,-3.71685,-5.43455,-4.37597,-3.50096,-1.92269,1.08477,10.91489,-1.79861,1.78076,-4.90933,1.77201,-2.24679,-16.83545,4.56666,5.65690,-3.00254,-4.03962,0.04022,2.23057,-1.03227,1.65383,-0.70960,-4.00466,-6.68522,-4.56207,-2.08550,-17.13203,-1.05119,-2.65252,-1.71745,-3.00265,-5.06659,-1.79199,0.73640,1.82480,-3.54963,-4.39504,-7.07761,-4.58752,-0.79919,-16.87564,-5.48391,0.14349,-4.76025,-4.71175,-2.01569,-1.09537,-1.22191,-0.54348,-3.47489,-4.64157,-4.94030,-3.50624,-2.23540,-17.09923,-4.16756,-3.87422,-2.63707,-6.74051,-4.48781,-5.82768,3.96757,2.21255,0.35778,0.34371,-1.25522,-2.78768,1.08985,-17.03018,-3.72060,0.47066,-0.64530,-1.74202,-2.60526,-4.01507,3.44079,2.87366
1.19543,3.55274,-4.38871,-5.69555,-3.52548,-2.75385,-2.74131,-17.04785,0.44859,-1.43281,-4.43509,-8.03424,-1.49102,-2.45729,-3.86343,0.07050,-2.49813,-6.68788,-8.31545,-6.00483,-4.13334,-17.14255,-4.04983,-2.22191,-4.82601,-2.96754,-5.69319,-2.32430,-0.33601,3.64400,-3.38864,-3.77335,-1.70265,-0.84686,-1.74501,-17.20587,-3.89147,-0.70076,-2.86244,-5.76928,-4.58846,-0.62745,-2.56983,0.02882,-3.61090,-0.18550,-8.37169,-5.71306,-3.96964,-17.09645,-4.36871,-3.34418,-5.73314,-6.43497,-9.39965,-4.11047,4.13928,0.64266,-4.84844,-5.73702,-4.45991,-7.83809,1.89540,-16.82645,-6.45821,-0.19565,-4.83243,-6.24064,-5.13113,-2.80851,-1.29468,0.65156,-2.20185,-8.04035,-5.69740,-4.00462,-4.15527,-17.17224,-3.81735,-2.82932,-1.91741,-7.00457,-4.50708,-6.22760,-1.17057,1.74647,-3.93349,-4.66886,-4.69182,-4.73885,-3.67504,-17.04364,-2.20765,-3.70864,-5.49683,-4.38021,-3.63055,-1.96551,1.05037,10.88324,-1.82727,1.70731,-4.92909,1.76142,-2.26706,-16.95268,4.52970,5.62701,-3.01411,-4.14728,-0.07115,2.13835,-1.04979,1.57600,-0.73549,-4.05123,-6.75624,-4.66623,-2.09372,-17.25118,-1.12985,-2.70500,-1.80737,-3.06801,-5.21027,-1.89079,0.80490,1.88639,-3.57242,-4.44044,-7.08888,-4.57265,-0.73359,-16.99373,-5.47962,0.22476,-4.82582,-4.78203,-2.07101,-1.11496,-1.26630,-0.57076,-3.46573,-4.73596,-5.03885,-3.55581,-2.28259,-17.21261,-4.17880,-3.90809,-2.67620,-6.77574,-4.58799,-5.88494,3.97315,2.23633,0.30500,0.29436,-1.32755,-2.82055,1.10635,-17.14981,-3.75090,0.51009,-0.75763,-1.79005,-2.64190,-3.97605,3.45236,2.95018
1.18098,3.68327,-4.37600,-5.67099,-3.57723,-2.68268,-2.77353,-17.17545,0.55819,-1.33072,-4.47059,-8.07087,-1.51273,-2.42400,-3.83142,0.04531,-2.45140,-6.66939,-8.39185,-6.08193,-4.10293,-17.27134,-4.08188,-2.21475,-4.85862,-2.91966,-5.79042,-2.35694,-0.35275,3.64673,-3.47742,-3.87661,-1.84184,-0.91000,-1.77641,-17.33534,-3.91278,-0.68149,-2.95601,-5.88889,-4.61468,-0.66662,-2.63979,-0.06242,-3.62975,-0.28062,-8.46003,-5.80703,-4.05050,-17.21998,-4.45242,-3.43824,-5.76563,-6.46344,-9.49096,-4.24350,4.21796,0.69713,-4.81077,-5.69497,-4.37654,-7.79991,1.93519,-16.95041,-6.49375,-0.17428,-4.84184,-6.26186,-5.15102,-2.80339,-1.31651,0.68058,-2.22582,-8.06283,-5.78773,-4.05438,-4.22179,-17.29808,-3.76923,-2.83937,-1.97764,-7.06999,-4.55840,-6.23452,-1.13774,1.67921,-3.94160,-4.77091,-4.76791,-4.86905,-3.60582,-17.16875,-2.30373,-3.70071,-5.57315,-4.37189,-3.74424,-2.00123,1.02379,10.85740,-1.85698,1.64503,-4.93250,1.76018,-2.27282,-17.08169,4.47743,5.60511,-3.02957,-4.24902,-0.18274,2.06608,-1.07404,1.48058,-0.76968,-4.06686,-6.81090,-4.78441,-2.11265,-17.38050,-1.23213,-2.77407,-1.88815,-3.13116,-5.37769,-1.99764,0.89686,1.96917,-3.60014,-4.47026,-7.08363,-4.55253,-0.65457,-17.11912,-5.49156,0.31227,-4.88316,-4.85318,-2.11678,-1.13602,-1.30074,-0.59623,-3.45044,-4.84715,-5.13797,-3.61260,-2.33566,-17.34561,-4.18836,-3.95518,-2.68576,-6.81503,-4.66830,-5.96383,3.97739,2.26226,0.24833,0.25092,-1.40972,-2.83563,1.11538,-17.28246,-3.78813,0.54727,-0.86982,-1.83589,-2.65123,-3.92480,3.46517,2.99526
1.16561,3.91046,-4.34914,-5.59426,-3.62333,-2.53784,-2.82130,-17.32728,0.77182,-1.16433,-4.51525,-8.12063,-1.51200,-2.34742,-3.75678,0.04607,-2.35170,-6.61112,-8.47511,-6.17419,-4.03380,-17.42281,-4.09188,-2.17719,-4.88897,-2.81190,-5.89020,-2.37135,-0.39485,3.63706,-3.61446,-4.06356,-2.05782,-1.00754,-1.82668,-17.48615,-3.93213,-0.66791,-3.09660,-6.06736,-4.63405,-0.73117,-2.76487,-0.22529,-3.67255,-0.43602,-8.61117,-5.94982,-4.18639,-17.36634,-4.59678,-3.60297,-5.80579,-6.50231,-9.61474,-4.45083,4.34409,0.78362,-4.75831,-5.61052,-4.20826,-7.71769,1.99725,-17.09407,-6.55296,-0.15863,-4.83921,-6.29086,-5.15528,-2.78941,-1.32792,0.73140,-2.24649,-8.06636,-5.89602,-4.11784,-4.32136,-17.44318,-3.68934,-2.86147,-2.07206,-7.16049,-4.61737,-6.24020,-1.08876,1.56967,-3.95635,-4.95045,-4.88235,-5.08316,-3.50239,-17.31727,-2.45644,-3.69174,-5.69505,-4.34713,-3.89811,-2.04059,0.95651,10.81462,-1.90729,1.54736,-4.94245,1.76364,-2.29768,-17.23563,4.39343,5.55565,-3.04907,-4.40021,-0.35619,1.96270,-1.12765,1.33634,-0.83322,-4.06176,-6.86682,-4.95451,-2.15687,-17.53591,-1.39669,-2.87856,-1.99150,-3.22779,-5.64338,-2.14782,1.04483,2.10054,-3.65110,-4.49837,-7.05492,-4.51853,-0.53339,-17.27092,-5.50700,0.43224,-4.96332,-4.97200,-2.17047,-1.17487,-1.35056,-0.64854,-3.41788,-5.03728,-5.29700,-3.70845,-2.41173,-17.50474,-4.19927,-4.03140,-2.68979,-6.86535,-4.77739,-6.09055,3.98793,2.29858,0.16623,0.17894,-1.52747,-2.84331,1.13753,-17.44090,-3.85422,0.59546,-1.01435,-1.88715,-2.62214,-3.83391,3.47680,3.04597
1.23595,4.46506,-4.20899,-5.28344,-3.55765,-2.14754,-2.86901,-17.56697,1.28837,-0.82542,-4.50157,-8.14877,-1.36382,-2.07987,-3.59984,0.15267,-2.14901,-6.45819,-8.60992,-6.32697,-3.90223,-17.67428,-3.96329,-2.05583,-4.97215,-2.58039,-5.97552,-2.30153,-0.50480,3.59247,-3.84000,-4.50872,-2.51198,-1.22719,-1.86343,-17.74100,-3.95248,-0.61610,-3.34785,-6.27981,-4.63391,-0.82813,-3.02794,-0.54210,-3.74217,-0.74653,-8.87232,-6.16728,-4.42101,-17.61475,-4.90691,-3.94393,-5.78017,-6.55594,-9.78860,-4.84859,4.51176,0.89261,-4.72742,-5.37761,-3.88641,-7.53060,2.05504,-17.32036,-6.71617,-0.22316,-4.85860,-6.39611,-5.14129,-2.81810,-1.20412,0.86944,-2.27881,-7.99315,-5.94006,-4.20246,-4.41769,-17.67300,-3.53071,-2.87692,-2.22108,-7.29526,-4.60345,-6.23689,-1.01561,1.32426,-3.94042,-5.37815,-5.08626,-5.49493,-3.34753,-17.56369,-2.75884,-3.75654,-5.88485,-4.27201,-4.12258,-2.10233,0.75885,10.71986,-2.06985,1.37259,-4.99733,1.76033,-2.37792,-17.48573,4.21072,5.43660,-3.16643,-4.69332,-0.68511,1.85537,-1.28888,1.15508,-0.98091,-3.96814,-6.91933,-5.23521,-2.28297,-17.79735,-1.68831,-2.97824,-2.12550,-3.41559,-6.19108,-2.37655,1.30705,2.30642,-3.73219,-4.53900,-6.97042,-4.50964,-0.32999,-17.53098,-5.56689,0.56167,-5.08159,-5.20589,-2.34077,-1.31955,-1.46597,-0.74711,-3.44030,-5.46545,-5.66975,-3.94275,-2.59053,-17.76870,-4.24734,-4.17841,-2.72904,-7.01947,-4.93916,-6.34458,3.96226,2.33554,0.01442,-0.00782,-1.74345,-2.85232,1.15924,-17.71517,-4.02382,0.60313,-1.20303,-1.94175,-2.47435,-3.69000,3.46969,3.08062
1.51742,5.61845,-3.86586,-4.46011,-3.19007,-1.25783,-2.82589,-17.91642,2.31189,-0.13521,-4.30967,-8.01820,-0.72850,-1.36898,-3.26888,0.51639,-1.74813,-6.17229,-8.69893,-6.40696,-3.64680,-18.03782,-3.41351,-1.77151,-5.01647,-2.10766,-5.93411,-2.00038,-0.72706,3.46427,-4.09486,-5.27099,-3.35494,-1.63148,-1.83761,-18.12234,-3.91798,-0.46921,-3.69734,-6.30506,-4.52656,-0.86334,-3.47933,-0.98376,-3.85113,-1.28086,-9.18296,-6.35856,-4.69317,-17.99857,-5.33444,-4.40555,-5.55587,-6.62742,-9.90909,-5.43812,4.63144,0.89134,-4.65783,-4.85833,-3.33759,-7.17227,2.03688,-17.64856,-7.01348,-0.49657,-4.85157,-6.49727,-5.09922,-3.06063,-0.80176,1.07931,-2.38744,-7.74627,-5.69378,-4.30384,-4.41606,-17.99910,-3.30776,-2.92935,-2.44020,-7.47799,-4.35276,-6.22541,-0.99274,0.82510,-3.87369,-6.19060,-5.44188,-6.19670,-3.22841,-17.93463,-3.24085,-4.01901,-6.09188,-4.13493,-4.42451,-2.23887,0.44598,10.45568,-2.32564,1.10773,-4.93389,1.73783,-2.45128,-17.86859,3.83732,5.15129,-3.39225,-5.07074,-1.21417,1.83279,-1.59360,1.03007,-1.24842,-3.64116,-6.89062,-5.58974,-2.51397,-18.19965,-2.06188,-2.94150,-2.25686,-3.73672,-7.13281,-2.63140,1.65825,2.49115,-3.87447,-4.61548,-6.83105,-4.64505,0.02641,-17.91929,-5.72793,0.61904,-5.25605,-5.53879,-2.80864,-1.68222,-1.61613,-0.85227,-3.53251,-6.20401,-6.24874,-4.26142,-2.81060,-18.15880,-4.31776,-4.30151,-2.70428,-7.23015,-5.03342,-6.77599,3.74725,2.28895,-0.24150,-0.34096,-2.09819,-2.82561,1.12580,-18.13452,-4.30710,0.44240,-1.41169,-2.00220,-2.07817,-3.52806,3.35933,3.01776
2.06539,7.40587,-3.07489,-2.94974,-2.67878,0.15870,-2.57127,-18.01274,3.66134,1.10166,-3.76358,-7.32706,0.54479,-0.03011,-2.64031,0.99782,-1.13033,-5.72240,-8.54108,-6.32001,-3.19388,-18.11462,-2.50474,-1.38990,-4.76152,-1.47444,-5.87437,-1.44793,-0.90191,3.25112,-4.26715,-5.96105,-4.55899,-2.14675,-1.76042,-18.24123,-3.78701,-0.11355,-4.05608,-5.94506,-4.14515,-0.78140,-3.78317,-1.38665,-3.84711,-1.98007,-9.05036,-6.29126,-4.67260,-18.12816,-5.59460,-4.74042,-4.99007,-6.60192,-9.69131,-6.14477,4.56761,0.78672,-4.22717,-3.97159,-2.72892,-6.52152,1.79656,-17.73600,-7.21452,-0.85548,-4.57664,-6.24471,-4.96611,-3.61483,-0.17807,1.31617,-2.66391,-7.36161,-5.09268,-4.38324,-4.31243,-18.02239,-3.03992,-3.00830,-2.75917,-7.73410,-3.78340,-6.04107,-1.15245,0.11032,-3.64978,-7.07352,-5.90620,-7.00616,-3.31134,-18.05811,-3.86815,-4.34248,-6.11034,-3.98834,-4.89093,-2.52629,0.20925,9.75688,-2.57305,0.76533,-4.39749,1.61729,-2.42948,-18.00967,3.09268,4.53728,-3.60765,-5.47455,-2.05606,1.98033,-1.94530,0.93516,-1.59787,-3.03501,-6.86378,-6.04394,-2.75258,-18.36254,-2.54705,-2.64025,-2.44782,-4.19957,-8.44033,-2.95482,2.06936,2.43697,-4.05293,-4.78160,-6.62860,-5.04865,0.54219,-17.98270,-6.07359,0.52827,-5.36464,-5.90557,-3.75152,-2.27255,-1.71958,-0.78159,-3.48621,-6.89068,-6.80535,-4.43559,-3.15317,-18.25525,-4.35493,-4.18154,-2.49698,-7.35622,-4.87817,-7.26483,3.21994,2.18270,-0.67388,-0.83147,-2.60932,-2.77708,0.90155,-18.27199,-4.48227,0.06887,-1.78005,-2.18796,-1.56130,-3.33814,3.13868,2.79093
2.41169,9.03497,-2.18091,-1.68165,-2.77535,1.29870,-2.34968,-18.06091,4.65013,2.37185,-3.21517,-6.19699,1.71904,1.22970,-1.99591,1.54054,-0.44273,-5.16259,-8.24575,-5.84780,-2.80962,-18.14625,-1.68603,-1.07508,-4.27292,-1.20695,-5.89715,-0.94945,-0.80763,2.96941,-4.20932,-6.04054,-5.96405,-2.77150,-1.56960,-18.31241,-3.75914,0.24754,-4.56556,-5.49504,-3.85194,-0.70308,-3.31083,-1.48775,-3.68037,-2.65462,-8.30161,-5.99962,-3.95791,-18.24613,-5.68125,-4.53144,-4.34838,-6.42689,-9.04181,-6.69579,4.17007,0.44522,-3.38870,-3.47641,-2.52457,-5.87465,1.25510,-17.79205,-7.25551,-1.38813,-4.00928,-5.73890,-4.99691,-4.63265,0.18646,1.53974,-3.21847,-7.13120,-4.60341,-4.47562,-4.38299,-18.00345,-2.81472,-3.23954,-3.29322,-8.19567,-3.46182,-5.78176,-1.68383,-0.25241,-3.50425,-7.68877,-6.52217,-7.48597,-3.84264,-18.17922,-4.20247,-4.29793,-6.05373,-4.12801,-5.73589,-2.97144,0.11978,8.55817,-2.65437,0.12796,-3.75882,1.19190,-2.41669,-18.13355,1.84748,3.54984,-3.85369,-5.89425,-3.24488,1.98099,-2.08465,0.91495,-2.15623,-2.65918,-7.09489,-6.48350,-2.81131,-18.42564,-3.13437,-2.10795,-2.97368,-4.94337,-9.61429,-3.24522,2.32934,1.97878,-4.26565,-5.02894,-6.67953,-5.73911,0.96827,-18.04958,-6.56346,0.35100,-5.38082,-6.23799,-5.20804,-2.95035,-1.51465,-0.41262,-3.23900,-7.20530,-6.94731,-4.48051,-3.43534,-18.30693,-4.36335,-3.85364,-2.20190,-7.37835,-4.70376,-7.58301,2.23956,2.16537,-1.38215,-1.64506,-3.60169,-2.93827,0.08213,-18.35161,-4.11966,-0.41459,-2.45925,-2.85250,-1.53764,-3.34782,3.06367,2.72557
2.68860,10.02718,-1.54312,-0.71050,-2.74446,2.07761,-1.98205,-17.81613,5.15966,3.33677,-2.81839,-5.24485,2.45686,2.04885,-1.59021,2.00845,-0.02724,-4.75199,-7.94758,-5.26514,-2.61423,-17.86309,-0.87502,-0.82986,-3.82412,-1.23565,-5.88651,-0.65035,-0.59952,2.82244,-4.05053,-5.75721,-6.96506,-3.06921,-1.24143,-18.02561,-3.65304,0.66304,-4.90779,-4.90668,-3.43045,-0.43209,-2.74008,-1.31919,-3.41658,-3.02631,-7.48439,-5.32539,-3.17616,-18.00992,-5.37063,-3.99137,-3.84745,-6.22555,-8.01242,-6.77682,3.79176,0.18689,-2.55602,-3.04065,-2.54710,-5.25594,0.90517,-17.55243,-6.86270,-1.69736,-3.44821,-5.05934,-4.72175,-5.31844,0.61293,1.78890,-3.56089,-6.99550,-4.13328,-4.30552,-4.03320,-17.70479,-2.36758,-3.12978,-3.71810,-8.33595,-2.88460,-5.30576,-2.33742,-0.55142,-3.38089,-8.07437,-6.99694,-7.64354,-4.41689,-17.97046,-4.15606,-4.21906,-5.83853,-4.22743,-6.16069,-3.34653,-0.04954,7.37027,-2.72851,-0.52253,-3.14863,0.72019,-2.43502,-17.92817,0.71582,2.57031,-4.06726,-6.11863,-4.13433,1.95849,-2.23918,0.87547,-2.69315,-2.31967,-7.14862,-6.53790,-2.97267,-18.17754,-3.42832,-1.75891,-3.44147,-5.55488,-10.36770,-3.54416,2.41005,1.25166,-4.41166,-5.17512,-6.65717,-6.45409,1.19509,-17.79906,-7.11749,-0.05814,-5.33926,-6.35733,-6.54706,-3.40935,-1.22278,-0.22800,-3.08286,-7.43498,-6.83792,-4.55986,-3.49494,-17.99448,-4.52035,-3.54907,-2.04525,-7.38677,-4.52480,-7.78941,1.31974,1.91645,-1.91842,-2.40158,-4.36924,-3.26134,-0.66804,-18.07314,-3.84510,-1.01891,-2.96515,-3.43352,-1.86392,-3.52010,2.96961,2.78429
2.73656,10.38943,-1.14142,-0.33307,-2.83180,2.31828,-1.72285,-18.02482,5.42744,3.73584,-2.61567,-4.73621,2.52584,2.24431,-1.45510,2.20306,-0.04079,-4.79889,-7.92697,-5.10904,-2.40874,-18.05266,-0.38236,-0.79601,-3.76372,-1.36780,-5.95567,-0.62591,-0.55468,2.89311,-4.02599,-5.58353,-7.47926,-3.01280,-0.97033,-18.16701,-3.37565,1.08407,-5.16106,-4.62687,-3.04215,-0.26823,-2.26900,-1.14111,-3.10608,-3.12193,-6.77405,-4.65793,-2.54088,-18.20637,-5.07169,-3.56117,-3.58207,-6.00318,-7.28175,-6.61588,3.73336,0.29402,-2.10947,-2.68597,-2.61425,-4.68456,0.99216,-17.75020,-6.35627,-1.53433,-3.26009,-4.67522,-4.24325,-5.42538,0.84981,1.83968,-3.76814,-7.18145,-4.10391,-4.25037,-3.53504,-17.83314,-2.00612,-2.90966,-3.99708,-8.21192,-2.56372,-5.02427,-2.75500,-0.74076,-3.34456,-8.37028,-7.26119,-7.63901,-4.56445,-18.17252,-4.14623,-4.12015,-5.65179,-4.34947,-6.36490,-3.64605,-0.40936,6.59134,-3.02624,-1.14517,-2.92096,0.45303,-2.64112,-18.13456,0.18032,1.89393,-4.35335,-6.52266,-4.63514,1.72720,-2.36810,0.80696,-3.07182,-2.27055,-7.20083,-6.47667,-3.12926,-18.37771,-3.53447,-1.54412,-3.87880,-5.89273,-10.75702,-3.82813,2.33589,0.78807,-4.53984,-5.40144,-6.59319,-6.79975,1.30872,-17.96617,-7.40842,-0.26902,-5.30934,-6.52929,-7.37341,-3.57198,-1.26434,-0.41099,-3.17461,-7.59533,-6.93638,-4.80615,-3.62442,-18.15665,-4.76939,-3.51704,-2.26025,-7.52261,-4.66475,-7.95196,0.90152,1.76565,-2.33664,-2.90945,-4.62813,-3.61146,-0.87936,-18.21582,-3.78672,-1.25826,-3.36315,-3.86740,-2.26983,-3.65635,2.84786,2.93222
2.66116,10.51913,-0.87093,-0.17036,-2.98263,2.34772,-1.53244,-18.31085,5.57288,4.00021,-2.55246,-4.36046,2.33880,2.23811,-1.40917,2.20621,-0.18962,-4.92730,-7.94634,-5.10929,-2.24888,-18.33422,-0.15635,-0.84409,-3.81523,-1.58177,-6.08841,-0.79898,-0.57508,2.92718,-4.11654,-5.52198,-7.87785,-2.95258,-0.84281,-18.42615,-3.18871,1.35389,-5.41708,-4.58182,-2.78423,-0.34194,-1.94364,-1.03484,-2.91401,-3.26952,-6.22069,-4.18073,-2.13984,-18.46987,-4.90775,-3.34142,-3.43812,-5.89378,-6.78853,-6.47911,3.79341,0.52474,-1.80858,-2.36051,-2.64808,-4.17029,1.10580,-18.03283,-5.95413,-1.29763,-3.20243,-4.43897,-3.80062,-5.29830,0.95754,1.87523,-3.94274,-7.32948,-4.24178,-4.30327,-3.16377,-18.06882,-1.74546,-2.66094,-4.27658,-8.09672,-2.49529,-4.73895,-3.02416,-0.91908,-3.35990,-8.58144,-7.50580,-7.72728,-4.58271,-18.43472,-4.21003,-4.00380,-5.57294,-4.44117,-6.66667,-3.92403,-0.77727,5.89098,-3.38751,-1.74447,-2.89165,0.10559,-2.86398,-18.41642,-0.26864,1.29928,-4.59175,-6.96103,-5.18107,1.26158,-2.46969,0.68921,-3.37467,-2.34800,-7.29535,-6.45801,-3.27264,-18.64093,-3.68224,-1.47820,-4.23437,-6.16267,-11.00871,-4.17917,2.37304,0.58851,-4.56669,-5.56433,-6.42614,-6.85707,1.42824,-18.22283,-7.50985,-0.35184,-5.28178,-6.67960,-7.79057,-3.62571,-1.24061,-0.44784,-3.17870,-7.64264,-7.01229,-4.94088,-3.63408,-18.41084,-4.86103,-3.41479,-2.48187,-7.53227,-4.68585,-7.86605,0.72769,1.74083,-2.63724,-3.26602,-4.81026,-3.83986,-0.85322,-18.44168,-3.66782,-1.29380,-3.76101,-4.12945,-2.54649,-3.57982,2.76417,3.06648
2.59696,10.51381,-0.83036,-0.21445,-3.09988,2.27533,-1.47134,-18.55113,5.60850,4.06835,-2.60969,-4.28725,2.14823,2.14781,-1.42864,2.17247,-0.28621,-5.05970,-8.01569,-5.16405,-2.19601,-18.57604,-0.12518,-0.89721,-3.87565,-1.70622,-6.15963,-0.94376,-0.59925,2.95850,-4.21118,-5.55497,-8.04165,-2.93047,-0.80833,-18.65164,-3.11409,1.43227,-5.57031,-4.65667,-2.70035,-0.40311,-1.80909,-0.95512,-2.85520,-3.32635,-6.05113,-3.98015,-1.99162,-18.70024,-4.84286,-3.25840,-3.41979,-5.87287,-6.60041,-6.38538,3.88119,0.68134,-1.70346,-2.23929,-2.65950,-3.93474,1.22546,-18.26749,-5.78665,-1.17261,-3.21545,-4.38640,-3.60475,-5.16809,0.97435,1.90434,-4.02342,-7.43795,-4.39859,-4.33930,-3.01356,-18.29348,-1.63964,-2.54314,-4.41955,-8.06898,-2.51914,-4.62928,-3.13020,-0.99224,-3.41763,-8.72327,-7.64623,-7.79421,-4.56240,-18.65681,-4.25368,-3.96845,-5.59329,-4.48977,-6.82006,-4.07059,-0.95893,5.63467,-3.58114,-2.03090,-2.94855,-0.02709,-2.98506,-18.65664,-0.42991,1.05933,-4.70010,-7.20375,-5.42159,0.98894,-2.54301,0.60891,-3.53127,-2.45210,-7.37519,-6.47179,-3.36524,-18.86919,-3.76589,-1.51297,-4.41395,-6.32713,-11.11512,-4.35864,2.39466,0.55348,-4.60050,-5.66963,-6.36675,-6.85134,1.46889,-18.45823,-7.53176,-0.36135,-5.32333,-6.76784,-7.91080,-3.62847,-1.24440,-0.45464,-3.19015,-7.70185,-7.06319,-5.00903,-3.63263,-18.63771,-4.89717,-3.40220,-2.63627,-7.57127,-4.74180,-7.80576,0.68347,1.72939,-2.78286,-3.42262,-4.90193,-3.99458,-0.81313,-18.65765,-3.66081,-1.29324,-3.96297,-4.26087,-2.72163,-3.54566,2.73539,3.16089
2.55300,10.49441,-0.84944,-0.29944,-3.17122,2.21722,-1.45297,-18.74149,5.60545,4.08755,-2.66339,-4.29604,2.03698,2.05918,-1.47154,2.13991,-0.34724,-5.15112,-8.06839,-5.19124,-2.20826,-18.76700,-0.12617,-0.95946,-3.92088,-1.79292,-6.20082,-1.04827,-0.60247,3.00883,-4.27793,-5.56499,-8.12248,-2.90815,-0.80356,-18.83497,-3.06888,1.47989,-5.66862,-4.72106,-2.65427,-0.41850,-1.74836,-0.89916,-2.82919,-3.35916,-6.00242,-3.88680,-1.93930,-18.88494,-4.81132,-3.22170,-3.42150,-5.87960,-6.51786,-6.33011,3.94209,0.74620,-1.66236,-2.21201,-2.68127,-3.85157,1.29711,-18.45417,-5.73267,-1.13465,-3.24517,-4.37890,-3.51970,-5.09539,0.96413,1.91723,-4.08833,-7.50414,-4.50537,-4.36855,-2.95695,-18.47922,-1.60431,-2.49122,-4.51437,-8.09015,-2.56072,-4.59539,-3.17419,-1.03628,-3.44997,-8.80688,-7.72337,-7.84735,-4.54200,-18.83731,-4.28417,-3.97236,-5.60511,-4.50919,-6.91227,-4.16682,-1.03907,5.52750,-3.69036,-2.19309,-2.99566,-0.10881,-3.05019,-18.84293,-0.50773,0.93664,-4.75734,-7.34173,-5.55291,0.82007,-2.59761,0.55858,-3.63189,-2.54466,-7.44589,-6.49935,-3.43041,-19.05104,-3.80792,-1.56178,-4.52603,-6.43801,-11.16873,-4.45959,2.42691,0.55908,-4.61273,-5.72578,-6.32162,-6.83135,1.50209,-18.64746,-7.54896,-0.35146,-5.35993,-6.80841,-7.94299,-3.61454,-1.23046,-0.43120,-3.19324,-7.72448,-7.08863,-5.02601,-3.61459,-18.82165,-4.89511,-3.39411,-2.72506,-7.60600,-4.77134,-7.76166,0.67657,1.72352,-2.86154,-3.50250,-4.98566,-4.09510,-0.78150,-18.83587,-3.66345,-1.27937,-4.08538,-4.33127,-2.82093,-3.51723,2.73620,3.22775
2.50887,10.46828,-0.89083,-0.39212,-3.23946,2.17453,-1.46187,-18.86374,5.59138,4.08216,-2.71501,-4.34041,1.97096,1.98609,-1.51090,2.10480,-0.37762,-5.21768,-8.11063,-5.20959,-2.23094,-18.89100,-0.14419,-1.01669,-3.94578,-1.84495,-6.23312,-1.12604,-0.58870,3.07040,-4.31685,-5.55791,-8.14379,-2.86845,-0.79821,-18.95534,-3.02125,1.51922,-5.72587,-4.76984,-2.62205,-0.40029,-1.72423,-0.86077,-2.81539,-3.37765,-6.01066,-3.85126,-1.91705,-19.00624,-4.77898,-3.19227,-3.43590,-5.88277,-6.48559,-6.28835,3.97923,0.76942,-1.64050,-2.22873,-2.70804,-3.82818,1.35603,-18.57750,-5.71522,-1.11172,-3.27274,-4.36713,-3.49537,-5.05466,0.93314,1.91683,-4.13106,-7.55126,-4.58120,-4.37669,-2.94158,-18.60428,-1.59359,-2.47817,-4.56283,-8.12701,-2.59863,-4.59636,-3.19027,-1.06769,-3.47787,-8.85436,-7.77204,-7.88405,-4.51776,-18.95513,-4.30242,-3.99119,-5.62362,-4.52064,-6.96983,-4.23641,-1.06265,5.49723,-3.74035,-2.29136,-3.01246,-0.13190,-3.07056,-18.96442,-0.53098,0.88868,-4.78295,-7.42095,-5.60268,0.73061,-2.63570,0.51611,-3.68087,-2.62666,-7.50367,-6.52320,-3.47027,-19.16992,-3.82831,-1.60225,-4.59017,-6.50370,-11.19987,-4.51190,2.44270,0.57774,-4.63420,-5.76072,-6.30610,-6.80803,1.52464,-18.77176,-7.54846,-0.32633,-5.41292,-6.83213,-7.95714,-3.58868,-1.22748,-0.41266,-3.19199,-7.73101,-7.10118,-5.02308,-3.60454,-18.94233,-4.87721,-3.38405,-2.77677,-7.63222,-4.80955,-7.74108,0.67553,1.70222,-2.90955,-3.55319,-5.04760,-4.17504,-0.75493,-18.95396,-3.68032,-1.27139,-4.16513,-4.36931,-2.90673,-3.51900,2.73614,3.28453
2.45877,10.44333,-0.93398,-0.47639,-3.30854,2.13407,-1.48393,-18.94161,5.57036,4.07923,-2.76860,-4.39141,1.90798,1.91259,-1.54494,2.06806,-0.39805,-5.26789,-8.14528,-5.22456,-2.26306,-18.97195,-0.17071,-1.07147,-3.95898,-1.88163,-6.26821,-1.19690,-0.56467,3.13577,-4.33849,-5.52673,-8.14584,-2.82285,-0.80001,-19.03426,-2.98271,1.56319,-5.75967,-4.80881,-2.59068,-0.37593,-1.71338,-0.83353,-2.80342,-3.39218,-6.02604,-3.83124,-1.91833,-19.08472,-4.74948,-3.17772,-3.45496,-5.89232,-6.46424,-6.25798,4.02126,0.78944,-1.60910,-2.24215,-2.73234,-3.81942,1.40771,-18.65901,-5.70341,-1.08574,-3.28939,-4.33643,-3.47171,-5.01612,0.90403,1.91795,-4.15603,-7.58236,-4.63889,-4.37826,-2.93414,-18.68801,-1.58348,-2.47091,-4.59301,-8.15711,-2.62789,-4.59436,-3.19445,-1.09427,-3.48920,-8.87084,-7.81429,-7.92361,-4.49367,-19.03065,-4.32016,-4.00432,-5.63809,-4.51618,-7.01647,-4.28793,-1.06552,5.47991,-3.77538,-2.36986,-3.00797,-0.14692,-3.07744,-19.04258,-0.54941,0.85573,-4.79839,-7.47891,-5.63391,0.65919,-2.66278,0.47029,-3.70574,-2.69296,-7.54792,-6.54428,-3.50608,-19.24581,-3.84817,-1.64661,-4.62999,-6.54547,-11.22492,-4.56413,2.46545,0.59330,-4.65264,-5.78225,-6.28591,-6.78557,1.54711,-18.85308,-7.55673,-0.30496,-5.46154,-6.85136,-7.96106,-3.56268,-1.22663,-0.39125,-3.18002,-7.72331,-7.11148,-5.01293,-3.60113,-19.01965,-4.85548,-3.36379,-2.80602,-7.64825,-4.84190,-7.72236,0.69047,1.67969,-2.94087,-3.58747,-5.09351,-4.24401,-0.72630,-19.02880,-3.70245,-1.26454,-4.22844,-4.39290,-2.98470,-3.51194,2.74518,3.32897
2.39979,10.42332,-0.98343,-0.54198,-3.37054,2.09922,-1.53182,-19.01602,5.53726,4.08430,-2.81751,-4.45096,1.84928,1.85022,-1.57674,2.03509,-0.41387,-5.29558,-8.16774,-5.24557,-2.31332,-19.05001,-0.20042,-1.12157,-3.97112,-1.91501,-6.32260,-1.26359,-0.53631,3.20806,-4.35017,-5.48327,-8.15355,-2.79164,-0.81715,-19.11071,-2.95289,1.60604,-5.77386,-4.83856,-2.57244,-0.35873,-1.72187,-0.82161,-2.79479,-3.41502,-6.06022,-3.84337,-1.95263,-19.16082,-4.74344,-3.18793,-3.47035,-5.90955,-6.45929,-6.24974,4.06400,0.80813,-1.57344,-2.25085,-2.74825,-3.82683,1.43798,-18.73992,-5.71102,-1.07103,-3.29666,-4.31089,-3.44610,-4.98077,0.89991,1.93467,-4.15739,-7.57527,-4.66165,-4.37256,-2.93100,-18.76823,-1.57113,-2.46491,-4.60683,-8.18009,-2.63909,-4.58506,-3.17127,-1.11115,-3.47813,-8.86255,-7.84770,-7.97408,-4.45670,-19.10211,-4.33660,-4.00925,-5.64716,-4.48834,-7.04746,-4.32705,-1.05514,5.46918,-3.79749,-2.43666,-2.99817,-0.17915,-3.07210,-19.11666,-0.57512,0.83414,-4.80596,-7.51551,-5.66910,0.59792,-2.68238,0.41936,-3.71970,-2.74175,-7.57442,-6.57015,-3.54008,-19.31879,-3.88249,-1.69554,-4.64359,-6.57012,-11.24663,-4.62688,2.50610,0.61674,-4.66074,-5.78524,-6.25037,-6.75109,1.57039,-18.92673,-7.57330,-0.28770,-5.50144,-6.87200,-7.95457,-3.54976,-1.20922,-0.35872,-3.15675,-7.71004,-7.12787,-4.99744,-3.59635,-19.09530,-4.83263,-3.32978,-2.81111,-7.65625,-4.85437,-7.70296,0.71798,1.65930,-2.95945,-3.61300,-5.13495,-4.29785,-0.69580,-19.09936,-3.73624,-1.25397,-4.27439,-4.40935,-3.04569,-3.49265,2.76595,3.35356
2.34813,10.40886,-1.01838,-0.56192,-3.39773,2.07686,-1.58329,-19.01404,5.51606,4.09797,-2.85134,-4.49287,1.79919,1.79661,-1.59430,2.01392,-0.41884,-5.29880,-8.16240,-5.25683,-2.36409,-19.05087,-0.21538,-1.15295,-3.97516,-1.92051,-6.35850,-1.30964,-0.52231,3.25983,-4.34300,-5.43251,-8.16095,-2.76838,-0.85493,-19.11171,-2.94114,1.63252,-5.76000,-4.84639,-2.55600,-0.34960,-1.73959,-0.82016,-2.78229,-3.41140,-6.07996,-3.84919,-2.00816,-19.16085,-4.74986,-3.21816,-3.47646,-5.92233,-6.44029,-6.24109,4.12184,0.83272,-1.52639,-2.22015,-2.72854,-3.82740,1.46167,-18.74538,-5.71544,-1.05832,-3.28292,-4.27411,-3.39611,-4.93457,0.92424,1.94952,-4.12559,-7.53949,-4.65129,-4.36960,-2.91630,-18.77113,-1.55851,-2.45709,-4.60192,-8.17135,-2.62748,-4.56130,-3.14457,-1.13299,-3.44979,-8.83891,-7.86793,-8.02701,-4.42763,-19.09921,-4.35565,-4.00914,-5.64006,-4.44071,-7.05780,-4.34225,-1.05333,5.45033,-3.81070,-2.47230,-2.97862,-0.21775,-3.07774,-19.11374,-0.60550,0.80739,-4.80192,-7.52690,-5.70774,0.53795,-2.68068,0.37985,-3.71361,-2.73788,-7.55511,-6.57766,-3.56906,-19.31477,-3.91277,-1.74336,-4.62683,-6.56528,-11.25067,-4.68180,2.56462,0.63761,-4.65050,-5.76377,-6.19795,-6.71136,1.59319,-18.92275,-7.59779,-0.28203,-5.51719,-6.88423,-7.92029,-3.53685,-1.17877,-0.33218,-3.11793,-7.68923,-7.14090,-4.98389,-3.58143,-19.09712,-4.82249,-3.29175,-2.78693,-7.63716,-4.83713,-7.67016,0.76229,1.64789,-2.95480,-3.60423,-5.14184,-4.31583,-0.66669,-19.09326,-3.76437,-1.24232,-4.28721,-4.40619,-3.06230,-3.44501,2.79400,3.34844
2.32447,10.41576,-1.01237,-0.50500,-3.37840,2.06230,-1.63609,-18.95541,5.50352,4.12724,-2.83940,-4.48032,1.77350,1.79006,-1.58778,2.02884,-0.41465,-5.26023,-8.12407,-5.26415,-2.40802,-18.99724,-0.20346,-1.14493,-3.96869,-1.90719,-6.39621,-1.31466,-0.53415,3.26824,-4.30976,-5.37912,-8.19145,-2.79297,-0.91700,-19.05591,-2.95834,1.63987,-5.71203,-4.81796,-2.56362,-0.35481,-1.73773,-0.82859,-2.74931,-3.38312,-6.05561,-3.85437,-2.04900,-19.10530,-4.78847,-3.25092,-3.46046,-5.91288,-6.41031,-6.24716,4.17790,0.86104,-1.46116,-2.14448,-2.67894,-3.81501,1.46453,-18.69584,-5.71311,-1.05197,-3.23261,-4.22899,-3.33051,-4.90547,1.01681,1.97475,-4.05153,-7.45883,-4.58621,-4.36516,-2.86519,-18.71635,-1.54837,-2.43692,-4.56575,-8.10904,-2.57092,-4.52113,-3.10785,-1.13405,-3.39687,-8.79340,-7.86206,-8.04771,-4.40901,-19.04258,-4.35387,-3.98312,-5.60506,-4.39082,-7.02623,-4.32944,-1.05824,5.41640,-3.80256,-2.46048,-2.94559,-0.25949,-3.09475,-19.05562,-0.64532,0.78520,-4.78987,-7.49825,-5.75287,0.51093,-2.65106,0.37565,-3.70102,-2.66364,-7.48214,-6.56232,-3.58697,-19.25586,-3.93248,-1.75729,-4.58921,-6.52512,-11.23540,-4.71255,2.60881,0.63809,-4.61655,-5.71398,-6.16216,-6.68548,1.59209,-18.85575,-7.63689,-0.28813,-5.49190,-6.88386,-7.90582,-3.55033,-1.12793,-0.33384,-3.07964,-7.66285,-7.14513,-4.99579,-3.56310,-19.04590,-4.86091,-3.26402,-2.73280,-7.59886,-4.79285,-7.64903,0.78912,1.64159,-2.93647,-3.56762,-5.12228,-4.29662,-0.67354,-19.03268,-3.78164,-1.23949,-4.26387,-4.41227,-3.03957,-3.40365,2.82336,3.29146
2.35721,10.43850,-0.95513,-0.40123,-3.30586,2.06927,-1.62664,-18.82239,5.51995,4.16324,-2.78520,-4.39884,1.78184,1.81799,-1.54251,2.07515,-0.38596,-5.19668,-8.06562,-5.23967,-2.39907,-18.86950,-0.15996,-1.09812,-3.93130,-1.86310,-6.37556,-1.27370,-0.56359,3.21502,-4.26894,-5.35287,-8.21368,-2.83706,-0.96630,-18.92230,-2.98360,1.62275,-5.66408,-4.77218,-2.55795,-0.36639,-1.70760,-0.82300,-2.70352,-3.33087,-5.97602,-3.80509,-2.03735,-18.97672,-4.80382,-3.24341,-3.42763,-5.86962,-6.34990,-6.23807,4.21320,0.89205,-1.39474,-2.03086,-2.61026,-3.76283,1.46067,-18.56615,-5.67073,-1.03662,-3.16040,-4.16658,-3.26135,-4.88374,1.10213,1.98213,-3.98498,-7.38981,-4.53289,-4.37144,-2.80297,-18.58484,-1.54145,-2.39835,-4.53500,-8.01814,-2.51315,-4.47878,-3.10957,-1.14169,-3.36434,-8.76522,-7.83576,-8.02837,-4.43141,-18.91508,-4.35139,-3.95198,-5.55746,-4.37843,-6.98388,-4.30798,-1.07669,5.35412,-3.78166,-2.41474,-2.90020,-0.27722,-3.13214,-18.92583,-0.68754,0.74527,-4.77124,-7.45343,-5.77578,0.50149,-2.61690,0.40439,-3.69816,-2.55538,-7.38956,-6.52301,-3.59841,-19.12440,-3.91997,-1.74501,-4.56948,-6.48605,-11.21627,-4.70094,2.61492,0.60930,-4.57425,-5.66387,-6.15378,-6.69866,1.57493,-18.71778,-7.66913,-0.29943,-5.43175,-6.85382,-7.90999,-3.55598,-1.10101,-0.37461,-3.05603,-7.64689,-7.12648,-5.03204,-3.55448,-18.91733,-4.92191,-3.26614,-2.68545,-7.55776,-4.76093,-7.64124,0.77662,1.63829,-2.91475,-3.51442,-5.09016,-4.26218,-0.71386,-18.90068,-3.77013,-1.24722,-4.23297,-4.41841,-2.99895,-3.37991,2.83349,3.21890
2.42709,10.46520,-0.85293,-0.28504,-3.22439,2.08738,-1.55880,-18.65583,5.54654,4.19949,-2.69791,-4.25326,1.82241,1.85951,-1.46335,2.13455,-0.34431,-5.13144,-7.99184,-5.18178,-2.33239,-18.71157,-0.10053,-1.03345,-3.86611,-1.81300,-6.30220,-1.20219,-0.58838,3.14192,-4.22077,-5.32848,-8.22722,-2.86450,-0.97919,-18.75284,-2.98810,1.62021,-5.62715,-4.71486,-2.51621,-0.35558,-1.63400,-0.79770,-2.64379,-3.27901,-5.83334,-3.70013,-1.95385,-18.81671,-4.77742,-3.18349,-3.38251,-5.79637,-6.25559,-6.21328,4.20349,0.92087,-1.32449,-1.91517,-2.56063,-3.66879,1.44502,-18.40101,-5.58279,-1.00634,-3.08658,-4.08851,-3.19881,-4.88150,1.14578,1.95793,-3.95935,-7.35844,-4.51142,-4.39650,-2.74172,-18.41825,-1.54216,-2.35795,-4.52480,-7.92995,-2.47517,-4.44375,-3.15277,-1.15054,-3.36019,-8.74368,-7.80107,-7.97564,-4.49058,-18.75344,-4.35097,-3.91727,-5.50509,-4.40939,-6.95419,-4.29284,-1.09804,5.25239,-3.75949,-2.37559,-2.83467,-0.27945,-3.17341,-18.76533,-0.73736,0.67358,-4.76100,-7.41913,-5.77744,0.50670,-2.58214,0.45419,-3.70482,-2.45314,-7.31493,-6.47696,-3.59542,-18.96125,-3.88061,-1.69724,-4.58836,-6.45480,-11.20162,-4.65495,2.57855,0.55384,-4.53823,-5.63294,-6.16554,-6.74130,1.55710,-18.55358,-7.67822,-0.30942,-5.34975,-6.80632,-7.95153,-3.54516,-1.10360,-0.43669,-3.04236,-7.62111,-7.08853,-5.08554,-3.56420,-18.74981,-4.98588,-3.27639,-2.65382,-7.51994,-4.75905,-7.64378,0.72619,1.63705,-2.91644,-3.47455,-5.06364,-4.23632,-0.77409,-18.73784,-3.72369,-1.26567,-4.22037,-4.44261,-2.96493,-3.38322,2.82209,3.15572
2.46238,10.44924,-0.79401,-0.28430,-3.23384,2.06907,-1.48076,-18.57590,5.58187,4.18995,-2.67745,-4.17118,1.81819,1.81905,-1.41146,2.12943,-0.32352,-5.17547,-7.97789,-5.14048,-2.24837,-18.63168,-0.09003,-1.03465,-3.81856,-1.79474,-6.22154,-1.19197,-0.61614,3.10287,-4.22293,-5.33591,-8.23335,-2.82288,-0.96049,-18.66430,-2.96577,1.62338,-5.66451,-4.73137,-2.46956,-0.33550,-1.56199,-0.75876,-2.61402,-3.23117,-5.71545,-3.57959,-1.85464,-18.73918,-4.69810,-3.10005,-3.37319,-5.74997,-6.18785,-6.15102,4.19434,0.94946,-1.28147,-1.87051,-2.54358,-3.57273,1.47296,-18.31617,-5.49021,-0.96150,-3.07818,-4.04267,-3.17884,-4.87173,1.07160,1.88882,-4.01345,-7.45059,-4.60660,-4.45498,-2.73086,-18.33678,-1.55477,-2.35943,-4.57537,-7.91760,-2.53212,-4.45612,-3.23963,-1.17210,-3.40949,-8.77148,-7.82682,-7.94048,-4.54855,-18.67224,-4.37711,-3.90981,-5.49042,-4.46376,-7.00399,-4.31548,-1.12603,5.17065,-3.76511,-2.39318,-2.79645,-0.25316,-3.21861,-18.68866,-0.75542,0.58796,-4.75765,-7.46874,-5.77991,0.45681,-2.56402,0.48174,-3.72268,-2.45833,-7.33019,-6.45737,-3.58392,-18.88035,-3.82541,-1.66588,-4.66629,-6.48337,-11.19406,-4.61698,2.54116,0.52925,-4.54212,-5.67609,-6.19166,-6.76240,1.57354,-18.48486,-7.62200,-0.27733,-5.33178,-6.77878,-7.96819,-3.49174,-1.15778,-0.47771,-3.03163,-7.59859,-7.07438,-5.10125,-3.57508,-18.65818,-4.99869,-3.28005,-2.67314,-7.48532,-4.81096,-7.62733,0.68166,1.64659,-2.96037,-3.46341,-5.06003,-4.24943,-0.79378,-18.65937,-3.65946,-1.27466,-4.26411,-4.48348,-2.97682,-3.38560,2.79428,3.19076
2.42676,10.38927,-0.82280,-0.40079,-3.33324,2.01089,-1.46882,-18.61446,5.58981,4.14638,-2.73212,-4.21159,1.75655,1.70031,-1.41066,2.08181,-0.32408,-5.27529,-8.00772,-5.13155,-2.22189,-18.66656,-0.12423,-1.08797,-3.80696,-1.80811,-6.18346,-1.25382,-0.62629,3.14888,-4.25412,-5.33627,-8.23105,-2.73063,-0.96531,-18.69615,-2.90818,1.63154,-5.72295,-4.80171,-2.43178,-0.31397,-1.52524,-0.71042,-2.60333,-3.19212,-5.70539,-3.52116,-1.80793,-18.77858,-4.61729,-3.03963,-3.39834,-5.73268,-6.15968,-6.06682,4.22656,0.97099,-1.26308,-1.90092,-2.54443,-3.53701,1.54296,-18.35126,-5.44938,-0.91366,-3.11100,-4.03258,-3.17917,-4.83334,0.94803,1.80653,-4.07776,-7.57212,-4.74577,-4.51446,-2.76556,-18.37647,-1.58885,-2.40261,-4.63405,-7.96274,-2.63787,-4.50686,-3.28755,-1.20339,-3.47893,-8.81211,-7.87333,-7.96088,-4.55568,-18.70662,-4.42446,-3.93743,-5.51823,-4.50315,-7.09575,-4.37914,-1.14751,5.14091,-3.79195,-2.45537,-2.79827,-0.24354,-3.25986,-18.72895,-0.75199,0.52177,-4.75017,-7.56208,-5.81756,0.34499,-2.56515,0.44969,-3.74241,-2.55537,-7.38711,-6.48339,-3.59249,-18.91388,-3.81863,-1.69533,-4.74447,-6.54905,-11.21204,-4.62593,2.53470,0.55940,-4.57705,-5.74652,-6.20593,-6.74340,1.59674,-18.53480,-7.56048,-0.22171,-5.39516,-6.79686,-7.95229,-3.42703,-1.19770,-0.46758,-3.00192,-7.57227,-7.08493,-5.07775,-3.56803,-18.68708,-4.96778,-3.26048,-2.71343,-7.45587,-4.88483,-7.58141,0.69304,1.66741,-3.00470,-3.46584,-5.07908,-4.29886,-0.75344,-18.69694,-3.62932,-1.25071,-4.32918,-4.51785,-3.03502,-3.36870,2.78072,3.28035
2.36536,10.31661,-0.89629,-0.57581,-3.45443,1.92665,-1.49029,-18.71480,5.57360,4.09184,-2.82465,-4.32172,1.65442,1.54290,-1.45157,2.00293,-0.33841,-5.39749,-8.07727,-5.15877,-2.24878,-18.76686,-0.19324,-1.17875,-3.82538,-1.83942,-6.18815,-1.36338,-0.62621,3.23299,-4.30295,-5.33074,-8.22095,-2.64203,-0.99254,-18.79192,-2.85531,1.64908,-5.78897,-4.90395,-2.41049,-0.29067,-1.51997,-0.66166,-2.59149,-3.15970,-5.76001,-3.50312,-1.81510,-18.88053,-4.55508,-3.00796,-3.44715,-5.73688,-6.16948,-5.99173,4.29586,0.98994,-1.25464,-1.95895,-2.55666,-3.54688,1.63259,-18.45001,-5.44932,-0.86761,-3.16477,-4.03742,-3.18917,-4.77631,0.82619,1.74139,-4.13166,-7.68860,-4.90054,-4.56096,-2.80820,-18.47827,-1.62687,-2.44133,-4.68580,-8.02502,-2.74910,-4.56565,-3.29381,-1.24027,-3.53260,-8.83979,-7.91773,-8.00764,-4.52585,-18.80405,-4.48086,-3.97114,-5.55465,-4.52164,-7.19149,-4.44505,-1.15042,5.15693,-3.82396,-2.52205,-2.81244,-0.23345,-3.28987,-18.82900,-0.73229,0.48625,-4.74659,-7.66408,-5.85041,0.21882,-2.58228,0.38914,-3.76494,-2.69042,-7.46558,-6.53262,-3.62380,-19.00740,-3.82521,-1.76696,-4.82095,-6.62285,-11.23388,-4.66871,2.54957,0.61788,-4.60923,-5.81335,-6.21589,-6.70368,1.62137,-18.64340,-7.51636,-0.15383,-5.48493,-6.81869,-7.91322,-3.36182,-1.23654,-0.44443,-2.97318,-7.54868,-7.11111,-5.04899,-3.56542,-18.78265,-4.92680,-3.24307,-2.76061,-7.45434,-4.97337,-7.53032,0.74278,1.67882,-3.04211,-3.46206,-5.11395,-4.37165,-0.69061,-18.79443,-3.64121,-1.21080,-4.41451,-4.55141,-3.11955,-3.34180,2.78821,3.37953
2.28772,10.24488,-0.98347,-0.75460,-3.56464,1.84830,-1.53848,-18.79683,5.53654,4.04188,-2.90599,-4.44627,1.56095,1.37641,-1.50704,1.91773,-0.34984,-5.49189,-8.13233,-5.18341,-2.30967,-18.85334,-0.26150,-1.28300,-3.84082,-1.86197,-6.20384,-1.48018,-0.59139,3.36125,-4.32909,-5.28195,-8.18274,-2.53526,-1.01543,-18.87321,-2.78689,1.70192,-5.82610,-4.97721,-2.35485,-0.22719,-1.52747,-0.61816,-2.55860,-3.13450,-5.83154,-3.50011,-1.84828,-18.96455,-4.49405,-2.99382,-3.49190,-5.73425,-6.17117,-5.92248,4.37541,0.99818,-1.23389,-2.01091,-2.56509,-3.57275,1.72750,-18.53490,-5.46974,-0.82528,-3.20878,-4.02098,-3.18109,-4.70398,0.72527,1.69105,-4.16608,-7.75819,-5.01879,-4.58568,-2.84206,-18.56558,-1.66094,-2.47382,-4.71077,-8.07923,-2.83458,-4.61895,-3.26666,-1.29022,-3.56146,-8.83270,-7.93709,-8.06760,-4.47431,-18.88586,-4.54336,-4.01085,-5.57963,-4.51174,-7.27083,-4.51066,-1.13603,5.18130,-3.85473,-2.59605,-2.80522,-0.23188,-3.31035,-18.90962,-0.71793,0.46126,-4.74463,-7.75405,-5.86481,0.10007,-2.61224,0.30926,-3.77783,-2.81540,-7.53558,-6.58655,-3.67282,-19.08376,-3.84648,-1.86153,-4.87748,-6.67176,-11.25652,-4.72435,2.59216,0.69598,-4.62639,-5.83615,-6.18871,-6.63888,1.65496,-18.73213,-7.48641,-0.07914,-5.56648,-6.82765,-7.85471,-3.27791,-1.26102,-0.40784,-2.93372,-7.50402,-7.13255,-5.01812,-3.56525,-18.86468,-4.87346,-3.20987,-2.78695,-7.46010,-5.05127,-7.47349,0.81532,1.67200,-3.06648,-3.45572,-5.15128,-4.46039,-0.61574,-18.87548,-3.67708,-1.17004,-4.49322,-4.56797,-3.20495,-3.30516,2.80749,3.45261
2.17875,10.15158,-1.07584,-0.98149,-3.70136,1.75817,-1.60147,-18.83083,5.47541,3.97862,-2.97526,-4.57620,1.46217,1.16272,-1.57326,1.80950,-0.35907,-5.57326,-8.17257,-5.19617,-2.38869,-18.89961,-0.33645,-1.42712,-3.83061,-1.88821,-6.21597,-1.61112,-0.50534,3.57059,-4.33348,-5.16417,-8.09247,-2.35253,-1.01053,-18.91265,-2.65721,1.82124,-5.84925,-5.02964,-2.22266,-0.09596,-1.52453,-0.55679,-2.49393,-3.12198,-5.89251,-3.47599,-1.87086,-19.00717,-4.38235,-2.96191,-3.53035,-5.70424,-6.13760,-5.82811,4.46324,1.00679,-1.18252,-2.06747,-2.59099,-3.57697,1.85238,-18.58008,-5.47725,-0.76322,-3.24415,-3.95134,-3.13542,-4.59464,0.59366,1.63307,-4.21338,-7.81309,-5.14311,-4.59304,-2.87890,-18.61330,-1.68697,-2.50551,-4.72178,-8.13922,-2.91942,-4.66898,-3.21991,-1.35657,-3.57428,-8.78213,-7.93972,-8.12984,-4.40475,-18.92503,-4.61856,-4.05449,-5.58590,-4.47268,-7.35559,-4.59187,-1.10350,5.19369,-3.89059,-2.71925,-2.76168,-0.23074,-3.32979,-18.94983,-0.70861,0.41470,-4.74400,-7.86541,-5.84757,-0.03199,-2.67642,0.19312,-3.78960,-2.97161,-7.63541,-6.64741,-3.75130,-19.11532,-3.88525,-1.98258,-4.94109,-6.71095,-11.28349,-4.79169,2.65083,0.79266,-4.64752,-5.83401,-6.11140,-6.53543,1.70603,-18.77946,-7.45253,0.01458,-5.64778,-6.82834,-7.78586,-3.14288,-1.29334,-0.35752,-2.87769,-7.41087,-7.14510,-4.97617,-3.58267,-18.90053,-4.79666,-3.15825,-2.81265,-7.47242,-5.14941,-7.39913,0.90245,1.63602,-3.10572,-3.47483,-5.20546,-4.60876,-0.51873,-18.91457,-3.72763,-1.13520,-4.59487,-4.57712,-3.33354,-3.26376,2.82785,3.52829
1.98687,9.99780,-1.17950,-1.36793,-3.90523,1.61942,-1.70102,-18.88952,5.33740,3.88734,-3.03011,-4.72357,1.31621,0.81584,-1.73072,1.64460,-0.42243,-5.64068,-8.23042,-5.17900,-2.58608,-18.97640,-0.41778,-1.68050,-3.81828,-1.99201,-6.25491,-1.81870,-0.29216,3.97431,-4.29309,-4.85139,-7.93701,-2.01692,-0.94327,-18.98481,-2.43222,2.12396,-5.86187,-5.02157,-1.94848,0.16580,-1.46838,-0.44128,-2.33908,-3.13501,-5.87437,-3.39296,-1.87677,-19.07481,-4.17717,-2.90542,-3.52109,-5.65092,-6.00944,-5.69309,4.56342,0.97231,-1.07417,-2.17468,-2.70066,-3.59608,2.01646,-18.65595,-5.49082,-0.71784,-3.29580,-3.80634,-3.00773,-4.43506,0.40086,1.58194,-4.31942,-7.85390,-5.29011,-4.58598,-2.90247,-18.69868,-1.69904,-2.50368,-4.72497,-8.19912,-3.01070,-4.70751,-3.13565,-1.45686,-3.50572,-8.62498,-7.90432,-8.19419,-4.29301,-18.99696,-4.71697,-4.11036,-5.51163,-4.34758,-7.49300,-4.73880,-1.03954,5.13584,-3.99135,-2.96845,-2.68255,-0.31583,-3.36009,-19.01579,-0.75970,0.29916,-4.78508,-8.05828,-5.85059,-0.26096,-2.79162,0.00814,-3.82522,-3.23586,-7.80611,-6.72785,-3.87338,-19.16597,-3.96889,-2.15494,-5.04491,-6.74923,-11.29976,-4.93105,2.78385,0.91713,-4.62501,-5.78819,-5.87203,-6.33810,1.82193,-18.85528,-7.45284,0.12662,-5.69800,-6.78428,-7.68660,-2.91872,-1.30836,-0.22155,-2.80448,-7.19045,-7.14558,-4.87871,-3.61671,-18.95724,-4.65586,-3.05076,-2.86562,-7.53076,-5.24671,-7.23966,1.03215,1.57444,-3.18507,-3.56690,-5.33200,-4.88965,-0.37574,-18.98407,-3.77445,-1.09362,-4.76531,-4.59083,-3.56638,-3.18237,2.87098,3.62424
1.69462,9.67261,-1.30768,-2.09259,-4.16005,1.38601,-1.86605,-18.94907,4.95858,3.65773,-3.03867,-4.95891,1.02676,0.17541,-2.05059,1.42390,-0.56906,-5.64763,-8.31772,-5.07984,-3.01807,-19.06142,-0.44782,-2.09676,-3.80261,-2.21521,-6.27689,-2.04341,0.12091,4.79577,-4.16209,-4.18735,-7.68921,-1.38449,-0.74618,-19.08553,-1.95002,2.82755,-5.89423,-4.85538,-1.43055,0.75137,-1.40748,-0.17708,-2.02307,-3.18514,-5.79124,-3.25842,-1.87035,-19.14468,-3.79759,-2.78667,-3.41154,-5.48944,-5.77839,-5.43869,4.61071,0.80369,-0.91194,-2.35552,-3.04740,-3.70948,2.18422,-18.74146,-5.58055,-0.73900,-3.39459,-3.62536,-2.81181,-4.20943,0.12434,1.51257,-4.55181,-7.87487,-5.46965,-4.54763,-2.86172,-18.80637,-1.71893,-2.45820,-4.65868,-8.26919,-3.07992,-4.78958,-2.82513,-1.57308,-3.18816,-8.24580,-7.68415,-8.13139,-4.00869,-19.09196,-4.79460,-4.17204,-5.23551,-3.99403,-7.51482,-4.93195,-0.87407,5.02503,-4.16186,-3.45528,-2.56307,-0.50437,-3.37625,-19.08012,-0.79468,0.10313,-4.91854,-8.33660,-5.72914,-0.56974,-3.02318,-0.20795,-3.85680,-3.70116,-8.13936,-6.77366,-4.06681,-19.21022,-3.99631,-2.35104,-5.26141,-6.73045,-11.21677,-5.06683,2.94193,1.08744,-4.50454,-5.68316,-5.33520,-5.97900,1.99531,-18.93358,-7.46586,0.25806,-5.70172,-6.62233,-7.57891,-2.56592,-1.41525,-0.03313,-2.79673,-6.80847,-7.21142,-4.76304,-3.76387,-19.02555,-4.51200,-2.96445,-3.03207,-7.78638,-5.51877,-7.00592,1.20488,1.33238,-3.40932,-3.91268,-5.59290,-5.49338,-0.21159,-19.06807,-3.99353,-1.16725,-5.07154,-4.70719,-4.04617,-3.15273,2.96462,3.79444
1.48070,9.06264,-1.50606,-3.00973,-4.48398,0.98094,-1.97324,-19.20777,4.20524,3.27616,-3.03451,-5.32497,0.57203,-0.66130,-2.19443,1.20981,-0.70787,-5.61215,-8.26773,-4.92596,-3.31090,-19.37730,-0.60710,-2.48074,-3.75945,-2.49292,-6.16802,-2.11675,0.77429,5.93614,-3.93288,-3.26837,-7.31131,-0.58794,-0.28617,-19.42444,-1.24818,3.74663,-5.92073,-4.52957,-0.68450,1.69387,-1.27320,0.28074,-1.62925,-3.23539,-5.74834,-3.10992,-1.76503,-19.40808,-3.16726,-2.55291,-3.22207,-5.24200,-5.42728,-5.13668,4.45261,0.57919,-0.85656,-2.75333,-3.64777,-3.91500,2.18727,-19.02561,-5.61494,-0.85857,-3.50453,-3.59915,-2.66373,-4.03907,-0.26808,1.37635,-4.90248,-7.97796,-5.72771,-4.39802,-2.93005,-19.10687,-1.79775,-2.45877,-4.65253,-8.43231,-3.03995,-4.98241,-2.36965,-1.53179,-2.78939,-7.61992,-7.29101,-7.76730,-3.62308,-19.38665,-4.84214,-4.08800,-4.93503,-3.58185,-7.29818,-5.08544,-0.48061,4.93794,-4.29750,-3.92204,-2.39095,-0.70260,-3.29914,-19.31840,-0.85110,-0.05474,-5.06925,-8.61597,-5.39180,-0.70169,-3.28533,-0.46810,-3.99581,-4.35976,-8.58010,-6.95029,-4.22422,-19.44871,-4.01078,-2.54380,-5.64702,-6.71499,-11.13280,-5.14895,2.91941,1.24174,-4.39237,-5.75837,-4.73021,-5.71243,1.99382,-19.19873,-7.46205,0.26212,-5.67085,-6.46971,-7.49609,-2.22041,-1.72334,0.10413,-2.90896,-6.42312,-7.31858,-4.73761,-4.15421,-19.30931,-4.49471,-3.01249,-3.32172,-8.27505,-6.15685,-6.91819,1.30584,1.03862,-3.86688,-4.40334,-5.94320,-6.32635,-0.16603,-19.36697,-4.32577,-1.38161,-5.49412,-5.07196,-4.82697,-3.26869,3.12026,4.06472
1.15017,7.89461,-1.56994,-3.94032,-4.83534,0.43262,-2.17642,-19.17873,3.02505,2.59063,-2.72086,-5.57466,0.05846,-1.60456,-2.06512,1.13916,-0.83701,-5.29444,-7.83978,-4.50273,-3.39394,-19.40283,-0.68023,-2.65400,-3.64642,-2.78271,-5.62888,-1.89182,1.54596,7.40014,-3.43808,-2.07292,-6.62776,0.53017,0.20220,-19.41916,-0.02788,4.76713,-5.67586,-3.82038,0.31830,2.83339,-1.07315,0.80574,-0.98966,-3.24935,-5.61718,-2.97492,-1.58774,-19.38146,-2.38403,-2.15522,-2.81442,-4.55412,-5.04096,-4.66980,3.78726,0.36399,-1.02788,-3.24318,-4.52045,-4.07352,1.77950,-19.02757,-5.45754,-0.94006,-3.64447,-3.75544,-2.44890,-3.81717,-0.78658,0.94926,-5.14055,-7.85787,-5.86102,-4.36652,-3.08396,-19.11954,-2.24034,-2.61346,-4.43693,-8.36089,-3.10461,-5.35100,-1.48998,-1.32218,-2.30917,-6.66355,-6.33459,-7.11021,-3.02157,-19.37030,-4.84446,-3.94742,-4.42402,-3.15460,-6.73076,-5.17757,0.00112,4.62748,-4.32506,-4.49178,-2.32243,-1.16537,-3.23464,-19.26134,-0.92055,-0.34704,-5.10916,-8.79347,-4.95843,-0.77161,-3.38340,-0.68217,-4.00935,-5.03064,-8.72647,-7.15602,-4.07602,-19.38944,-4.11536,-2.34157,-5.81591,-6.34930,-10.86940,-4.94979,2.52359,1.41520,-4.15022,-5.76027,-3.91730,-5.29440,1.63105,-19.18225,-7.15406,0.18399,-5.41146,-6.34303,-7.42544,-1.89336,-2.08747,0.17841,-3.10280,-5.82752,-7.49727,-4.86250,-4.64083,-19.27922,-4.46575,-2.95659,-3.78413,-8.66851,-7.03859,-6.79381,1.58323,0.87646,-4.22834,-4.84538,-6.01037,-7.03200,0.10206,-19.39351,-4.62507,-1.29963,-5.60303,-5.36048,-5.49577,-3.38707,3.19545,4.23632
0.65732,6.28620,-1.49581,-4.85195,-4.98705,-0.37105,-2.52857,-18.30688,1.43879,1.36471,-2.05608,-5.62693,-0.70250,-2.81076,-1.69733,1.25440,-1.09392,-4.73111,-7.07534,-3.97123,-3.53220,-18.54063,-0.86337,-2.82353,-3.43671,-2.98703,-4.57104,-1.46590,2.24220,8.80053,-2.72501,-0.76233,-5.68659,1.77423,0.36552,-18.51875,1.30346,5.48138,-4.93412,-3.07686,1.42596,3.76238,-0.51076,1.52583,-0.03734,-2.81538,-5.14611,-2.72520,-1.39675,-18.47346,-1.52346,-1.70261,-2.15455,-3.45411,-4.26178,-3.75954,3.01945,0.36765,-1.32393,-3.70364,-5.30389,-4.15528,1.20282,-18.21410,-5.04679,-0.88131,-3.67084,-3.88406,-1.99506,-3.28040,-1.39466,0.33992,-5.04173,-7.38730,-5.96017,-4.41856,-3.30889,-18.32189,-2.91545,-2.81119,-3.94118,-7.82773,-3.13307,-5.69666,-0.39457,-0.81170,-1.63156,-5.15224,-4.79083,-6.09583,-2.45172,-18.46140,-4.94454,-3.72687,-3.59991,-2.65793,-5.77509,-5.02097,0.34650,4.25109,-4.26933,-4.73119,-2.36758,-1.73917,-3.47627,-18.35458,-0.94774,-0.88812,-5.07066,-8.72724,-4.34782,-1.01227,-3.11831,-0.72464,-3.75223,-5.49051,-8.44719,-7.19119,-3.91015,-18.52434,-4.24948,-2.11131,-5.57652,-5.67331,-10.05696,-4.48790,1.98934,1.66287,-3.82571,-5.50468,-2.90089,-4.66915,0.86356,-18.31535,-6.75529,-0.03042,-4.67331,-6.11068,-7.03561,-1.35654,-2.41098,0.23513,-3.11930,-4.75503,-7.61357,-5.12495,-5.13857,-18.40359,-4.41685,-2.89526,-4.14367,-8.67253,-7.89703,-6.26495,2.01052,1.06190,-4.42495,-4.82854,-5.72762,-7.49780,0.30165,-18.53486,-4.71624,-0.94972,-5.27810,-5.44356,-5.73401,-3.34635,3.33532,4.14497
0.18551,4.53247,-1.44688,-5.70023,-5.11125,-1.21864,-2.59184,-17.60522,-0.29204,0.22327,-1.49078,-5.55887,-1.61430,-3.99279,-1.16327,1.48225,-1.41193,-4.02224,-6.09625,-3.38134,-3.50606,-17.80400,-1.01124,-2.91790,-3.23137,-3.31753,-3.57980,-1.13970,2.66788,9.75619,-2.14412,0.18154,-4.83803,2.59932,0.24501,-17.84026,2.59092,5.70977,-4.32090,-2.62194,2.20250,4.11558,-0.10421,2.27590,0.61742,-2.73774,-4.79529,-2.50708,-1.27683,-17.72904,-0.76249,-1.22201,-1.67434,-2.47700,-3.56532,-2.83700,2.08815,0.48801,-1.68497,-4.12878,-6.11097,-4.03522,0.43220,-17.57388,-4.55138,-0.83842,-3.62075,-4.04832,-1.58272,-2.66492,-1.99086,-0.28880,-5.02527,-6.65401,-6.12493,-4.52480,-3.48948,-17.68830,-3.70907,-2.88203,-3.64963,-7.35630,-3.46032,-5.78693,0.72478,-0.19742,-1.11085,-3.78373,-3.30638,-5.17802,-1.81218,-17.74836,-5.00594,-3.26407,-2.83443,-2.31412,-4.87977,-4.87028,0.60666,3.68203,-4.10688,-5.08273,-2.52849,-2.50029,-3.62491,-17.63248,-1.17023,-1.54344,-4.88322,-8.42415,-3.84732,-1.54001,-2.95565,-0.59164,-3.62240,-5.94129,-8.12045,-6.96226,-3.91216,-17.81303,-4.31777,-1.90724,-5.30589,-5.09341,-9.07536,-4.01160,1.30063,2.04051,-3.54215,-5.14526,-2.05347,-3.97317,-0.06878,-17.63006,-6.08730,-0.32708,-3.88506,-5.88962,-6.52811,-0.86153,-2.48710,0.41517,-2.98559,-3.68482,-7.49249,-5.29092,-5.32717,-17.74443,-4.15029,-2.75775,-4.44697,-8.40378,-8.50344,-5.62027,2.33891,1.22186,-4.58844,-4.93430,-5.61389,-7.85056,0.54940,-17.78623,-4.75848,-0.56451,-5.02986,-5.45140,-5.78673,-3.15710,3.47781,4.02541
-0.25104,3.33404,-1.59990,-6.32439,-5.55073,-1.88564,-2.76313,-17.64626,-1.31983,-0.52097,-1.49883,-5.71588,-2.40040,-4.77764,-0.93673,1.65757,-1.81711,-3.69387,-5.59805,-3.11780,-3.47012,-17.80093,-1.08575,-2.83849,-3.27922,-3.67183,-3.26237,-1.03462,2.70258,10.18006,-1.84208,0.61046,-4.51509,2.94276,-0.00562,-17.89212,3.38845,5.69601,-4.04271,-2.54930,2.17107,3.93690,0.05358,2.60401,0.73210,-2.88706,-4.75250,-2.61503,-1.25549,-17.76100,-0.46753,-1.04575,-1.65694,-2.12056,-3.34926,-2.39229,1.47585,0.58117,-1.96313,-4.51594,-6.74862,-4.01235,-0.03122,-17.65054,-4.24344,-0.81372,-3.68505,-4.25388,-1.42646,-2.40691,-2.19953,-0.66140,-4.92291,-6.21145,-6.14437,-4.62734,-3.41085,-17.77697,-4.18441,-2.91475,-3.39108,-7.01988,-3.83984,-5.78826,1.49815,0.24715,-0.86309,-3.05464,-2.59343,-4.69319,-1.23890,-17.79260,-4.97262,-2.91234,-2.43051,-2.25357,-4.42871,-4.75169,0.75232,3.27010,-4.03798,-5.50589,-2.81013,-3.13628,-3.55205,-17.69356,-1.28709,-1.85327,-4.81341,-8.20007,-3.84507,-2.07933,-2.80361,-0.45648,-3.49041,-6.33468,-7.74555,-6.59701,-3.73571,-17.85221,-4.35423,-1.70493,-5.05863,-4.67707,-8.36479,-3.79832,0.85328,2.22775,-3.50357,-5.01538,-1.69810,-3.38894,-0.60993,-17.69944,-5.58359,-0.57069,-3.65944,-5.95805,-6.32073,-0.77235,-2.35741,0.65572,-2.92653,-3.03585,-7.56332,-5.28330,-5.21117,-17.84256,-3.90897,-2.49941,-4.74334,-8.14937,-8.71950,-5.17697,2.49654,1.25094,-4.66916,-5.25748,-5.52774,-7.97457,0.73445,-17.80557,-4.79807,-0.36695,-4.81799,-5.58731,-5.88270,-3.03960,3.51756,4.07104
-0.51098,2.76910,-1.74266,-6.63020,-5.88834,-2.28985,-2.93598,-17.87319,-1.75847,-0.93427,-1.66329,-5.88865,-2.90387,-5.18275,-0.85544,1.72562,-2.05094,-3.63801,-5.46355,-3.12028,-3.41576,-17.97097,-1.14832,-2.78126,-3.35757,-3.83404,-3.25012,-1.05579,2.63611,10.32274,-1.70858,0.70574,-4.44525,3.05345,-0.19172,-18.10032,3.72405,5.64532,-3.89851,-2.61926,1.98246,3.68845,0.05135,2.66628,0.64797,-2.99431,-4.84957,-2.79452,-1.30176,-17.95961,-0.41865,-1.02815,-1.79027,-2.07606,-3.39317,-2.26455,1.28306,0.73404,-2.08132,-4.66359,-7.01250,-3.95189,-0.17848,-17.86504,-4.09496,-0.69458,-3.72383,-4.36570,-1.32817,-2.25502,-2.19646,-0.81482,-4.79665,-6.05468,-6.10666,-4.67514,-3.29990,-18.00891,-4.36945,-2.97010,-3.20561,-6.82888,-4.06147,-5.80193,1.87624,0.48366,-0.80010,-2.77855,-2.42859,-4.52644,-0.91632,-18.00627,-4.94922,-2.72899,-2.32132,-2.23982,-4.24197,-4.63921,0.79693,3.12839,-4.02669,-5.77199,-3.03052,-3.40898,-3.49556,-17.92088,-1.29307,-1.91390,-4.77083,-8.12574,-3.91771,-2.40349,-2.75494,-0.41274,-3.38112,-6.53602,-7.54366,-6.39673,-3.65275,-18.06316,-4.41104,-1.67501,-4.90135,-4.49988,-8.07220,-3.77858,0.62715,2.34021,-3.61529,-5.02773,-1.63777,-3.09969,-0.89858,-17.92356,-5.32103,-0.67734,-3.71029,-6.12362,-6.25318,-0.81883,-2.31972,0.75422,-2.93648,-2.80822,-7.73806,-5.30775,-5.15332,-18.07468,-3.87371,-2.36814,-4.90969,-8.02966,-8.87815,-5.04053,2.55734,1.23895,-4.68004,-5.44504,-5.45350,-8.01694,0.80997,-18.00049,-4.90007,-0.31720,-4.67942,-5.72111,-5.98200,-2.99722,3.52173,4.15503
-0.64302,2.57018,-1.81577,-6.79059,-6.10591,-2.48557,-3.04145,-18.01758,-1.88711,-1.10027,-1.81945,-5.99822,-3.19353,-5.38082,-0.85300,1.71248,-2.16035,-3.68109,-5.52547,-3.19469,-3.39504,-18.09239,-1.23988,-2.76709,-3.43596,-3.91144,-3.33767,-1.11069,2.56342,10.33299,-1.71245,0.67326,-4.48600,3.05544,-0.29250,-18.23026,3.76474,5.60052,-3.90279,-2.76373,1.80361,3.53034,0.04311,2.64167,0.57118,-3.04284,-4.93001,-2.91720,-1.34567,-18.08615,-0.45719,-1.06109,-1.91873,-2.11540,-3.50309,-2.26895,1.28707,0.84742,-2.11742,-4.71347,-7.10346,-3.93219,-0.17170,-18.00308,-4.04487,-0.57671,-3.76179,-4.42161,-1.33078,-2.18145,-2.20722,-0.85930,-4.74199,-6.09626,-6.18339,-4.71423,-3.27040,-18.15495,-4.40996,-2.99903,-3.15436,-6.78693,-4.20042,-5.82366,1.99244,0.58725,-0.81214,-2.72302,-2.45793,-4.48477,-0.80735,-18.14054,-4.94128,-2.63791,-2.34990,-2.25889,-4.23557,-4.59039,0.78818,3.11984,-4.04302,-5.89509,-3.15790,-3.46359,-3.48533,-18.06953,-1.25452,-1.90258,-4.78478,-8.15754,-3.98470,-2.55797,-2.72670,-0.41281,-3.32058,-6.62915,-7.52726,-6.34186,-3.60841,-18.19890,-4.43990,-1.68823,-4.88224,-4.45644,-8.00117,-3.80342,0.56991,2.39518,-3.69072,-5.07827,-1.69158,-3.00993,-0.98365,-18.07043,-5.22902,-0.66895,-3.79397,-6.24266,-6.25662,-0.84839,-2.33715,0.74819,-2.95975,-2.77640,-7.86643,-5.36787,-5.15802,-18.21960,-3.90600,-2.36261,-5.00748,-8.01706,-9.00809,-5.03950,2.59677,1.24122,-4.69823,-5.53780,-5.42030,-8.04563,0.82698,-18.13096,-4.94821,-0.30605,-4.68300,-5.82628,-6.06749,-3.00187,3.53408,4.25403
-0.69463,2.50826,-1.85325,-6.87380,-6.22985,-2.59499,-3.08405,-18.15336,-1.91704,-1.15537,-1.92877,-6.06409,-3.37631,-5.48565,-0.86180,1.69310,-2.21857,-3.74225,-5.61974,-3.27919,-3.38333,-18.21863,-1.32144,-2.75223,-3.50479,-3.95384,-3.42455,-1.16485,2.49032,10.30158,-1.75839,0.59936,-4.56717,3.01984,-0.37809,-18.36020,3.72485,5.54519,-3.93976,-2.90014,1.66791,3.41873,0.04902,2.63515,0.52854,-3.05115,-4.98125,-2.97373,-1.38065,-18.21041,-0.49582,-1.08425,-2.01445,-2.15824,-3.57410,-2.28811,1.34278,0.94210,-2.12077,-4.72663,-7.12087,-3.91874,-0.13557,-18.13655,-4.00790,-0.48871,-3.79794,-4.46464,-1.34372,-2.13841,-2.21943,-0.87852,-4.71398,-6.17112,-6.29253,-4.77836,-3.26452,-18.29052,-4.43111,-3.00795,-3.16058,-6.77832,-4.30065,-5.83765,2.01405,0.61268,-0.85833,-2.75381,-2.52179,-4.50298,-0.77860,-18.27241,-4.97319,-2.59710,-2.40750,-2.30599,-4.28713,-4.58323,0.75622,3.11850,-4.06666,-5.94627,-3.23661,-3.48542,-3.50498,-18.20725,-1.24657,-1.90533,-4.81154,-8.21454,-4.06441,-2.67442,-2.68434,-0.42187,-3.30068,-6.67779,-7.53502,-6.35573,-3.57889,-18.33359,-4.46849,-1.72028,-4.91633,-4.46442,-8.01672,-3.84500,0.56335,2.43506,-3.73038,-5.13137,-1.77288,-2.99360,-1.01062,-18.20721,-5.21065,-0.63136,-3.85907,-6.32167,-6.27796,-0.86124,-2.35023,0.71582,-2.98321,-2.80855,-7.94742,-5.44189,-5.16183,-18.35921,-3.96547,-2.38970,-5.07203,-8.03268,-9.10378,-5.05166,2.62850,1.27462,-4.71490,-5.55442,-5.40576,-8.04464,0.83066,-18.25973,-4.96079,-0.28490,-4.72761,-5.90563,-6.11884,-3.00150,3.55424,4.32388
-0.71723,2.48979,-1.87642,-6.92697,-6.30569,-2.67022,-3.10309,-18.25541,-1.91570,-1.17020,-2.01124,-6.11026,-3.50656,-5.54392,-0.88030,1.67741,-2.25214,-3.79892,-5.71991,-3.35537,-3.38581,-18.31379,-1.38884,-2.73422,-3.56126,-3.98080,-3.50160,-1.21396,2.42113,10.25614,-1.81431,0.52875,-4.64261,2.97325,-0.45980,-18.45953,3.66773,5.48637,-3.97486,-3.02299,1.55732,3.32668,0.06332,2.64264,0.51106,-3.03212,-5.01866,-2.99670,-1.41186,-18.30219,-0.53082,-1.09460,-2.08002,-2.18779,-3.61338,-2.30210,1.41451,1.02007,-2.10738,-4.72927,-7.10897,-3.90925,-0.09146,-18.23680,-3.97119,-0.42001,-3.82737,-4.49439,-1.34881,-2.10099,-2.22758,-0.88183,-4.68171,-6.23432,-6.39775,-4.83223,-3.26458,-18.39152,-4.43853,-2.99866,-3.17747,-6.76253,-4.36453,-5.83535,2.01140,0.61176,-0.90353,-2.80043,-2.57861,-4.53145,-0.77082,-18.37256,-5.00849,-2.57580,-2.45591,-2.35133,-4.34393,-4.58409,0.71808,3.11561,-4.08215,-5.95798,-3.29257,-3.49954,-3.53481,-18.30825,-1.25189,-1.90616,-4.83019,-8.26219,-4.14147,-2.77071,-2.64152,-0.44404,-3.30002,-6.71601,-7.53561,-6.39278,-3.55999,-18.43567,-4.50394,-1.76382,-4.95870,-4.49190,-8.05365,-3.89331,0.56484,2.45725,-3.74867,-5.17878,-1.85590,-3.00007,-1.02837,-18.30721,-5.22732,-0.59765,-3.91064,-6.37570,-6.30602,-0.87896,-2.35328,0.67801,-3.00403,-2.85410,-7.99365,-5.50625,-5.15816,-18.46298,-4.02615,-2.42729,-5.11872,-8.05493,-9.17339,-5.05798,2.65370,1.31928,-4.72125,-5.53347,-5.40330,-8.03001,0.82854,-18.35744,-4.96008,-0.24970,-4.77538,-5.95880,-6.15745,-2.99214,3.57678,4.37254
-0.73305,2.47485,-1.89812,-6.97107,-6.35923,-2.74284,-3.12189,-18.33706,-1.92158,-1.17315,-2.07499,-6.14384,-3.61701,-5.59076,-0.90539,1.66751,-2.27781,-3.83642,-5.80755,-3.41897,-3.40587,-18.38911,-1.44817,-2.71007,-3.60349,-4.00014,-3.57522,-1.25866,2.36224,10.21646,-1.85850,0.49231,-4.69702,2.92901,-0.54655,-18.53877,3.61533,5.43210,-3.98758,-3.12491,1.46355,3.24804,0.08958,2.66174,0.51281,-2.99496,-5.04429,-3.00921,-1.44247,-18.37349,-0.56143,-1.09537,-2.12805,-2.20368,-3.62894,-2.30798,1.49081,1.08962,-2.07759,-4.72630,-7.08730,-3.90659,-0.04815,-18.31622,-3.93450,-0.36120,-3.84131,-4.50591,-1.34053,-2.06084,-2.22380,-0.88016,-4.63464,-6.26623,-6.47984,-4.87714,-3.26077,-18.46956,-4.44772,-2.98014,-3.17861,-6.72464,-4.40757,-5.82550,2.01540,0.60679,-0.93491,-2.82388,-2.61302,-4.55830,-0.76302,-18.45261,-5.04151,-2.55450,-2.48394,-2.38751,-4.39044,-4.58788,0.69047,3.10697,-4.08600,-5.94762,-3.32848,-3.52374,-3.56292,-18.38580,-1.26494,-1.90238,-4.83863,-8.28585,-4.21276,-2.86162,-2.59552,-0.47272,-3.30000,-6.74468,-7.51639,-6.43017,-3.54296,-18.51667,-4.54487,-1.81164,-4.98945,-4.50853,-8.07981,-3.94288,0.56788,2.47599,-3.74895,-5.20107,-1.92665,-3.00041,-1.04784,-18.38300,-5.25615,-0.56733,-3.94297,-6.40755,-6.32684,-0.89350,-2.33604,0.64795,-3.01438,-2.87745,-8.01397,-5.55882,-5.14358,-18.54529,-4.08400,-2.45754,-5.14390,-8.07052,-9.22157,-5.05099,2.68090,1.36431,-4.71579,-5.49532,-5.40225,-8.01043,0.82436,-18.43288,-4.95886,-0.20775,-4.81088,-6.00147,-6.19082,-2.97854,3.60167,4.39139
-0.75922,2.43874,-1.92569,-7.02951,-6.42174,-2.83140,-3.15199,-18.38550,-1.95128,-1.17976,-2.13589,-6.16939,-3.71991,-5.64830,-0.93847,1.65322,-2.30024,-3.85855,-5.87453,-3.46248,-3.44127,-18.43158,-1.51013,-2.68774,-3.62677,-4.01180,-3.64784,-1.29864,2.31867,10.19120,-1.87964,0.51593,-4.71693,2.90247,-0.63186,-18.58429,3.56542,5.38561,-3.97741,-3.20503,1.37609,3.18482,0.12952,2.68096,0.51900,-2.94579,-5.05700,-3.03083,-1.46884,-18.41279,-0.58644,-1.09030,-2.17586,-2.21744,-3.63833,-2.30827,1.56530,1.14067,-2.03400,-4.73622,-7.07109,-3.92289,-0.00956,-18.36250,-3.91220,-0.31560,-3.83686,-4.49999,-1.33295,-2.02827,-2.21921,-0.88509,-4.57856,-6.27760,-6.53552,-4.91120,-3.25947,-18.51476,-4.46918,-2.97083,-3.15798,-6.67564,-4.44939,-5.81738,2.03234,0.61907,-0.94888,-2.79246,-2.62614,-4.56776,-0.75638,-18.49935,-5.05740,-2.51550,-2.49493,-2.41176,-4.42773,-4.58289,0.68992,3.10260,-4.07358,-5.92334,-3.34251,-3.55655,-3.57813,-18.42878,-1.27135,-1.88460,-4.83522,-8.28599,-4.27215,-2.94606,-2.54599,-0.50562,-3.28805,-6.77376,-7.49360,-6.45896,-3.52244,-18.56378,-4.58209,-1.85682,-5.00401,-4.50242,-8.07806,-3.98652,0.56672,2.48968,-3.73940,-5.19839,-1.98690,-2.98831,-1.07132,-18.42239,-5.28100,-0.53828,-3.96120,-6.42292,-6.33217,-0.89964,-2.29909,0.63844,-3.00594,-2.85029,-8.00761,-5.58261,-5.11606,-18.59428,-4.12713,-2.46585,-5.13894,-8.06662,-9.25080,-5.02665,2.72156,1.40475,-4.69705,-5.45050,-5.39210,-7.99133,0.82235,-18.47372,-4.94840,-0.16908,-4.83293,-6.04330,-6.22122,-2.96210,3.63099,4.39082
-0.79720,2.37861,-1.95712,-7.08886,-6.48533,-2.93060,-3.19684,-18.38402,-2.02357,-1.19906,-2.17598,-6.17802,-3.80278,-5.71003,-0.95319,1.65186,-2.31698,-3.83801,-5.89672,-3.46774,-3.47654,-18.42761,-1.56949,-2.65105,-3.62110,-4.01487,-3.69340,-1.31449,2.31378,10.19296,-1.86018,0.61976,-4.69138,2.90471,-0.69825,-18.58031,3.53950,5.35848,-3.92493,-3.23855,1.31723,3.15406,0.19807,2.70879,0.54069,-2.89533,-5.04222,-3.06321,-1.46868,-18.40650,-0.58343,-1.06921,-2.20955,-2.21067,-3.61080,-2.29397,1.61225,1.17546,-1.97606,-4.76095,-7.06103,-3.94600,0.00858,-18.36108,-3.88157,-0.28577,-3.80741,-4.46212,-1.31655,-2.01404,-2.21580,-0.89287,-4.51186,-6.24249,-6.54988,-4.92219,-3.25613,-18.50906,-4.49863,-2.96474,-3.10063,-6.60133,-4.47340,-5.80602,2.06960,0.64960,-0.94442,-2.68834,-2.60048,-4.55234,-0.75072,-18.49673,-5.06287,-2.46218,-2.48443,-2.43521,-4.43824,-4.57257,0.72824,3.07508,-4.04219,-5.88679,-3.32253,-3.61667,-3.57377,-18.42231,-1.29034,-1.87430,-4.83225,-8.25590,-4.30738,-3.01921,-2.47847,-0.54193,-3.25929,-6.79579,-7.44229,-6.46877,-3.48362,-18.56181,-4.62531,-1.88877,-4.98880,-4.46119,-8.03563,-4.01109,0.55818,2.50010,-3.72116,-5.15338,-2.02373,-2.95483,-1.09855,-18.40773,-5.29202,-0.52036,-3.95374,-6.41085,-6.33205,-0.89313,-2.24255,0.65675,-2.98027,-2.76545,-7.97432,-5.58475,-5.08243,-18.59297,-4.14852,-2.43818,-5.10203,-8.03915,-9.26036,-4.97923,2.75475,1.43468,-4.67574,-5.41882,-5.37646,-7.97465,0.80609,-18.46256,-4.93117,-0.14733,-4.84266,-6.09321,-6.25819,-2.95805,3.66025,4.35334
-0.87537,2.22549,-2.01442,-7.16216,-6.54048,-3.05230,-3.28177,-18.30709,-2.20255,-1.28292,-2.16541,-6.18145,-3.86998,-5.80086,-0.95102,1.66818,-2.35160,-3.75277,-5.78530,-3.40959,-3.52232,-18.35558,-1.60248,-2.61689,-3.57407,-4.03450,-3.66782,-1.28687,2.37473,10.27293,-1.75932,0.83442,-4.56468,2.97928,-0.72282,-18.50600,3.61270,5.36812,-3.79341,-3.15886,1.33741,3.18393,0.28342,2.75859,0.58616,-2.85785,-5.00359,-3.10549,-1.43624,-18.33291,-0.53225,-1.03234,-2.20198,-2.15309,-3.52258,-2.22193,1.57644,1.17656,-1.94218,-4.80969,-7.09528,-3.98067,-0.02342,-18.28925,-3.84648,-0.29015,-3.74860,-4.40034,-1.25501,-1.99224,-2.19549,-0.91434,-4.43136,-6.09913,-6.44043,-4.87477,-3.23095,-18.43409,-4.55044,-2.96577,-2.98095,-6.49805,-4.45438,-5.79181,2.18254,0.73297,-0.88753,-2.46254,-2.46792,-4.47124,-0.69714,-18.41626,-5.02033,-2.40236,-2.42089,-2.41403,-4.33427,-4.54893,0.82519,3.03101,-3.99092,-5.87293,-3.28171,-3.70853,-3.52510,-18.33835,-1.29063,-1.87995,-4.80505,-8.13809,-4.26689,-3.06074,-2.41617,-0.55512,-3.20429,-6.80496,-7.34289,-6.41515,-3.43105,-18.48202,-4.64754,-1.87479,-4.89028,-4.34143,-7.88713,-3.97777,0.51650,2.50847,-3.69172,-5.03942,-1.95930,-2.85625,-1.16441,-18.32263,-5.25385,-0.55076,-3.89994,-6.36722,-6.27868,-0.86742,-2.14784,0.73380,-2.93168,-2.57441,-7.89122,-5.53340,-5.03425,-18.51930,-4.11101,-2.34785,-5.04531,-7.95723,-9.20822,-4.88133,2.78656,1.42423,-4.64895,-5.42329,-5.33482,-7.97415,0.80418,-18.37806,-4.92602,-0.15112,-4.78296,-6.12158,-6.28642,-2.96863,3.67219,4.25266
-0.94252,2.07372,-2.05008,-7.17536,-6.54556,-3.14648,-3.36776,-18.13033,-2.37780,-1.37007,-2.12490,-6.17150,-3.91586,-5.86300,-0.92664,1.68930,-2.37360,-3.65006,-5.64884,-3.34369,-3.55296,-18.18847,-1.60990,-2.58957,-3.51934,-4.04013,-3.60426,-1.25028,2.45740,10.34857,-1.62490,1.04238,-4.41709,3.05665,-0.71790,-18.33008,3.69386,5.39330,-3.62830,-3.02494,1.40167,3.22765,0.35403,2.80576,0.64744,-2.80931,-4.93772,-3.12012,-1.40807,-18.16172,-0.46977,-1.00447,-2.15630,-2.07235,-3.40488,-2.13572,1.52126,1.17891,-1.91248,-4.80983,-7.11654,-3.99006,-0.06960,-18.11959,-3.79626,-0.28625,-3.68261,-4.31897,-1.16435,-1.95102,-2.14994,-0.92326,-4.33675,-5.92894,-6.28281,-4.79826,-3.18878,-18.26471,-4.57759,-2.95712,-2.84893,-6.37325,-4.38333,-5.75518,2.29178,0.80529,-0.80915,-2.23998,-2.33583,-4.39098,-0.64097,-18.23039,-4.96971,-2.36234,-2.34495,-2.36405,-4.19994,-4.51426,0.91848,2.96898,-3.95081,-5.85451,-3.23792,-3.79156,-3.47344,-18.15692,-1.30635,-1.88833,-4.77164,-8.00821,-4.19963,-3.07186,-2.35915,-0.55400,-3.13169,-6.77293,-7.20385,-6.33497,-3.39211,-18.30000,-4.65985,-1.84657,-4.75798,-4.20935,-7.71997,-3.93278,0.47627,2.49644,-3.65618,-4.92552,-1.85504,-2.76931,-1.23862,-18.14388,-5.20565,-0.60979,-3.83727,-6.31772,-6.21668,-0.85498,-2.07972,0.81060,-2.88555,-2.39776,-7.82395,-5.48195,-5.01469,-18.34574,-4.06222,-2.25215,-4.99342,-7.86402,-9.13314,-4.78168,2.79837,1.40167,-4.61068,-5.41956,-5.27411,-7.96529,0.78705,-18.19819,-4.93325,-0.16164,-4.68812,-6.11356,-6.29809,-2.96307,3.67944,4.14155
-1.01677,1.93635,-2.07918,-7.19761,-6.59344,-3.17829,-3.39082,-18.07814,-2.47625,-1.39301,-2.13665,-6.18804,-4.00374,-5.89285,-0.95543,1.66280,-2.42113,-3.62815,-5.58495,-3.31647,-3.56257,-18.12872,-1.59379,-2.58430,-3.50827,-4.09965,-3.61092,-1.27119,2.44707,10.35912,-1.58456,1.07509,-4.36888,3.08543,-0.72498,-18.27553,3.77691,5.37339,-3.60057,-2.98804,1.38981,3.16818,0.33798,2.83364,0.64954,-2.82619,-4.95823,-3.08985,-1.42635,-18.10753,-0.43322,-0.98294,-2.11746,-2.04809,-3.36294,-2.08293,1.43866,1.17712,-1.91898,-4.81437,-7.19970,-3.97375,-0.13053,-18.06774,-3.73435,-0.25412,-3.66664,-4.30454,-1.12505,-1.88049,-2.14493,-0.93473,-4.30130,-5.85487,-6.19969,-4.74321,-3.16835,-18.21258,-4.54617,-2.91599,-2.81604,-6.32296,-4.37350,-5.70305,2.33931,0.83904,-0.75129,-2.16134,-2.28674,-4.34500,-0.55774,-18.17331,-4.89909,-2.32553,-2.30353,-2.29569,-4.12768,-4.50855,0.93706,2.91512,-3.92509,-5.89828,-3.24691,-3.83817,-3.40537,-18.09729,-1.28849,-1.87179,-4.70243,-7.88089,-4.19318,-3.10152,-2.37947,-0.56291,-3.10484,-6.79304,-7.13895,-6.26643,-3.36465,-18.23960,-4.65033,-1.81740,-4.68637,-4.16419,-7.62891,-3.93905,0.42376,2.44346,-3.64616,-4.91817,-1.75938,-2.71435,-1.28961,-18.10337,-5.15513,-0.68945,-3.83143,-6.32678,-6.18515,-0.89392,-2.03774,0.84875,-2.84687,-2.34607,-7.77685,-5.40764,-4.98050,-18.29112,-3.99126,-2.18719,-5.02436,-7.80419,-9.09031,-4.72377,2.78930,1.36136,-4.58189,-5.46234,-5.25356,-7.96549,0.83337,-18.14533,-4.93638,-0.12050,-4.63221,-6.06786,-6.32525,-2.92695,3.65090,4.15144
-1.03040,1.94670,-2.06493,-7.19867,-6.65514,-3.18450,-3.37090,-18.14212,-2.42360,-1.35868,-2.21212,-6.22036,-4.11095,-5.89037,-0.99016,1.60587,-2.45423,-3.71024,-5.70830,-3.40202,-3.54133,-18.18232,-1.62713,-2.60290,-3.57223,-4.13266,-3.70014,-1.34306,2.37434,10.28616,-1.64913,0.94207,-4.46342,3.02430,-0.75151,-18.33311,3.71878,5.33643,-3.67926,-3.09469,1.29089,3.05519,0.29337,2.80499,0.61267,-2.85484,-4.98987,-3.07039,-1.47767,-18.16576,-0.46580,-1.02033,-2.14881,-2.10280,-3.42331,-2.13688,1.47010,1.23102,-1.91855,-4.78745,-7.22026,-3.92875,-0.11435,-18.12902,-3.69089,-0.18712,-3.71228,-4.33454,-1.13567,-1.83651,-2.15503,-0.91174,-4.30602,-5.94634,-6.28538,-4.75798,-3.16446,-18.27586,-4.48568,-2.87967,-2.87259,-6.33731,-4.40992,-5.66309,2.29176,0.81663,-0.76169,-2.24993,-2.39070,-4.37942,-0.53806,-18.23506,-4.90603,-2.30951,-2.34568,-2.28850,-4.20476,-4.49965,0.88425,2.90033,-3.96107,-5.94232,-3.29868,-3.82382,-3.40122,-18.16407,-1.29397,-1.85651,-4.71016,-7.93020,-4.26492,-3.15459,-2.39929,-0.58790,-3.11705,-6.83228,-7.17300,-6.29350,-3.36447,-18.29962,-4.66325,-1.84033,-4.73237,-4.22420,-7.69473,-4.01979,0.42701,2.41086,-3.67432,-5.02317,-1.79945,-2.75113,-1.28585,-18.17793,-5.16286,-0.69894,-3.89189,-6.39892,-6.22724,-0.95094,-2.09200,0.80999,-2.87308,-2.44679,-7.84780,-5.43166,-5.01284,-18.35451,-4.00631,-2.22197,-5.10425,-7.84218,-9.14548,-4.75520,2.77973,1.37980,-4.59180,-5.47417,-5.26555,-7.95517,0.84657,-18.21251,-4.92858,-0.07725,-4.67895,-6.07485,-6.35427,-2.87844,3.64544,4.25210
-1.02705,2.02112,-2.05706,-7.20989,-6.73210,-3.18909,-3.34116,-18.27616,-2.30438,-1.29985,-2.32034,-6.26936,-4.21845,-5.87870,-1.04306,1.53146,-2.47962,-3.84337,-5.88707,-3.53373,-3.51793,-18.30319,-1.68793,-2.63259,-3.65806,-4.14593,-3.82827,-1.43588,2.27857,10.18781,-1.75804,0.75037,-4.60047,2.94099,-0.79379,-18.46229,3.59835,5.27491,-3.78862,-3.25916,1.16627,2.92499,0.23831,2.75522,0.54397,-2.88115,-5.04572,-3.06705,-1.54090,-18.28990,-0.53042,-1.08678,-2.22613,-2.19708,-3.52615,-2.22855,1.57367,1.30696,-1.91625,-4.76695,-7.19771,-3.88502,-0.04094,-18.25824,-3.67348,-0.10399,-3.76781,-4.38158,-1.15049,-1.79304,-2.17138,-0.88281,-4.32038,-6.10731,-6.42411,-4.79715,-3.17198,-18.40843,-4.42876,-2.86560,-2.96136,-6.39585,-4.46493,-5.63467,2.20491,0.78268,-0.82069,-2.39805,-2.54743,-4.44439,-0.54732,-18.36964,-4.93349,-2.30199,-2.44017,-2.30754,-4.32857,-4.48264,0.79795,2.93619,-4.02080,-5.97938,-3.37213,-3.76743,-3.42541,-18.30216,-1.28263,-1.83138,-4.73381,-8.04058,-4.36777,-3.21490,-2.43075,-0.63192,-3.14853,-6.88413,-7.26204,-6.37290,-3.38905,-18.43060,-4.69195,-1.91022,-4.82075,-4.32713,-7.83859,-4.13755,0.45253,2.39528,-3.73426,-5.16739,-1.89956,-2.82561,-1.27025,-18.32128,-5.21253,-0.67753,-3.99107,-6.50803,-6.27488,-1.00715,-2.16187,0.75280,-2.91281,-2.59506,-7.93402,-5.48271,-5.05394,-18.48848,-4.05722,-2.30083,-5.18493,-7.90880,-9.22142,-4.82214,2.79851,1.43566,-4.59886,-5.45017,-5.27212,-7.93154,0.86639,-18.35107,-4.90786,-0.03174,-4.75230,-6.09365,-6.36798,-2.82080,3.64893,4.37731
-1.01059,2.13239,-2.04043,-7.19627,-6.78171,-3.19587,-3.31356,-18.39879,-2.16913,-1.22194,-2.41542,-6.30178,-4.31872,-5.85349,-1.10125,1.46289,-2.49566,-3.96175,-6.07989,-3.67632,-3.51054,-18.41565,-1.75908,-2.65778,-3.74243,-4.14321,-3.96895,-1.53410,2.19329,10.07948,-1.86468,0.57617,-4.73437,2.84352,-0.84427,-18.58065,3.43804,5.21501,-3.87730,-3.42260,1.05682,2.80139,0.20583,2.70203,0.49206,-2.88707,-5.07761,-3.05849,-1.60720,-18.40089,-0.61240,-1.16727,-2.30180,-2.29459,-3.61056,-2.33201,1.72236,1.40422,-1.89072,-4.71809,-7.13262,-3.83721,0.05105,-18.37421,-3.65495,-0.01369,-3.81091,-4.41409,-1.13646,-1.73977,-2.16754,-0.83189,-4.31418,-6.25270,-6.56092,-4.84051,-3.17526,-18.52655,-4.36312,-2.83586,-3.04288,-6.43063,-4.50185,-5.59515,2.10299,0.73947,-0.88206,-2.54463,-2.71178,-4.52881,-0.58097,-18.49109,-4.97671,-2.29614,-2.53581,-2.32848,-4.46382,-4.46640,0.70142,2.97121,-4.08801,-5.99086,-3.43998,-3.71840,-3.47262,-18.42529,-1.29263,-1.80753,-4.76814,-8.16227,-4.47930,-3.27811,-2.44645,-0.68446,-3.18079,-6.90848,-7.34074,-6.46600,-3.42356,-18.55080,-4.74033,-2.00539,-4.91005,-4.42996,-7.99445,-4.27240,0.50851,2.38955,-3.77634,-5.28465,-2.00155,-2.90730,-1.24254,-18.44622,-5.29474,-0.64509,-4.06683,-6.60411,-6.31143,-1.05191,-2.21669,0.69060,-2.95021,-2.74275,-8.00813,-5.55634,-5.09675,-18.61127,-4.13085,-2.39333,-5.24080,-7.98047,-9.27994,-4.88562,2.82742,1.51126,-4.59331,-5.39227,-5.27308,-7.89906,0.87136,-18.47558,-4.88299,0.01749,-4.82466,-6.10550,-6.37167,-2.75503,3.66980,4.46885
-1.00325,2.24479,-2.02541,-7.17839,-6.83004,-3.20887,-3.29211,-18.47307,-2.02129,-1.11972,-2.51501,-6.32231,-4.42222,-5.82318,-1.18215,1.36892,-2.50067,-4.08106,-6.27853,-3.83178,-3.52272,-18.47537,-1.85781,-2.68284,-3.81230,-4.11445,-4.13444,-1.64807,2.10441,9.95822,-1.96966,0.44196,-4.83909,2.74721,-0.91886,-18.64675,3.24982,5.13446,-3.93863,-3.59521,0.94638,2.65998,0.19454,2.64621,0.45250,-2.84685,-5.09249,-3.04169,-1.68331,-18.45797,-0.70121,-1.25340,-2.37140,-2.38441,-3.67501,-2.43213,1.92437,1.51527,-1.83343,-4.65511,-7.02169,-3.78878,0.17334,-18.43867,-3.63386,0.09899,-3.82878,-4.42001,-1.08584,-1.65463,-2.16911,-0.78210,-4.27814,-6.38735,-6.69029,-4.87659,-3.19013,-18.59391,-4.28798,-2.80316,-3.10959,-6.44017,-4.53320,-5.53598,1.99369,0.69811,-0.94030,-2.65790,-2.86610,-4.61911,-0.61319,-18.56128,-5.01849,-2.27361,-2.62239,-2.32830,-4.60656,-4.43758,0.60644,3.01529,-4.14535,-5.96078,-3.48478,-3.66575,-3.52173,-18.49433,-1.29702,-1.75960,-4.77552,-8.26398,-4.60182,-3.35341,-2.45421,-0.77391,-3.20422,-6.92395,-7.40576,-6.57889,-3.46168,-18.61933,-4.81214,-2.13512,-4.98544,-4.51813,-8.15091,-4.43443,0.58104,2.37734,-3.80911,-5.38815,-2.09812,-2.98073,-1.21155,-18.51971,-5.39919,-0.60827,-4.13043,-6.69256,-6.31140,-1.09562,-2.24443,0.63889,-2.95326,-2.85490,-8.04566,-5.59893,-5.12185,-18.68217,-4.19569,-2.48578,-5.26114,-8.02566,-9.29974,-4.92400,2.89379,1.61979,-4.54874,-5.27303,-5.24083,-7.83647,0.89452,-18.54669,-4.83450,0.10509,-4.87757,-6.09017,-6.35387,-2.64562,3.69763,4.53439
-0.99642,2.37268,-2.00986,-7.13463,-6.84960,-3.22910,-3.27662,-18.50594,-1.86636,-0.97919,-2.61193,-6.32239,-4.54881,-5.78805,-1.29679,1.24513,-2.50213,-4.19509,-6.50131,-4.01752,-3.57525,-18.48505,-1.98827,-2.70957,-3.87298,-4.06380,-4.35060,-1.78934,2.00316,9.81595,-2.07748,0.34517,-4.91973,2.63807,-1.03423,-18.66284,3.01628,5.04245,-3.96256,-3.78193,0.82856,2.49206,0.20132,2.58375,0.43614,-2.75694,-5.08331,-3.00128,-1.78920,-18.46238,-0.80689,-1.35825,-2.43291,-2.47403,-3.72107,-2.54449,2.20993,1.66961,-1.72524,-4.53743,-6.84689,-3.72595,0.33766,-18.45487,-3.59030,0.25702,-3.81419,-4.38228,-0.96382,-1.50979,-2.14687,-0.70876,-4.19207,-6.49670,-6.80796,-4.90341,-3.19447,-18.61168,-4.18488,-2.73211,-3.15702,-6.40166,-4.53725,-5.43719,1.87465,0.65130,-0.97997,-2.74035,-3.01082,-4.72737,-0.64315,-18.58389,-5.06360,-2.23697,-2.68635,-2.29125,-4.74415,-4.40125,0.50667,3.06362,-4.19615,-5.87934,-3.50143,-3.61350,-3.57909,-18.51252,-1.29593,-1.69152,-4.75747,-8.33170,-4.73191,-3.44212,-2.45461,-0.90177,-3.21975,-6.90585,-7.44445,-6.70596,-3.51111,-18.63859,-4.90271,-2.31187,-5.04392,-4.58496,-8.30545,-4.63963,0.68892,2.35821,-3.81755,-5.45853,-2.17703,-3.04045,-1.16516,-18.54202,-5.54660,-0.55994,-4.16267,-6.75811,-6.26793,-1.13571,-2.24046,0.57969,-2.92921,-2.94427,-8.05038,-5.63486,-5.13215,-18.70379,-4.27515,-2.58960,-5.24652,-8.05528,-9.27397,-4.94878,3.00075,1.75726,-4.45690,-5.07286,-5.16979,-7.73983,0.93547,-18.56482,-4.77618,0.23554,-4.90947,-6.04666,-6.31775,-2.48931,3.73972,4.55266
-0.96512,2.62895,-2.03960,-7.00768,-6.76090,-3.20800,-3.25488,-18.50385,-1.58832,-0.73567,-2.75951,-6.35300,-4.70554,-5.71433,-1.48430,1.04624,-2.45684,-4.36019,-6.82334,-4.32150,-3.69172,-18.45092,-2.16929,-2.73845,-3.92626,-3.89901,-4.68645,-1.99166,1.83652,9.58608,-2.23670,0.21657,-4.98287,2.47008,-1.24867,-18.64170,2.63662,4.90887,-3.91164,-4.04845,0.70596,2.24777,0.13777,2.47500,0.40921,-2.54111,-5.09836,-2.91085,-2.02779,-18.42306,-0.94447,-1.54328,-2.51368,-2.60157,-3.77418,-2.71803,2.81152,1.96923,-1.49499,-4.24516,-6.40846,-3.60319,0.71865,-18.42452,-3.47991,0.55437,-3.72813,-4.20938,-0.61768,-1.17473,-2.05232,-0.56446,-3.96009,-6.60780,-6.91084,-4.88391,-3.15719,-18.57853,-3.96137,-2.59782,-3.19496,-6.26163,-4.42492,-5.25075,1.70581,0.52885,-1.02170,-2.87102,-3.20282,-4.94482,-0.66889,-18.56402,-5.15109,-2.23905,-2.76577,-2.15364,-4.86727,-4.31056,0.36410,3.18804,-4.25965,-5.65911,-3.43132,-3.47853,-3.63939,-18.49215,-1.25001,-1.55818,-4.67200,-8.34670,-4.86451,-3.54772,-2.47020,-1.17393,-3.21524,-6.78087,-7.40269,-6.88963,-3.64069,-18.60230,-5.04346,-2.67748,-5.04931,-4.65354,-8.54288,-4.99781,0.91300,2.31298,-3.85430,-5.52221,-2.24620,-3.11161,-1.05996,-18.51411,-5.86080,-0.47051,-4.21529,-6.82309,-6.10562,-1.20304,-2.22956,0.45947,-2.89032,-3.10997,-8.03046,-5.65846,-5.12025,-18.67341,-4.42310,-2.77828,-5.14985,-8.05451,-9.15000,-5.00912,3.21333,1.96977,-4.25404,-4.62897,-4.98505,-7.51193,1.02614,-18.53103,-4.72063,0.43303,-4.89821,-5.91263,-6.23090,-2.20022,3.79481,4.49003
-0.89627,2.98271,-2.26647,-6.92644,-6.70818,-3.34299,-3.23867,-18.53354,-1.17803,-0.48713,-3.21436,-6.50308,-4.90184,-5.67224,-1.69378,0.93291,-2.29908,-4.72613,-7.18575,-4.69241,-3.71438,-18.46530,-2.30480,-2.72019,-3.83068,-3.50996,-5.05231,-2.24428,1.52287,9.18760,-2.38414,0.04284,-5.05971,2.20907,-1.53278,-18.66388,2.06819,4.61594,-3.77412,-4.39589,0.52642,1.96465,0.04665,2.38984,0.18583,-2.16368,-5.19630,-2.76204,-2.28233,-18.44044,-1.02352,-1.72640,-2.84146,-2.90952,-3.72531,-2.82840,3.84429,2.44396,-1.07280,-3.76099,-5.61083,-3.32505,1.47476,-18.41685,-3.33004,0.91873,-3.51965,-3.86728,-0.01074,-0.71448,-1.75597,-0.36403,-3.57899,-6.76408,-6.95947,-4.74608,-2.89973,-18.56751,-3.64914,-2.49352,-3.18821,-5.98191,-4.16135,-4.97720,1.39696,0.39747,-1.28480,-3.13548,-3.69346,-5.27534,-0.77566,-18.57227,-5.19468,-2.27010,-3.03482,-2.02072,-4.96633,-4.09208,0.19290,3.42409,-4.31336,-5.41250,-3.26843,-3.16290,-3.69195,-18.52508,-1.13706,-1.37804,-4.51541,-8.36844,-4.95856,-3.76695,-2.55182,-1.55678,-3.23881,-6.62023,-7.25249,-7.02290,-3.94600,-18.61471,-5.17163,-3.33993,-5.08502,-4.85600,-8.84878,-5.50068,1.11727,2.21685,-4.14800,-5.66701,-2.54906,-3.29599,-0.98648,-18.52364,-6.30246,-0.37028,-4.53493,-7.02518,-5.85902,-1.30180,-2.19836,0.30355,-2.85051,-3.34409,-7.91544,-5.57685,-4.97394,-18.64984,-4.77307,-2.99809,-4.91152,-7.98893,-8.97555,-5.04571,3.42317,2.08349,-4.03533,-4.01779,-4.66376,-7.29736,1.01428,-18.54030,-4.82729,0.41929,-4.87484,-5.92061,-6.22873,-1.89595,3.83046,4.40757
-0.96885,3.30883,-2.61961,-6.86605,-6.73414,-3.73266,-3.33143,-18.53452,-0.64655,-0.38345,-3.92267,-6.68739,-5.34816,-5.73133,-1.82592,0.97502,-2.16710,-5.14516,-7.48486,-5.21053,-3.46847,-18.45635,-2.56196,-2.59562,-3.75684,-3.06167,-5.36332,-2.44759,0.99091,8.49932,-2.67238,-0.33375,-5.35859,1.74750,-1.92176,-18.65936,1.24652,3.99745,-3.61663,-5.05919,0.11868,1.42923,0.13815,2.21645,-0.13556,-1.72760,-5.19867,-2.70718,-2.36681,-18.40747,-1.24561,-1.94291,-3.41078,-3.29795,-3.51647,-2.86665,5.31638,3.27267,-0.51265,-3.11241,-4.39015,-2.73963,2.60155,-18.40403,-2.95705,1.52276,-3.24929,-3.42450,0.91027,-0.08154,-1.31491,-0.01045,-3.01066,-6.92700,-7.13399,-4.51577,-2.47553,-18.52850,-3.14036,-2.31671,-3.16916,-5.45908,-3.81276,-4.48566,1.02162,0.39446,-1.82738,-3.50783,-4.35686,-5.55648,-0.84503,-18.57812,-5.08927,-2.14728,-3.50529,-2.02743,-4.94959,-3.62044,-0.17651,3.58352,-4.42189,-5.23672,-3.21525,-2.72632,-3.91271,-18.53762,-1.08444,-1.33291,-4.39769,-8.51164,-5.08994,-4.18569,-2.39549,-1.95985,-3.27448,-6.32872,-6.91730,-7.05504,-4.20084,-18.63319,-5.38078,-4.19409,-5.16218,-5.07335,-9.00161,-5.98266,1.34715,2.12201,-4.62369,-5.87548,-3.06414,-3.40328,-0.89723,-18.48496,-6.75435,-0.26153,-4.98713,-7.33542,-5.53813,-1.42761,-2.08202,-0.05303,-2.84630,-3.64355,-7.72227,-5.59585,-4.68766,-18.61497,-5.36540,-3.33610,-4.66143,-7.81330,-8.72005,-5.03573,3.57411,2.22770,-3.90060,-3.27679,-4.17789,-7.00559,0.81144,-18.52085,-4.91681,0.31497,-4.90486,-6.11969,-6.23317,-1.56594,3.84512,4.25234
-1.01381,3.77564,-3.15919,-6.59117,-6.41546,-4.19505,-3.56340,-17.79781,0.10332,-0.32079,-4.75215,-6.88116,-5.58876,-5.64079,-2.19268,0.97962,-2.03466,-5.67755,-7.63271,-5.77874,-3.50521,-17.75505,-2.88320,-2.58630,-3.54276,-2.51265,-5.73551,-2.72955,0.24897,7.35089,-3.01817,-0.61923,-5.49958,1.05022,-2.53327,-17.92862,-0.09940,3.05089,-3.24499,-5.76342,-0.57327,0.70930,0.40727,1.94503,-0.51511,-0.88974,-4.99065,-2.62156,-2.37497,-17.61521,-1.75777,-2.28729,-4.04199,-3.90647,-3.18018,-2.66861,7.31610,4.04209,0.29052,-2.22100,-2.67875,-2.26389,4.15606,-17.68546,-2.67676,2.06516,-2.78010,-2.60657,1.97850,0.54981,-0.47532,0.59586,-2.08773,-6.89788,-6.94439,-4.03517,-1.77993,-17.79017,-2.41247,-2.03062,-3.01316,-4.63598,-3.07058,-3.67590,0.37836,0.48431,-2.44808,-3.80336,-5.18821,-5.80219,-1.17015,-17.84806,-4.61352,-2.07717,-3.88056,-2.02831,-4.71858,-2.93189,-0.61081,3.98588,-4.45678,-4.57737,-3.01977,-1.99833,-4.24898,-17.83109,-0.85828,-1.08279,-4.16422,-8.38946,-5.05570,-4.36843,-2.04616,-2.21248,-3.11701,-5.58504,-6.29244,-6.67424,-4.49573,-17.89475,-5.36600,-5.16778,-4.88985,-5.13203,-8.60434,-6.23699,1.85745,1.87510,-4.97602,-5.76219,-3.70808,-3.45496,-0.55688,-17.69139,-7.37024,-0.16838,-5.39602,-7.27837,-4.85571,-1.51877,-1.50178,-0.34176,-2.58298,-3.64950,-7.09175,-5.25958,-3.94672,-17.84232,-5.89242,-3.56359,-4.01056,-7.22178,-7.55130,-4.67487,3.71807,2.25058,-3.48322,-2.13207,-3.43046,-6.44526,0.43360,-17.74017,-4.80773,0.05164,-4.66553,-6.02134,-5.96916,-1.22977,3.85589,3.75467
-0.79018,4.29423,-3.60055,-5.98686,-5.78604,-4.49254,-3.55207,-16.73745,1.09393,-0.13826,-5.37637,-6.79108,-5.24432,-5.09698,-2.74033,1.01692,-1.82843,-6.35132,-7.54257,-5.94381,-3.62193,-16.76041,-2.74885,-2.47048,-3.11087,-1.87192,-5.89343,-2.93462,-0.48069,5.88141,-3.09075,-0.84012,-5.44629,0.38624,-2.98677,-16.86696,-1.50309,1.95340,-2.79365,-5.89723,-1.33476,-0.04824,0.74573,1.72776,-1.01722,0.15681,-4.38251,-2.18779,-2.07609,-16.58575,-2.18730,-2.39179,-4.47258,-4.48122,-2.63342,-2.27088,8.91785,4.28956,1.06887,-1.22799,-0.99919,-1.84315,5.47082,-16.66073,-2.54934,2.21525,-2.20099,-1.72591,2.80560,0.77989,0.67193,1.11898,-1.17460,-6.67599,-6.04060,-3.50285,-0.76792,-16.76215,-1.86718,-1.80096,-2.73770,-3.76899,-2.21410,-2.83904,-0.64651,0.46551,-3.06160,-4.17699,-6.09208,-6.00067,-1.85151,-16.78320,-3.85397,-2.20190,-4.11169,-2.16659,-4.63488,-2.41932,-1.06446,4.20208,-4.46170,-3.82364,-2.78579,-1.44185,-4.50022,-16.79081,-0.71090,-0.79831,-3.91763,-8.01813,-5.24476,-4.38374,-1.77271,-2.06480,-2.88722,-4.69324,-5.48808,-5.99100,-4.62880,-16.81473,-4.90650,-5.63985,-4.35941,-5.16221,-8.04595,-6.19232,2.17943,1.29015,-5.05167,-5.44431,-4.39546,-3.64360,-0.17030,-16.60292,-7.78730,-0.14529,-5.72340,-6.90785,-4.22537,-1.67560,-0.66918,-0.31329,-2.28914,-3.35520,-6.14417,-4.49634,-2.81242,-16.77416,-6.11608,-3.27560,-3.16272,-6.32050,-5.74703,-3.95458,3.74865,2.17740,-2.74898,-0.96784,-2.49270,-5.50092,0.16212,-16.63460,-4.25052,-0.42224,-3.97955,-5.58879,-5.30009,-0.95817,3.67044,3.13309
-0.63520,4.56307,-3.82358,-5.35032,-5.28269,-4.53806,-3.46226,-15.51942,1.79159,0.07419,-5.71590,-6.62495,-5.00412,-4.59944,-3.02405,0.87005,-1.63253,-6.71234,-7.35950,-5.86402,-3.63532,-15.54178,-2.60041,-2.41623,-2.71988,-1.39080,-5.96956,-3.10983,-1.02142,4.56457,-3.04609,-1.00142,-5.29080,-0.21913,-3.33974,-15.64642,-2.61337,1.09343,-2.47726,-5.92399,-2.02838,-0.62554,0.76619,1.38913,-1.45669,0.81267,-3.81267,-1.84617,-2.03281,-15.43129,-2.45236,-2.50966,-4.70209,-4.90224,-2.43358,-2.14993,9.76925,4.34615,1.69397,-0.43402,0.12599,-1.53697,6.08181,-15.45380,-2.27197,2.20199,-1.69324,-0.98615,3.17161,0.83283,1.37932,1.41811,-0.51641,-6.45887,-5.25534,-3.16121,-0.16165,-15.58305,-1.40333,-1.63358,-2.56469,-3.17089,-1.65770,-2.28222,-1.39539,0.47253,-3.21916,-4.23579,-6.68985,-5.92802,-2.31996,-15.55280,-3.19248,-2.17046,-4.08983,-2.06948,-4.49947,-1.92228,-1.21399,4.28329,-4.19259,-3.09939,-2.41958,-0.97683,-4.41713,-15.58718,-0.54559,-0.51402,-3.52805,-7.39314,-5.18979,-4.22143,-1.42577,-1.89577,-2.53702,-3.83005,-4.81772,-5.26814,-4.48048,-15.56898,-4.27465,-5.72641,-3.83754,-5.07815,-7.46004,-6.07611,2.40525,0.73481,-4.92044,-5.16666,-4.74581,-3.79610,0.15054,-15.40151,-7.82279,-0.09398,-5.79512,-6.48661,-3.62018,-1.76546,-0.23072,-0.38198,-2.00686,-3.19175,-5.41284,-3.82726,-1.99902,-15.55068,-6.09616,-2.99506,-2.39869,-5.41892,-4.42279,-3.51218,3.60264,2.07166,-2.16239,-0.10445,-1.80754,-4.53264,-0.10170,-15.38516,-3.61269,-0.77215,-3.38090,-5.12383,-4.66741,-0.68221,3.49578,2.79923
-0.46253,4.61890,-3.79339,-4.87896,-4.92068,-4.52829,-3.33138,-14.76031,2.10215,0.23690,-5.76572,-6.43100,-5.01978,-4.27274,-3.18143,0.59087,-1.60710,-6.94642,-7.41453,-5.93917,-3.71468,-14.77046,-2.57733,-2.49643,-2.60488,-1.29309,-6.14918,-3.41311,-1.39475,3.60879,-3.10236,-1.25203,-5.24062,-0.79124,-3.60009,-14.85669,-3.36806,0.55677,-2.39710,-5.97364,-2.61132,-1.12069,0.70920,1.20929,-1.57268,1.21150,-3.39699,-1.53101,-2.09855,-14.71995,-2.60549,-2.51261,-4.66617,-5.03298,-2.47225,-2.12541,10.07802,4.40405,2.01663,0.14083,0.62556,-1.31730,6.22320,-14.71456,-1.96889,2.20385,-1.45584,-0.60220,3.17849,0.91822,1.75165,1.61724,-0.16514,-6.34956,-4.91883,-3.02891,0.15300,-14.82841,-1.05291,-1.36278,-2.52413,-2.77882,-1.38624,-1.94881,-1.82314,0.41198,-3.11346,-4.25875,-6.96710,-5.80124,-2.54408,-14.78068,-2.83394,-2.11560,-3.87485,-1.95754,-4.49220,-1.69019,-1.31876,4.18339,-3.98469,-2.61524,-2.25387,-0.82104,-4.36789,-14.83643,-0.54202,-0.37106,-3.28551,-6.99876,-5.23799,-4.18968,-1.20100,-1.79234,-2.34903,-3.29476,-4.45576,-4.86092,-4.35246,-14.79127,-3.87939,-5.64159,-3.55255,-5.07319,-7.09020,-6.05438,2.52188,0.39436,-4.63461,-5.04148,-4.92141,-3.94627,0.25321,-14.65509,-7.69676,-0.04159,-5.69865,-6.15479,-3.31780,-1.85975,-0.14370,-0.49309,-1.86157,-3.20952,-5.10115,-3.49324,-1.62195,-14.78369,-6.07478,-2.83840,-2.06906,-4.87866,-3.77221,-3.25126,3.42347,2.05646,-1.79133,0.39895,-1.51629,-3.88690,-0.27067,-14.58548,-3.18957,-0.82614,-3.07016,-4.77093,-4.31600,-0.44685,3.39065,2.72172
-0.36735,4.59129,-3.78128,-4.67893,-4.80020,-4.54322,-3.26569,-14.54507,2.23081,0.30007,-5.84447,-6.42627,-5.17704,-4.14051,-3.25948,0.32686,-1.65760,-7.21458,-7.57931,-6.11617,-3.72209,-14.55517,-2.70390,-2.54939,-2.69234,-1.30267,-6.32060,-3.63956,-1.67577,3.06325,-3.22325,-1.53149,-5.29362,-1.13947,-3.80299,-14.61608,-3.81771,0.23809,-2.44742,-6.12016,-3.04763,-1.46060,0.60251,1.12155,-1.64718,1.45152,-3.24511,-1.40448,-2.18859,-14.53901,-2.69065,-2.53982,-4.67650,-5.11434,-2.67966,-2.14164,10.17792,4.50048,2.05737,0.39947,0.81089,-1.25543,6.22875,-14.50285,-1.74481,2.27288,-1.48193,-0.56168,3.05104,0.96521,1.84803,1.68272,-0.01408,-6.44374,-4.93489,-3.08550,0.26139,-14.61669,-0.88404,-1.21943,-2.52433,-2.60321,-1.35007,-1.85328,-2.01763,0.37251,-3.07030,-4.32308,-7.11480,-5.71664,-2.59328,-14.56262,-2.71667,-2.08226,-3.79960,-1.96424,-4.50204,-1.55265,-1.34441,4.17749,-3.88252,-2.27480,-2.20794,-0.66746,-4.29297,-14.62346,-0.45711,-0.23601,-3.17695,-6.84348,-5.24360,-4.17120,-0.98072,-1.69643,-2.22303,-3.07314,-4.25063,-4.70180,-4.15893,-14.57145,-3.65083,-5.53606,-3.43894,-5.04090,-6.87760,-6.05147,2.54077,0.23865,-4.47676,-5.12184,-5.08040,-4.03383,0.29350,-14.45020,-7.54805,0.01761,-5.67935,-6.01306,-3.13814,-1.94365,-0.26115,-0.61486,-1.85912,-3.34800,-5.06953,-3.38174,-1.52113,-14.56425,-6.08351,-2.80759,-2.02142,-4.65927,-3.58724,-3.16543,3.36123,2.12988,-1.61718,0.70876,-1.30335,-3.47899,-0.31858,-14.36350,-2.97590,-0.76401,-2.97099,-4.63370,-4.15856,-0.30607,3.33203,2.75342
-0.34660,4.54360,-3.78746,-4.63272,-4.79640,-4.57743,-3.24378,-14.53201,2.25620,0.31497,-5.89548,-6.45345,-5.29625,-4.12396,-3.28966,0.18659,-1.68640,-7.34731,-7.67324,-6.20835,-3.71006,-14.54550,-2.79148,-2.58966,-2.74291,-1.32299,-6.39896,-3.75950,-1.79299,2.85843,-3.29251,-1.67051,-5.34130,-1.28583,-3.87279,-14.59224,-3.98665,0.11461,-2.50395,-6.21530,-3.23017,-1.60121,0.55821,1.09542,-1.67595,1.52700,-3.20263,-1.35883,-2.22861,-14.53747,-2.71085,-2.54859,-4.68333,-5.14942,-2.77533,-2.15004,10.18809,4.54955,2.05871,0.47897,0.86642,-1.21941,6.21153,-14.49120,-1.63260,2.30688,-1.51987,-0.58285,2.97569,0.99335,1.85468,1.70418,0.01769,-6.50730,-4.98720,-3.12202,0.29454,-14.60267,-0.80929,-1.16000,-2.54538,-2.54405,-1.37334,-1.82626,-2.08520,0.35315,-3.05579,-4.35367,-7.18098,-5.67045,-2.57637,-14.54970,-2.68909,-2.05220,-3.78591,-1.96374,-4.51991,-1.51073,-1.35271,4.15826,-3.84482,-2.16283,-2.20119,-0.60337,-4.24212,-14.61018,-0.42699,-0.18535,-3.13300,-6.80427,-5.24594,-4.19452,-0.89206,-1.67436,-2.18651,-3.02548,-4.18622,-4.66398,-4.06330,-14.56038,-3.56046,-5.50192,-3.43009,-5.04881,-6.80040,-6.06857,2.54543,0.19981,-4.40828,-5.18323,-5.13355,-4.05051,0.31130,-14.44503,-7.44456,0.06607,-5.67937,-5.95856,-3.06621,-1.96978,-0.34740,-0.66170,-1.87313,-3.42668,-5.08080,-3.34437,-1.51301,-14.55446,-6.07158,-2.79808,-2.03606,-4.59828,-3.57442,-3.12966,3.31628,2.16066,-1.58006,0.80999,-1.23725,-3.33855,-0.34215,-14.35458,-2.89152,-0.73111,-2.97051,-4.61971,-4.12704,-0.24848,3.30250,2.80255
-0.34205,4.51212,-3.78729,-4.64497,-4.81076,-4.59221,-3.22559,-14.55157,2.25818,0.31890,-5.91896,-6.46827,-5.35752,-4.14222,-3.30504,0.11363,-1.69795,-7.40939,-7.72590,-6.24097,-3.70402,-14.56641,-2.83696,-2.62481,-2.76957,-1.34001,-6.43314,-3.81227,-1.83985,2.80132,-3.34216,-1.71576,-5.38152,-1.33683,-3.88783,-14.60690,-4.03719,0.08905,-2.56448,-6.26962,-3.30129,-1.63310,0.54167,1.09045,-1.67587,1.55326,-3.18616,-1.33647,-2.24420,-14.56104,-2.70620,-2.54088,-4.67682,-5.15944,-2.81645,-2.15679,10.17797,4.55503,2.05822,0.48862,0.87607,-1.20792,6.19341,-14.51057,-1.58923,2.30518,-1.55086,-0.60998,2.92927,0.99610,1.82665,1.70907,0.00013,-6.55690,-5.04917,-3.14344,0.29233,-14.61825,-0.77141,-1.13402,-2.57804,-2.53763,-1.39103,-1.82011,-2.10435,0.34834,-3.03699,-4.35737,-7.20329,-5.63577,-2.55338,-14.56675,-2.67954,-2.02797,-3.77016,-1.94843,-4.53682,-1.50127,-1.34773,4.14329,-3.82288,-2.12800,-2.19266,-0.57528,-4.21743,-14.62618,-0.41364,-0.17441,-3.11455,-6.80718,-5.24289,-4.21091,-0.86214,-1.68005,-2.19372,-3.03956,-4.18961,-4.66828,-4.01873,-14.57944,-3.51532,-5.49154,-3.46791,-5.06948,-6.76902,-6.08371,2.55191,0.19077,-4.37307,-5.22521,-5.14279,-4.04317,0.33563,-14.46731,-7.39141,0.10118,-5.67479,-5.92777,-3.04768,-1.97332,-0.40053,-0.68776,-1.88254,-3.45789,-5.08938,-3.33036,-1.52455,-14.57450,-6.06610,-2.80737,-2.05306,-4.59732,-3.60938,-3.12100,3.29006,2.16602,-1.60186,0.83082,-1.23903,-3.31109,-0.35354,-14.37728,-2.85902,-0.71713,-3.01340,-4.64724,-4.13476,-0.23011,3.29256,2.84866
-0.35198,4.49606,-3.78530,-4.67787,-4.83247,-4.59016,-3.22154,-14.58441,2.25635,0.32252,-5.93044,-6.47773,-5.38806,-4.16425,-3.31752,0.08708,-1.70174,-7.42599,-7.75855,-6.23946,-3.70965,-14.60074,-2.85002,-2.64733,-2.78642,-1.35918,-6.45378,-3.83858,-1.85402,2.80388,-3.37910,-1.72605,-5.42435,-1.35065,-3.88181,-14.63713,-4.04069,0.10342,-2.62452,-6.30530,-3.33192,-1.63223,0.53482,1.08130,-1.66861,1.54161,-3.19257,-1.34006,-2.25098,-14.59652,-2.71119,-2.53578,-4.66867,-5.16590,-2.83767,-2.16770,10.15723,4.53703,2.05342,0.46965,0.86396,-1.21178,6.16892,-14.54271,-1.59250,2.28452,-1.57724,-0.64611,2.89330,0.98534,1.79643,1.71558,-0.02910,-6.58231,-5.10070,-3.15541,0.27250,-14.64846,-0.74345,-1.11998,-2.61068,-2.55470,-1.40741,-1.82043,-2.10193,0.34943,-3.02186,-4.35894,-7.21291,-5.62069,-2.53369,-14.59671,-2.67497,-2.01068,-3.76121,-1.93384,-4.56443,-1.51128,-1.35391,4.12267,-3.81699,-2.14259,-2.20294,-0.58625,-4.21771,-14.65739,-0.41877,-0.18388,-3.11503,-6.83312,-5.26276,-4.23660,-0.86647,-1.70136,-2.21942,-3.07805,-4.22223,-4.68996,-4.00697,-14.61339,-3.51037,-5.49551,-3.51699,-5.10265,-6.77043,-6.10572,2.56981,0.19734,-4.35064,-5.24400,-5.12773,-4.02697,0.36359,-14.50145,-7.36869,0.12537,-5.67232,-5.91621,-3.05600,-1.97340,-0.41910,-0.69530,-1.88177,-3.47352,-5.09936,-3.32782,-1.53217,-14.60680,-6.05774,-2.81287,-2.06747,-4.61822,-3.65010,-3.11696,3.27536,2.16226,-1.63395,0.80343,-1.27734,-3.33328,-0.35741,-14.41336,-2.84912,-0.70751,-3.06331,-4.67733,-4.15479,-0.22523,3.29379,2.89381
-0.36555,4.49197,-3.78912,-4.70979,-4.85341,-4.58216,-3.23311,-14.63901,2.25322,0.32680,-5.94038,-6.49579,-5.40141,-4.18307,-3.32430,0.08488,-1.70021,-7.42561,-7.78590,-6.23153,-3.72147,-14.65884,-2.85090,-2.65847,-2.80301,-1.37884,-6.47268,-3.85568,-1.85406,2.82944,-3.40862,-1.73523,-5.47098,-1.35688,-3.87306,-14.68932,-4.03139,0.12606,-2.67895,-6.33656,-3.35401,-1.62284,0.52188,1.06602,-1.66393,1.51375,-3.22653,-1.36948,-2.26713,-14.65345,-2.73373,-2.54025,-4.66597,-5.17740,-2.86447,-2.18794,10.13591,4.51162,2.04005,0.43811,0.84716,-1.23416,6.13908,-14.59735,-1.62570,2.25452,-1.60644,-0.69591,2.84919,0.96407,1.77495,1.72641,-0.05547,-6.59538,-5.14284,-3.16859,0.24285,-14.70052,-0.72867,-1.11359,-2.64027,-2.58458,-1.42683,-1.83200,-2.08868,0.34857,-3.01568,-4.36889,-7.22307,-5.62759,-2.51836,-14.64820,-2.67960,-2.00502,-3.76752,-1.92929,-4.59775,-1.53339,-1.36345,4.11147,-3.81760,-2.17043,-2.22897,-0.61535,-4.22789,-14.71040,-0.43060,-0.19278,-3.12477,-6.86667,-5.29516,-4.26323,-0.87881,-1.72259,-2.24929,-3.11833,-4.26011,-4.72118,-4.00940,-14.67033,-3.52350,-5.50806,-3.56211,-5.13901,-6.78896,-6.12861,2.59594,0.21761,-4.33431,-5.25085,-5.10943,-4.01117,0.38983,-14.55442,-7.35745,0.14626,-5.67845,-5.91943,-3.07385,-1.97678,-0.41973,-0.69498,-1.87714,-3.49350,-5.11906,-3.33542,-1.53723,-14.66066,-6.05267,-2.81248,-2.07713,-4.64957,-3.69144,-3.12038,3.26798,2.15741,-1.66294,0.76388,-1.33043,-3.36993,-0.35826,-14.47050,-2.85634,-0.69604,-3.10928,-4.70398,-4.17612,-0.23071,3.30397,2.93274
-0.37510,4.50313,-3.79831,-4.71417,-4.86081,-4.56443,-3.25760,-14.69577,2.25147,0.33939,-5.94283,-6.51602,-5.39195,-4.19119,-3.31415,0.10669,-1.69160,-7.40901,-7.79027,-6.21680,-3.72974,-14.71982,-2.83393,-2.65071,-2.81387,-1.38342,-6.48097,-3.85895,-1.84379,2.86375,-3.41522,-1.74157,-5.51487,-1.35854,-3.86815,-14.74334,-4.01800,0.14609,-2.70533,-6.34335,-3.35990,-1.60612,0.49977,1.04733,-1.66299,1.48282,-3.27264,-1.41063,-2.29593,-14.71143,-2.76490,-2.55818,-4.66737,-5.19490,-2.88572,-2.21249,10.11978,4.48910,2.02645,0.41723,0.84254,-1.26497,6.10769,-14.65487,-1.67197,2.22211,-1.62660,-0.74518,2.81354,0.93891,1.77520,1.73349,-0.06771,-6.58853,-5.15537,-3.18621,0.21630,-14.75420,-0.73196,-1.11863,-2.65927,-2.61365,-1.44126,-1.85180,-2.07271,0.33716,-3.02101,-4.38568,-7.23420,-5.66301,-2.51378,-14.70217,-2.70034,-2.01572,-3.78684,-1.93393,-4.62697,-1.56072,-1.37421,4.10427,-3.82306,-2.19705,-2.25562,-0.65943,-4.24360,-14.76524,-0.45302,-0.20508,-3.13739,-6.89308,-5.33720,-4.28881,-0.88459,-1.73595,-2.26826,-3.13091,-4.27651,-4.74836,-4.01934,-14.72989,-3.54694,-5.52626,-3.58383,-5.16275,-6.81944,-6.15127,2.63300,0.24697,-4.32352,-5.24103,-5.08648,-4.00216,0.41109,-14.60728,-7.35835,0.15722,-5.68798,-5.93453,-3.08810,-1.97898,-0.40151,-0.68445,-1.86444,-3.51590,-5.14151,-3.34833,-1.53443,-14.71787,-6.05170,-2.79710,-2.06860,-4.67054,-3.71339,-3.12695,3.27119,2.15793,-1.67586,0.73607,-1.37351,-3.39707,-0.35487,-14.52901,-2.87384,-0.68397,-3.13169,-4.71666,-4.17831,-0.23216,3.32038,2.94865
-0.38437,4.50306,-3.81372,-4.70123,-4.85859,-4.56280,-3.28806,-14.72586,2.23447,0.34579,-5.94225,-6.52992,-5.38537,-4.19818,-3.29129,0.14640,-1.68229,-7.38063,-7.76899,-6.19704,-3.73190,-14.75398,-2.81091,-2.62643,-2.81148,-1.37579,-6.47776,-3.84806,-1.83366,2.88807,-3.39441,-1.73692,-5.54001,-1.36137,-3.87326,-14.77006,-4.00614,0.14808,-2.69612,-6.32769,-3.36028,-1.59129,0.48976,1.04282,-1.66020,1.47050,-3.30670,-1.44076,-2.31875,-14.74094,-2.78803,-2.56949,-4.67318,-5.20360,-2.88110,-2.22016,10.11374,4.48014,2.02523,0.41391,0.85184,-1.28989,6.08483,-14.68580,-1.70473,2.20096,-1.62576,-0.77634,2.79751,0.92244,1.80157,1.73567,-0.05532,-6.55931,-5.13776,-3.19847,0.21051,-14.78223,-0.75041,-1.12431,-2.65698,-2.61791,-1.44232,-1.86428,-2.05785,0.32874,-3.03370,-4.39384,-7.24065,-5.69592,-2.51731,-14.72927,-2.71803,-2.02483,-3.80814,-1.94545,-4.63022,-1.58127,-1.38054,4.09735,-3.82321,-2.20891,-2.27611,-0.70160,-4.25915,-14.79123,-0.47816,-0.21459,-3.14546,-6.89225,-5.36692,-4.30889,-0.87415,-1.73297,-2.27180,-3.11207,-4.25833,-4.75251,-4.02995,-14.76166,-3.56270,-5.54219,-3.58021,-5.16566,-6.83212,-6.15889,2.65730,0.26967,-4.31718,-5.21586,-5.07247,-3.99888,0.41228,-14.63083,-7.36522,0.15738,-5.69564,-5.94912,-3.09437,-1.97729,-0.36949,-0.67535,-1.84953,-3.52712,-5.14786,-3.36321,-1.52098,-14.74970,-6.06338,-2.77372,-2.04456,-4.67438,-3.71595,-3.12729,3.27448,2.15588,-1.67400,0.72993,-1.39070,-3.41062,-0.36083,-14.55958,-2.89440,-0.67831,-3.12990,-4.72404,-4.17412,-0.23786,3.34072,2.93693
-0.37596,4.48557,-3.81221,-4.66069,-4.81522,-4.56829,-3.28772,-14.63867,2.22066,0.34266,-5.92785,-6.50623,-5.38199,-4.19410,-3.25295,0.19055,-1.66548,-7.33953,-7.71232,-6.16283,-3.71663,-14.66936,-2.77861,-2.58678,-2.78387,-1.33709,-6.43566,-3.81204,-1.84294,2.85503,-3.35192,-1.71932,-5.52843,-1.37832,-3.89344,-14.67951,-4.00934,0.11649,-2.64623,-6.28408,-3.35567,-1.58768,0.50868,1.06452,-1.64281,1.51031,-3.27676,-1.41270,-2.31026,-14.65163,-2.77413,-2.55230,-4.66735,-5.17408,-2.81910,-2.18571,10.12588,4.48678,2.05316,0.45865,0.90063,-1.27445,6.08905,-14.60082,-1.68025,2.20054,-1.58511,-0.74627,2.82938,0.92956,1.84975,1.72551,-0.00887,-6.50749,-5.08902,-3.18764,0.24955,-14.69630,-0.76418,-1.11589,-2.63060,-2.56282,-1.39976,-1.83864,-2.05445,0.32253,-3.03795,-4.37737,-7.21849,-5.68303,-2.52856,-14.64166,-2.71437,-2.01567,-3.79912,-1.94995,-4.58485,-1.56530,-1.38427,4.06889,-3.80544,-2.17569,-2.25927,-0.70977,-4.26928,-14.70074,-0.50121,-0.23372,-3.13888,-6.84432,-5.35881,-4.31307,-0.84286,-1.71412,-2.25754,-3.04750,-4.18349,-4.71074,-4.03194,-14.67318,-3.54435,-5.54284,-3.55013,-5.13796,-6.80209,-6.13334,2.64756,0.25504,-4.30879,-5.17786,-5.07549,-4.00964,0.38873,-14.54020,-7.37483,0.14325,-5.68139,-5.93156,-3.08696,-1.97200,-0.34244,-0.68916,-1.83838,-3.51318,-5.11116,-3.37084,-1.49274,-14.66585,-6.08596,-2.76089,-2.00605,-4.64031,-3.68662,-3.10633,3.26759,2.15222,-1.65483,0.77033,-1.35420,-3.38322,-0.38636,-14.47004,-2.88904,-0.68683,-3.10230,-4.72087,-4.14746,-0.23351,3.34841,2.89223
-0.37260,4.44955,-3.80491,-4.61492,-4.76410,-4.58313,-3.27432,-14.48200,2.19201,0.33330,-5.90195,-6.45270,-5.39139,-4.18870,-3.22461,0.23091,-1.65085,-7.28271,-7.63267,-6.10590,-3.70916,-14.51118,-2.73994,-2.54026,-2.74007,-1.29821,-6.37944,-3.76872,-1.84974,2.79630,-3.28969,-1.66480,-5.48131,-1.39306,-3.91866,-14.52099,-4.01688,0.07961,-2.56747,-6.21568,-3.33868,-1.58428,0.56257,1.11115,-1.60957,1.57821,-3.19494,-1.33714,-2.26344,-14.49180,-2.72527,-2.49906,-4.65114,-5.11602,-2.70994,-2.11727,10.13648,4.50236,2.11209,0.52740,0.94870,-1.23436,6.10842,-14.44564,-1.60150,2.22657,-1.50730,-0.65631,2.90306,0.95926,1.90752,1.71184,0.06057,-6.43406,-5.01041,-3.15333,0.31988,-14.54368,-0.75746,-1.08847,-2.57908,-2.46988,-1.32317,-1.78645,-2.06020,0.32800,-3.02333,-4.32566,-7.16719,-5.62706,-2.54408,-14.48549,-2.67345,-1.98967,-3.76082,-1.94402,-4.50116,-1.53260,-1.38402,4.01596,-3.77086,-2.12644,-2.21115,-0.69901,-4.26877,-14.54040,-0.51808,-0.25981,-3.11601,-6.74672,-5.31955,-4.30798,-0.80281,-1.69221,-2.22923,-2.96293,-4.07693,-4.63444,-4.02439,-14.51254,-3.50974,-5.53000,-3.50416,-5.09075,-6.74157,-6.09362,2.61126,0.19881,-4.29487,-5.12317,-5.07834,-4.03256,0.34754,-14.38251,-7.39691,0.11537,-5.64738,-5.88980,-3.08183,-1.96168,-0.31172,-0.71387,-1.82874,-3.47113,-5.02970,-3.37759,-1.45768,-14.51070,-6.11208,-2.75093,-1.96198,-4.58367,-3.64275,-3.07508,3.24528,2.13950,-1.62261,0.81867,-1.29476,-3.34177,-0.43015,-14.31186,-2.86440,-0.71297,-3.05553,-4.71721,-4.13169,-0.23503,3.34803,2.82939
-0.36536,4.40655,-3.77918,-4.66400,-4.78161,-4.59925,-3.21269,-14.37661,2.18892,0.31779,-5.90918,-6.40075,-5.43241,-4.20140,-3.24427,0.20927,-1.64019,-7.30161,-7.66219,-6.06122,-3.70085,-14.39412,-2.74057,-2.55189,-2.71676,-1.30644,-6.36030,-3.77452,-1.89062,2.72217,-3.31551,-1.65621,-5.48287,-1.41698,-3.91520,-14.41086,-4.04245,0.05809,-2.62109,-6.24189,-3.38329,-1.59580,0.62598,1.15191,-1.59307,1.61473,-3.11761,-1.24112,-2.18032,-14.38653,-2.65795,-2.40917,-4.64154,-5.08479,-2.65880,-2.06823,10.10723,4.48192,2.15537,0.52933,0.92616,-1.18196,6.11604,-14.33668,-1.51755,2.23504,-1.48331,-0.60498,2.88883,0.95052,1.86803,1.70366,0.04622,-6.47076,-5.06820,-3.12657,0.34015,-14.43863,-0.70838,-1.05505,-2.59739,-2.44325,-1.31055,-1.74556,-2.11822,0.34603,-3.00818,-4.31778,-7.17417,-5.52788,-2.57483,-14.38473,-2.60696,-1.94723,-3.72057,-1.94698,-4.50032,-1.51722,-1.39507,3.95661,-3.72404,-2.11913,-2.18283,-0.65935,-4.26797,-14.43516,-0.51299,-0.28609,-3.09918,-6.71927,-5.29171,-4.31258,-0.79970,-1.68992,-2.24897,-2.99632,-4.09558,-4.60210,-3.99959,-14.40217,-3.46004,-5.49756,-3.56173,-5.13076,-6.71107,-6.06444,2.54873,0.12899,-4.28774,-5.14979,-5.13355,-4.06746,0.33543,-14.28797,-7.38814,0.12080,-5.64042,-5.83943,-3.13258,-1.95299,-0.33753,-0.76036,-1.84313,-3.46858,-4.96639,-3.37439,-1.45040,-14.40105,-6.12383,-2.78431,-1.98491,-4.58316,-3.69446,-3.06783,3.17530,2.11257,-1.65173,0.79947,-1.31400,-3.35440,-0.49130,-14.20943,-2.80942,-0.75200,-3.10484,-4.76432,-4.18807,-0.26756,3.33235,2.88891
-0.37748,4.34649,-3.76619,-4.74784,-4.84230,-4.63354,-3.18533,-14.36111,2.15381,0.29351,-5.92045,-6.39372,-5.49954,-4.23463,-3.28234,0.16008,-1.64619,-7.34193,-7.72607,-6.04943,-3.71875,-14.37075,-2.76560,-2.59131,-2.72201,-1.35060,-6.38451,-3.81157,-1.91115,2.71553,-3.35321,-1.64413,-5.50554,-1.42910,-3.90013,-14.39122,-4.03853,0.06956,-2.69674,-6.28043,-3.42916,-1.58955,0.66789,1.19343,-1.56742,1.62549,-3.08768,-1.18896,-2.12826,-14.37240,-2.60616,-2.33665,-4.61796,-5.06043,-2.64949,-2.03836,10.05288,4.45049,2.17023,0.48428,0.85522,-1.16366,6.09135,-14.31866,-1.46889,2.22799,-1.49531,-0.61310,2.84403,0.93639,1.81311,1.70152,0.01171,-6.51620,-5.14749,-3.10456,0.33433,-14.42160,-0.66698,-1.02826,-2.62533,-2.44940,-1.32042,-1.73211,-2.13682,0.37330,-2.97366,-4.29914,-7.18082,-5.44186,-2.56368,-14.37052,-2.55604,-1.90846,-3.68604,-1.93268,-4.51568,-1.52640,-1.39083,3.91635,-3.68664,-2.14174,-2.18287,-0.64680,-4.25619,-14.41770,-0.50199,-0.29284,-3.08639,-6.72353,-5.28333,-4.32473,-0.81730,-1.70909,-2.28582,-3.08834,-4.15540,-4.61901,-3.98300,-14.38275,-3.43706,-5.47318,-3.63911,-5.18482,-6.70420,-6.06605,2.48941,0.08311,-4.27655,-5.20230,-5.16400,-4.08366,0.31567,-14.28025,-7.36716,0.13039,-5.64648,-5.81711,-3.20062,-1.96411,-0.37870,-0.78839,-1.86357,-3.47498,-4.94614,-3.37152,-1.47747,-14.38269,-6.12849,-2.81420,-2.03455,-4.62020,-3.79159,-3.07030,3.11929,2.08832,-1.69982,0.75202,-1.37105,-3.40511,-0.53051,-14.19957,-2.78553,-0.76457,-3.17457,-4.82920,-4.27315,-0.30111,3.32543,2.97770
-0.38760,4.27730,-3.75530,-4.85045,-4.91333,-4.67543,-3.15831,-14.40679,2.10367,0.27013,-5.94171,-6.40355,-5.58137,-4.28290,-3.32497,0.10480,-1.66261,-7.38992,-7.81106,-6.05214,-3.73953,-14.40963,-2.80163,-2.63060,-2.74655,-1.40696,-6.42073,-3.85341,-1.92694,2.72909,-3.40003,-1.63507,-5.53929,-1.44727,-3.87900,-14.43097,-4.02301,0.09488,-2.78704,-6.32714,-3.48371,-1.57617,0.70208,1.23903,-1.53512,1.62803,-3.07803,-1.15066,-2.09112,-14.41520,-2.55855,-2.26753,-4.59587,-5.03873,-2.65806,-2.02045,9.98748,4.41271,2.16699,0.41753,0.76575,-1.16524,6.05764,-14.36039,-1.43745,2.21144,-1.52947,-0.64938,2.78105,0.91287,1.75119,1.70060,-0.03555,-6.57122,-5.24839,-3.09029,0.32259,-14.46230,-0.63908,-0.99692,-2.66323,-2.46437,-1.34103,-1.72831,-2.13094,0.39783,-2.93572,-4.27609,-7.17488,-5.36035,-2.53144,-14.41376,-2.52053,-1.86675,-3.65519,-1.92076,-4.54188,-1.54539,-1.37352,3.88237,-3.65559,-2.17128,-2.18818,-0.64287,-4.23200,-14.45752,-0.49125,-0.29210,-3.08529,-6.73909,-5.27811,-4.34284,-0.83567,-1.73532,-2.33387,-3.20550,-4.22671,-4.65461,-3.95933,-14.42287,-3.41525,-5.44815,-3.73394,-5.23635,-6.70165,-6.07896,2.42886,0.04861,-4.25892,-5.26343,-5.19155,-4.09376,0.29873,-14.33244,-7.34391,0.14600,-5.65203,-5.79620,-3.27845,-1.98332,-0.43000,-0.81567,-1.89829,-3.48531,-4.93789,-3.37757,-1.51573,-14.42609,-6.13477,-2.84965,-2.10274,-4.68560,-3.91544,-3.08003,3.07855,2.06416,-1.76226,0.69674,-1.44056,-3.47304,-0.55552,-14.24697,-2.77928,-0.76353,-3.26575,-4.91199,-4.37381,-0.34058,3.32064,3.07085
-0.39788,4.20949,-3.75441,-4.95056,-4.97090,-4.71686,-3.14255,-14.47213,2.03771,0.24796,-5.96036,-6.42483,-5.65852,-4.34027,-3.35775,0.06822,-1.68134,-7.41710,-7.87448,-6.04865,-3.76379,-14.47071,-2.82902,-2.66008,-2.77061,-1.45798,-6.44976,-3.88661,-1.92771,2.76568,-3.43392,-1.61224,-5.56918,-1.45570,-3.85715,-14.49168,-3.99463,0.12985,-2.86039,-6.35923,-3.52189,-1.54929,0.72685,1.28229,-1.50451,1.61687,-3.08399,-1.13109,-2.07168,-14.47591,-2.51768,-2.21449,-4.58006,-5.02420,-2.66247,-2.00817,9.92334,4.37449,2.15911,0.34903,0.68140,-1.18076,6.01960,-14.42211,-1.42415,2.18470,-1.56300,-0.69174,2.72789,0.89029,1.70472,1.70347,-0.07691,-6.60177,-5.33132,-3.07810,0.31335,-14.52389,-0.62385,-0.96620,-2.69594,-2.47989,-1.35450,-1.72535,-2.10162,0.42160,-2.89935,-4.24155,-7.15704,-5.29390,-2.49031,-14.47520,-2.49617,-1.82797,-3.62713,-1.90619,-4.55690,-1.56440,-1.35019,3.85170,-3.63394,-2.20921,-2.19616,-0.65963,-4.21086,-14.51582,-0.49097,-0.29719,-3.09098,-6.75355,-5.27239,-4.36884,-0.85533,-1.76382,-2.38042,-3.31393,-4.28832,-4.68910,-3.94645,-14.48438,-3.40229,-5.43891,-3.82025,-5.27649,-6.69955,-6.09828,2.38380,0.03204,-4.23833,-5.30466,-5.19941,-4.09367,0.28473,-14.40186,-7.32800,0.15694,-5.65321,-5.77635,-3.34296,-1.99331,-0.46624,-0.83076,-1.92910,-3.48742,-4.93166,-3.38967,-1.54813,-14.48940,-6.14058,-2.87792,-2.16125,-4.75452,-4.02909,-3.08649,3.05277,2.03701,-1.82180,0.63853,-1.51267,-3.54992,-0.57324,-14.31329,-2.79194,-0.76265,-3.35218,-4.99119,-4.46749,-0.37621,3.32343,3.14487
-0.41263,4.14190,-3.75805,-5.05083,-5.02344,-4.75668,-3.13790,-14.54023,1.96410,0.22006,-5.97701,-6.45207,-5.73694,-4.40500,-3.38626,0.04177,-1.70118,-7.43142,-7.93484,-6.04385,-3.79434,-14.53424,-2.85451,-2.68682,-2.79542,-1.51151,-6.47739,-3.91603,-1.92136,2.80924,-3.46319,-1.59089,-5.59625,-1.46240,-3.83499,-14.55426,-3.96368,0.16700,-2.93051,-6.38777,-3.55953,-1.51714,0.74881,1.32288,-1.47225,1.59987,-3.10125,-1.12187,-2.05799,-14.53784,-2.48302,-2.16424,-4.56799,-5.00824,-2.66968,-1.99557,9.85856,4.33739,2.14760,0.28329,0.59566,-1.20491,5.98188,-14.48653,-1.42158,2.15729,-1.59665,-0.73487,2.66751,0.86683,1.66374,1.70881,-0.11535,-6.62486,-5.40938,-3.06910,0.30205,-14.58909,-0.61354,-0.93573,-2.72370,-2.49752,-1.37059,-1.72893,-2.06451,0.44142,-2.86463,-4.21284,-7.13539,-5.23521,-2.45066,-14.53929,-2.47654,-1.79422,-3.60187,-1.89451,-4.56819,-1.59032,-1.32661,3.82642,-3.61468,-2.25292,-2.21014,-0.67900,-4.19408,-14.57627,-0.49207,-0.30225,-3.10207,-6.76737,-5.26072,-4.39452,-0.87289,-1.78546,-2.42124,-3.41050,-4.34762,-4.71696,-3.93670,-14.54924,-3.38975,-5.42986,-3.90042,-5.30972,-6.69414,-6.10781,2.34869,0.02744,-4.21524,-5.32992,-5.20235,-4.08994,0.27423,-14.47344,-7.31054,0.17384,-5.65481,-5.75532,-3.40557,-1.99318,-0.49753,-0.84773,-1.96125,-3.49256,-4.93207,-3.41332,-1.57988,-14.55499,-6.14889,-2.90703,-2.22002,-4.82730,-4.14517,-3.09785,3.02622,2.00115,-1.88107,0.57139,-1.58923,-3.63712,-0.59421,-14.38241,-2.81924,-0.76739,-3.43689,-5.06919,-4.56597,-0.42356,3.33074,3.21329
-0.43355,4.07192,-3.76555,-5.15800,-5.07882,-4.79526,-3.14155,-14.62059,1.87875,0.18545,-5.98881,-6.48565,-5.81748,-4.47208,-3.41758,0.01934,-1.72413,-7.44007,-7.99832,-6.04055,-3.83224,-14.61021,-2.88207,-2.71528,-2.82350,-1.57467,-6.50922,-3.94520,-1.90369,2.86880,-3.48942,-1.56510,-5.62021,-1.46365,-3.80314,-14.62870,-3.92370,0.21317,-3.00133,-6.41285,-3.59025,-1.47281,0.77574,1.36979,-1.43266,1.57987,-3.12408,-1.11666,-2.04020,-14.61124,-2.44555,-2.10686,-4.55228,-4.98521,-2.67245,-1.98077,9.78662,4.29852,2.13296,0.20921,0.49844,-1.23476,5.94193,-14.56261,-1.42178,2.13037,-1.63179,-0.78095,2.60378,0.84300,1.62350,1.72132,-0.15505,-6.64446,-5.48492,-3.05265,0.28857,-14.66748,-0.59670,-0.90252,-2.74735,-2.52057,-1.37741,-1.73534,-2.02173,0.46429,-2.82667,-4.18368,-7.10974,-5.17176,-2.40831,-14.61520,-2.45439,-1.76201,-3.57757,-1.88125,-4.56990,-1.62275,-1.30062,3.80658,-3.59582,-2.30088,-2.22699,-0.69620,-4.17678,-14.64864,-0.49173,-0.30312,-3.11802,-6.78046,-5.23914,-4.41026,-0.89394,-1.80674,-2.46450,-3.51082,-4.41406,-4.74807,-3.92982,-14.62729,-3.38227,-5.42046,-3.98168,-5.34337,-6.69049,-6.11519,2.31214,0.02339,-4.19452,-5.35209,-5.20189,-4.08839,0.26069,-14.55688,-7.29853,0.18913,-5.65820,-5.73700,-3.47780,-1.99243,-0.52944,-0.86915,-2.00020,-3.50442,-4.93599,-3.44595,-1.61907,-14.63296,-6.16134,-2.94248,-2.28427,-4.91601,-4.27212,-3.11771,2.99211,1.95800,-1.94755,0.49021,-1.67463,-3.74154,-0.62293,-14.46453,-2.85969,-0.77769,-3.52584,-5.15442,-4.68288,-0.48656,3.34055,3.28296
-0.45922,3.99275,-3.77912,-5.28245,-5.13403,-4.84210,-3.15642,-14.72953,1.76353,0.13807,-5.99356,-6.52805,-5.90735,-4.55572,-3.45203,0.00606,-1.74965,-7.43041,-8.07028,-6.03590,-3.88101,-14.71418,-2.91357,-2.74294,-2.86022,-1.64370,-6.53992,-3.96892,-1.85810,2.96474,-3.50507,-1.51321,-5.63462,-1.45464,-3.75002,-14.73011,-3.86489,0.28988,-3.06866,-6.42319,-3.60448,-1.39557,0.80903,1.42130,-1.37620,1.55188,-3.15228,-1.12625,-2.02194,-14.70964,-2.40567,-2.04314,-4.53305,-4.95045,-2.67622,-1.97396,9.70276,4.25275,2.11222,0.12056,0.38443,-1.27985,5.89502,-14.66369,-1.43196,2.09714,-1.67422,-0.83341,2.53654,0.81273,1.58479,1.74415,-0.19822,-6.65303,-5.55923,-3.02670,0.27483,-14.77326,-0.57839,-0.86132,-2.76016,-2.54413,-1.37051,-1.75011,-1.95182,0.49742,-2.77406,-4.13449,-7.06365,-5.09613,-2.35102,-14.71602,-2.42783,-1.72367,-3.54945,-1.86157,-4.55428,-1.65860,-1.25729,3.79194,-3.57815,-2.35957,-2.24390,-0.71629,-4.15397,-14.74479,-0.49109,-0.29970,-3.14680,-6.79272,-5.19301,-4.41722,-0.91928,-1.83186,-2.51233,-3.62504,-4.49042,-4.78750,-3.92465,-14.73211,-3.37802,-5.41252,-4.07291,-5.36825,-6.68581,-6.12260,2.27044,0.02599,-4.16874,-5.36291,-5.19177,-4.08472,0.24047,-14.66811,-7.29128,0.20930,-5.65527,-5.71330,-3.56654,-1.98480,-0.57144,-0.89855,-2.05909,-3.51635,-4.94818,-3.50322,-1.67725,-14.73859,-6.18607,-2.99319,-2.35799,-5.03820,-4.43333,-3.15635,2.95466,1.90069,-2.03030,0.38727,-1.77726,-3.87950,-0.66269,-14.57362,-2.92913,-0.79718,-3.62809,-5.26139,-4.83003,-0.57492,3.35763,3.34677
-0.50583,3.89199,-3.81291,-5.45252,-5.24750,-4.91509,-3.19650,-14.94867,1.59806,0.09032,-6.00797,-6.59889,-6.03354,-4.66576,-3.49838,-0.01450,-1.78548,-7.41964,-8.17358,-6.04232,-3.94657,-14.92473,-2.97217,-2.77652,-2.91934,-1.75312,-6.61920,-4.00830,-1.78996,3.11365,-3.52863,-1.44711,-5.67141,-1.44235,-3.68373,-14.93826,-3.78695,0.39378,-3.17005,-6.45562,-3.63318,-1.30257,0.83761,1.47211,-1.31758,1.48081,-3.23083,-1.17762,-2.01800,-14.91586,-2.38560,-1.97710,-4.52807,-4.93109,-2.73542,-2.00364,9.58066,4.20160,2.07495,-0.02214,0.20214,-1.36042,5.81089,-14.87250,-1.46970,2.06296,-1.73331,-0.93654,2.41711,0.76776,1.52201,1.77093,-0.26550,-6.68011,-5.67266,-3.01777,0.21778,-14.98373,-0.56910,-0.82557,-2.78496,-2.61473,-1.40653,-1.80285,-1.85759,0.56155,-2.71719,-4.07885,-7.01969,-5.02689,-2.27749,-14.92393,-2.39199,-1.66211,-3.53885,-1.84939,-4.55551,-1.72271,-1.19427,3.79347,-3.54856,-2.45372,-2.28822,-0.75613,-4.12526,-14.94636,-0.48493,-0.27589,-3.17561,-6.81214,-5.15378,-4.42449,-0.95622,-1.86635,-2.57356,-3.78587,-4.61872,-4.86586,-3.90974,-14.94498,-3.39487,-5.39830,-4.19806,-5.40605,-6.70817,-6.15060,2.22276,0.05039,-4.13815,-5.38556,-5.19125,-4.08249,0.20928,-14.88657,-7.27646,0.24332,-5.65836,-5.70952,-3.69092,-1.97668,-0.61817,-0.92910,-2.12519,-3.54443,-4.98163,-3.59517,-1.76310,-14.95198,-6.22115,-3.05401,-2.45398,-5.20254,-4.66309,-3.23989,2.91248,1.83649,-2.13765,0.23083,-1.92797,-4.06669,-0.70127,-14.79588,-3.03094,-0.80306,-3.75938,-5.40944,-5.03089,-0.69518,3.39292,3.44108
-0.58094,3.79896,-3.85269,-5.65383,-5.44485,-4.98866,-3.28214,-15.31554,1.40979,0.04683,-6.03555,-6.71547,-6.18215,-4.78102,-3.53392,-0.03570,-1.81417,-7.41313,-8.34650,-6.07702,-4.01092,-15.27810,-3.06654,-2.81845,-3.01071,-1.91334,-6.77205,-4.07061,-1.69640,3.33009,-3.58432,-1.43423,-5.77509,-1.43487,-3.58756,-15.28886,-3.70235,0.52594,-3.34980,-6.55576,-3.69781,-1.21348,0.82644,1.47155,-1.28625,1.30920,-3.41536,-1.33308,-2.04918,-15.27357,-2.43298,-1.94086,-4.54536,-4.95565,-2.92141,-2.11537,9.40121,4.14696,1.98377,-0.24144,-0.06429,-1.48025,5.65776,-15.22562,-1.58108,2.02082,-1.84161,-1.15636,2.18173,0.67947,1.40707,1.81682,-0.37988,-6.76153,-5.87072,-3.04629,0.06491,-15.33846,-0.56599,-0.81721,-2.85235,-2.79048,-1.54117,-1.92987,-1.75618,0.65355,-2.68040,-4.07704,-7.03501,-4.99872,-2.20734,-15.27755,-2.37455,-1.58642,-3.59697,-1.86897,-4.63134,-1.83844,-1.13969,3.83272,-3.51446,-2.61633,-2.41022,-0.82622,-4.11592,-15.30042,-0.47573,-0.21880,-3.21580,-6.90651,-5.15229,-4.42896,-1.02256,-1.90348,-2.65727,-4.01155,-4.85841,-5.01656,-3.90338,-15.30919,-3.46402,-5.38143,-4.38429,-5.49348,-6.80974,-6.20005,2.19176,0.13300,-4.11663,-5.43982,-5.21370,-4.08871,0.17983,-15.24627,-7.22949,0.31276,-5.69402,-5.76935,-3.87161,-1.98066,-0.69431,-0.97174,-2.19652,-3.65752,-5.10993,-3.74465,-1.90289,-15.30962,-6.27032,-3.13659,-2.58871,-5.43326,-5.01293,-3.40970,2.85466,1.77064,-2.28255,-0.02007,-2.16267,-4.33153,-0.74067,-15.17193,-3.18074,-0.79373,-3.93924,-5.59354,-5.29212,-0.86267,3.45536,3.61439
-0.64522,3.71232,-3.89706,-5.83593,-5.64950,-5.06706,-3.34260,-15.73998,1.25338,0.00497,-6.08716,-6.83805,-6.33648,-4.89902,-3.53547,-0.05565,-1.84671,-7.44854,-8.50373,-6.13323,-4.01520,-15.69506,-3.16753,-2.84997,-3.10948,-2.05593,-6.89312,-4.12825,-1.62023,3.51822,-3.63946,-1.47553,-5.89927,-1.43386,-3.48338,-15.69958,-3.61953,0.62439,-3.52731,-6.66830,-3.75002,-1.15213,0.82158,1.48631,-1.28394,1.14071,-3.60448,-1.47463,-2.06438,-15.68679,-2.47038,-1.91321,-4.57790,-4.98911,-3.07617,-2.21263,9.23508,4.11743,1.86984,-0.45150,-0.29984,-1.57193,5.52215,-15.63853,-1.68454,1.99642,-1.96586,-1.39651,1.95649,0.59779,1.29238,1.83670,-0.52238,-6.88364,-6.07221,-3.09170,-0.08450,-15.74394,-0.58499,-0.83921,-2.94341,-2.97711,-1.69760,-2.06468,-1.68244,0.72089,-2.69737,-4.12447,-7.08168,-4.99760,-2.14905,-15.69033,-2.40032,-1.51620,-3.69828,-1.91842,-4.73101,-1.94916,-1.10358,3.86848,-3.52598,-2.77996,-2.54464,-0.88527,-4.10126,-15.71158,-0.48224,-0.17156,-3.28492,-7.03864,-5.17064,-4.44895,-1.08504,-1.92576,-2.74763,-4.22170,-5.08617,-5.16799,-3.89627,-15.73148,-3.53707,-5.36646,-4.57035,-5.59070,-6.92302,-6.24666,2.15636,0.22936,-4.13372,-5.53940,-5.25457,-4.10621,0.14831,-15.66671,-7.16245,0.36478,-5.75726,-5.86226,-4.02988,-1.99660,-0.78643,-0.99448,-2.27308,-3.79246,-5.25988,-3.88889,-2.04168,-15.73027,-6.30734,-3.21061,-2.73360,-5.66171,-5.34885,-3.56113,2.80181,1.73306,-2.43850,-0.26295,-2.36471,-4.57241,-0.77069,-15.60166,-3.31845,-0.78461,-4.12251,-5.78423,-5.52703,-1.00807,3.50847,3.78591
-0.67095,3.68682,-3.93656,-5.91314,-5.76872,-5.13653,-3.41940,-16.11226,1.08652,0.00306,-6.12294,-6.94959,-6.46291,-4.98204,-3.51060,-0.05087,-1.88480,-7.44618,-8.62196,-6.21238,-4.04188,-16.07028,-3.26344,-2.87236,-3.20311,-2.17807,-7.01936,-4.16881,-1.53559,3.67221,-3.66166,-1.49971,-6.00980,-1.47824,-3.42789,-16.05896,-3.59165,0.70861,-3.62358,-6.72961,-3.79293,-1.09755,0.79177,1.48907,-1.27774,0.98615,-3.77430,-1.62742,-2.14150,-16.04956,-2.53815,-1.94350,-4.61847,-5.03836,-3.23461,-2.33976,9.11451,4.11964,1.78696,-0.58078,-0.49527,-1.69183,5.38513,-16.00669,-1.78507,1.97706,-2.06735,-1.57438,1.77647,0.52018,1.27350,1.88797,-0.60464,-6.94160,-6.19103,-3.13874,-0.17791,-16.09846,-0.63234,-0.83257,-3.00978,-3.11871,-1.79119,-2.16573,-1.58195,0.77452,-2.68812,-4.13244,-7.11347,-5.03880,-2.10710,-16.05084,-2.45342,-1.45423,-3.78019,-1.96604,-4.78248,-2.03215,-1.01890,3.91868,-3.54661,-2.88730,-2.62505,-0.94841,-4.06602,-16.06664,-0.50921,-0.12841,-3.36050,-7.11879,-5.16401,-4.43257,-1.10284,-1.90675,-2.79960,-4.31558,-5.22481,-5.27023,-3.90537,-16.09958,-3.58119,-5.34575,-4.68277,-5.62326,-6.99494,-6.29139,2.15280,0.31548,-4.13250,-5.59355,-5.28547,-4.14002,0.11451,-16.02414,-7.14202,0.38713,-5.79289,-5.92898,-4.16293,-2.02159,-0.85068,-1.00201,-2.34530,-3.90148,-5.41840,-4.04125,-2.17872,-16.09651,-6.35679,-3.26231,-2.83355,-5.85262,-5.59826,-3.71658,2.77169,1.69326,-2.55827,-0.43373,-2.53585,-4.76444,-0.81152,-15.97261,-3.48494,-0.78046,-4.26573,-5.94494,-5.71212,-1.13963,3.58257,3.85339
-0.71191,3.64548,-3.97544,-6.04318,-5.89377,-5.18790,-3.43977,-16.35224,0.97694,-0.02943,-6.17681,-7.02331,-6.56056,-5.05813,-3.50027,-0.05668,-1.91969,-7.47529,-8.70775,-6.23995,-4.03336,-16.30322,-3.34022,-2.91181,-3.26329,-2.28665,-7.07750,-4.19079,-1.49135,3.76074,-3.72120,-1.54003,-6.09744,-1.48825,-3.35834,-16.29166,-3.55938,0.75554,-3.75279,-6.81512,-3.82515,-1.05064,0.81595,1.51957,-1.29178,0.85796,-3.87853,-1.69754,-2.11501,-16.27853,-2.53363,-1.90867,-4.66141,-5.05900,-3.30019,-2.37488,9.00385,4.10050,1.72761,-0.72245,-0.65545,-1.74621,5.32302,-16.24273,-1.82775,1.96058,-2.13957,-1.68342,1.62333,0.46103,1.20172,1.90799,-0.72023,-7.04699,-6.33648,-3.14833,-0.25513,-16.32820,-0.64351,-0.85140,-3.09247,-3.25752,-1.87236,-2.23150,-1.55693,0.82676,-2.71816,-4.18073,-7.15883,-5.01829,-2.09365,-16.28542,-2.45526,-1.39952,-3.85714,-2.01975,-4.82842,-2.09634,-0.98196,3.94465,-3.56203,-2.99489,-2.68759,-0.93760,-4.04478,-16.30015,-0.51577,-0.11831,-3.42553,-7.20492,-5.13491,-4.41477,-1.13615,-1.89104,-2.86493,-4.42207,-5.37559,-5.32379,-3.90857,-16.33665,-3.60095,-5.31614,-4.81429,-5.70000,-7.02943,-6.27888,2.12103,0.36640,-4.17157,-5.67051,-5.34670,-4.17207,0.09938,-16.25800,-7.10441,0.41209,-5.84895,-5.97238,-4.27465,-2.01703,-0.90608,-1.01415,-2.39833,-3.99192,-5.50219,-4.13293,-2.26053,-16.33471,-6.37073,-3.32470,-2.93750,-5.99136,-5.79795,-3.82139,2.68954,1.63698,-2.70150,-0.62605,-2.68728,-4.93459,-0.87237,-16.21625,-3.57057,-0.82555,-4.42164,-6.09909,-5.89181,-1.27756,3.61160,3.96593
-0.75349,3.60424,-4.00712,-6.13586,-5.99914,-5.23078,-3.46834,-16.52034,0.88593,-0.07313,-6.22317,-7.08346,-6.65148,-5.12021,-3.46933,-0.04008,-1.94580,-7.48847,-8.75903,-6.25070,-4.01620,-16.46961,-3.38901,-2.92881,-3.31299,-2.37880,-7.11318,-4.19930,-1.45459,3.81799,-3.75200,-1.58158,-6.17348,-1.50212,-3.29850,-16.45695,-3.53903,0.78770,-3.84826,-6.87446,-3.85743,-1.01860,0.84195,1.54310,-1.30779,0.74962,-3.95915,-1.75492,-2.07818,-16.44034,-2.53619,-1.86947,-4.69614,-5.06939,-3.34088,-2.38811,8.90420,4.09074,1.67877,-0.82664,-0.79335,-1.77975,5.26697,-16.41142,-1.84779,1.95360,-2.18856,-1.76987,1.49416,0.40551,1.15314,1.91560,-0.80419,-7.13043,-6.44124,-3.15694,-0.31027,-16.49437,-0.64617,-0.87767,-3.15057,-3.36565,-1.94101,-2.29357,-1.54656,0.87399,-2.74880,-4.23816,-7.21030,-4.99875,-2.09458,-16.45376,-2.44776,-1.35327,-3.92964,-2.07457,-4.85287,-2.14782,-0.97475,3.95329,-3.57344,-3.09165,-2.75656,-0.92886,-4.04125,-16.46859,-0.52648,-0.11667,-3.48492,-7.27269,-5.11907,-4.39913,-1.15270,-1.85871,-2.90386,-4.48276,-5.48411,-5.34510,-3.90989,-16.50736,-3.61520,-5.28062,-4.91039,-5.75965,-7.05620,-6.24769,2.08659,0.39739,-4.21318,-5.72965,-5.40377,-4.21535,0.07235,-16.42495,-7.06985,0.42115,-5.90432,-6.02165,-4.38294,-2.02111,-0.94944,-1.03683,-2.44086,-4.08407,-5.58173,-4.22707,-2.32545,-16.50537,-6.39691,-3.37399,-3.02523,-6.09464,-5.96732,-3.91640,2.60519,1.58536,-2.81334,-0.80001,-2.80429,-5.07352,-0.94341,-16.39031,-3.63859,-0.88146,-4.53457,-6.22672,-6.04320,-1.40320,3.63652,4.06915
-0.79537,3.55550,-4.04394,-6.21655,-6.09158,-5.27344,-3.49291,-16.66428,0.80788,-0.12074,-6.27165,-7.14601,-6.74682,-5.17801,-3.44878,-0.03425,-1.97439,-7.51484,-8.80381,-6.26575,-4.00674,-16.61425,-3.43224,-2.94756,-3.36553,-2.47089,-7.14031,-4.22367,-1.44091,3.84281,-3.78428,-1.64338,-6.24617,-1.52644,-3.26882,-16.60174,-3.52801,0.78975,-3.93179,-6.93497,-3.90502,-1.01198,0.85731,1.57652,-1.32408,0.66770,-4.03358,-1.79357,-2.04912,-16.57999,-2.53851,-1.82867,-4.72770,-5.07625,-3.37482,-2.37975,8.81434,4.08599,1.63057,-0.91596,-0.91385,-1.81356,5.21725,-16.55858,-1.85064,1.95092,-2.23496,-1.84708,1.37831,0.36625,1.11554,1.91430,-0.86784,-7.20347,-6.52975,-3.16918,-0.35000,-16.63962,-0.64941,-0.89579,-3.20293,-3.45404,-2.00120,-2.34470,-1.54062,0.90744,-2.77791,-4.30490,-7.25404,-4.98025,-2.09110,-16.60121,-2.44080,-1.32246,-3.98994,-2.12723,-4.86502,-2.19160,-0.97491,3.95914,-3.57829,-3.16750,-2.82567,-0.91634,-4.03281,-16.61689,-0.52850,-0.12064,-3.52767,-7.31391,-5.10879,-4.39637,-1.15642,-1.82163,-2.93336,-4.53228,-5.55994,-5.35234,-3.90349,-16.65423,-3.61587,-5.24421,-4.98027,-5.81710,-7.06753,-6.21734,2.05148,0.41779,-4.24818,-5.78787,-5.46006,-4.25650,0.03785,-16.57271,-7.03477,0.42577,-5.96175,-6.06581,-4.46794,-2.03157,-0.98278,-1.05563,-2.48061,-4.17243,-5.64544,-4.30477,-2.37265,-16.65386,-6.41273,-3.41071,-3.10850,-6.17020,-6.10065,-3.98323,2.52491,1.54662,-2.90009,-0.93756,-2.90302,-5.17274,-1.00438,-16.54285,-3.68885,-0.92268,-4.62278,-6.33067,-6.16773,-1.50318,3.65437,4.16596
-0.83904,3.50694,-4.07740,-6.28488,-6.17783,-5.31285,-3.51961,-16.79193,0.73807,-0.17296,-6.32182,-7.20588,-6.84235,-5.23092,-3.42543,-0.02343,-2.00794,-7.54132,-8.84430,-6.27399,-3.99806,-16.74319,-3.46243,-2.95969,-3.42327,-2.56373,-7.16230,-4.24833,-1.43259,3.84947,-3.81088,-1.70947,-6.31924,-1.55686,-3.24778,-16.73017,-3.52635,0.78627,-4.00609,-6.98900,-3.96216,-1.01738,0.86679,1.60250,-1.34450,0.59109,-4.09805,-1.82952,-2.02394,-16.70469,-2.54742,-1.79388,-4.75865,-5.08797,-3.40955,-2.36880,8.72603,4.08067,1.57944,-0.99235,-1.03091,-1.85081,5.16325,-16.69008,-1.84797,1.94718,-2.28191,-1.92321,1.26525,0.32482,1.08883,1.91062,-0.91897,-7.27260,-6.60429,-3.18372,-0.37831,-16.76991,-0.64988,-0.90948,-3.25222,-3.52886,-2.05617,-2.39354,-1.53827,0.93874,-2.80247,-4.37274,-7.29989,-4.96183,-2.09208,-16.73161,-2.43024,-1.29852,-4.04362,-2.18087,-4.87501,-2.22980,-0.98378,3.95662,-3.58650,-3.24057,-2.90126,-0.91303,-4.02861,-16.74919,-0.53172,-0.12989,-3.57305,-7.35011,-5.11100,-4.39883,-1.15034,-1.77847,-2.95259,-4.56767,-5.61758,-5.34337,-3.89212,-16.78443,-3.61112,-5.20089,-5.03498,-5.87099,-7.07310,-6.18659,2.02114,0.42746,-4.27855,-5.84557,-5.51180,-4.30296,0.00269,-16.70348,-7.00258,0.42122,-6.01780,-6.11367,-4.54956,-2.05001,-1.01135,-1.07297,-2.52048,-4.25987,-5.71141,-4.37924,-2.41016,-16.78415,-6.42673,-3.43709,-3.18844,-6.23129,-6.21633,-4.04130,2.44806,1.51411,-2.97273,-1.06710,-2.99024,-5.25251,-1.06270,-16.67789,-3.72918,-0.96199,-4.69559,-6.42079,-6.27673,-1.59391,3.67193,4.26304
-0.87868,3.46892,-4.10471,-6.33746,-6.25628,-5.34273,-3.54389,-16.90458,0.68488,-0.21833,-6.37169,-7.25818,-6.92978,-5.27271,-3.39785,-0.00921,-2.03677,-7.56552,-8.88113,-6.27652,-3.98605,-16.85799,-3.48401,-2.96392,-3.47974,-2.64781,-7.18011,-4.26976,-1.42888,3.83953,-3.83486,-1.78110,-6.39383,-1.59481,-3.23303,-16.84414,-3.53556,0.77730,-4.07607,-7.04105,-4.02385,-1.03436,0.86898,1.61662,-1.37028,0.51576,-4.15695,-1.86523,-2.00409,-16.81665,-2.56535,-1.76934,-4.78952,-5.10571,-3.44812,-2.36481,8.64516,4.07535,1.52919,-1.05607,-1.13732,-1.88622,5.10709,-16.80706,-1.84473,1.94113,-2.32580,-1.99695,1.15648,0.27935,1.06704,1.90609,-0.96308,-7.33760,-6.67080,-3.20056,-0.40449,-16.88634,-0.64905,-0.92222,-3.30275,-3.59888,-2.11060,-2.44015,-1.54321,0.96573,-2.82621,-4.44335,-7.34933,-4.94910,-2.09992,-16.84673,-2.42081,-1.27854,-4.09656,-2.23496,-4.89184,-2.26162,-0.99935,3.94824,-3.59636,-3.30892,-2.97708,-0.91676,-4.02864,-16.86746,-0.53982,-0.14310,-3.61974,-7.38532,-5.12628,-4.40424,-1.14048,-1.73485,-2.96849,-4.59221,-5.66749,-5.33057,-3.87914,-16.89936,-3.60581,-5.15698,-5.08235,-5.92469,-7.08398,-6.15935,1.99735,0.43045,-4.30625,-5.90200,-5.56152,-4.35382,-0.02885,-16.81952,-6.97474,0.41264,-6.07102,-6.16463,-4.62655,-2.07443,-1.03647,-1.08919,-2.55611,-4.34791,-5.77767,-4.45024,-2.44136,-16.89911,-6.43833,-3.45656,-3.26032,-6.28129,-6.31731,-4.09507,2.37743,1.49113,-3.03289,-1.18472,-3.06993,-5.31270,-1.11696,-16.79715,-3.75554,-0.99689,-4.75878,-6.49722,-6.36498,-1.67112,3.68925,4.35724
-0.91479,3.44026,-4.12678,-6.37757,-6.32713,-5.36117,-3.56549,-17.00224,0.64679,-0.25713,-6.41931,-7.30491,-7.00950,-5.30534,-3.36411,0.00687,-2.05802,-7.58674,-8.91255,-6.27280,-3.96917,-16.95766,-3.49710,-2.96335,-3.53342,-2.72257,-7.19078,-4.28424,-1.42853,3.81908,-3.85810,-1.85925,-6.47265,-1.63817,-3.21902,-16.94343,-3.54947,0.76586,-4.14660,-7.09030,-4.08448,-1.05388,0.86435,1.62374,-1.39998,0.44105,-4.21272,-1.89845,-1.98587,-16.91514,-2.58663,-1.75104,-4.81687,-5.12331,-3.48697,-2.36497,8.56791,4.06900,1.48144,-1.10965,-1.23174,-1.91639,5.04961,-16.90963,-1.84014,1.93115,-2.36511,-2.06999,1.05096,0.23051,1.04667,1.89946,-1.00662,-7.40249,-6.73241,-3.21881,-0.43157,-16.98814,-0.64515,-0.93768,-3.35646,-3.66869,-2.16315,-2.48717,-1.55361,0.98901,-2.84838,-4.51939,-7.40110,-4.93839,-2.11170,-16.94741,-2.41138,-1.26006,-4.14908,-2.28420,-4.90956,-2.28887,-1.02078,3.93602,-3.60561,-3.37342,-3.05172,-0.92034,-4.03051,-16.97120,-0.55044,-0.16002,-3.66580,-7.41936,-5.14804,-4.40781,-1.13057,-1.69132,-2.98428,-4.60635,-5.71374,-5.31577,-3.86472,-16.99905,-3.59934,-5.11218,-5.12725,-5.98046,-7.09961,-6.13093,1.97922,0.42982,-4.33310,-5.96022,-5.60687,-4.40784,-0.05470,-16.92086,-6.94664,0.40274,-6.12182,-6.21679,-4.69960,-2.10239,-1.06354,-1.10757,-2.58842,-4.44210,-5.84463,-4.51996,-2.47134,-16.99928,-6.44915,-3.47567,-3.32630,-6.32513,-6.41143,-4.14996,2.30681,1.47231,-3.08951,-1.29732,-3.14554,-5.36116,-1.17168,-16.90121,-3.77268,-1.03187,-4.81803,-6.56712,-6.43844,-1.74005,3.70505,4.45140
-0.94646,3.41890,-4.14396,-6.40933,-6.38930,-5.36684,-3.58222,-17.09203,0.62007,-0.29007,-6.46219,-7.34886,-7.08253,-5.33064,-3.32605,0.02259,-2.07425,-7.60759,-8.93964,-6.26329,-3.94861,-17.04919,-3.50189,-2.96261,-3.58811,-2.79314,-7.19483,-4.29378,-1.43118,3.79357,-3.88408,-1.94555,-6.55750,-1.68451,-3.20235,-17.03501,-3.56365,0.75588,-4.22366,-7.13749,-4.14159,-1.07033,0.85153,1.62627,-1.43132,0.36410,-4.26804,-1.92696,-1.96897,-17.00710,-2.60985,-1.73569,-4.83911,-5.13931,-3.52891,-2.36914,8.48835,4.05936,1.43293,-1.15615,-1.32178,-1.94291,4.98845,-17.00478,-1.83474,1.91675,-2.40289,-2.14613,0.94386,0.17949,1.02580,1.89021,-1.05535,-7.47131,-6.79348,-3.23880,-0.46046,-17.08254,-0.63684,-0.95443,-3.41669,-3.74339,-2.21366,-2.53743,-1.56741,1.00919,-2.86686,-4.60299,-7.45369,-4.92758,-2.12458,-17.04109,-2.40010,-1.24241,-4.19945,-2.32724,-4.92522,-2.31512,-1.04703,3.92213,-3.61379,-3.43557,-3.12550,-0.91994,-4.03445,-17.06743,-0.56067,-0.17969,-3.71114,-7.45273,-5.17150,-4.40504,-1.12444,-1.64604,-3.00382,-4.61266,-5.76116,-5.30017,-3.84956,-17.09086,-3.58847,-5.06356,-5.17483,-6.04062,-7.11992,-6.10003,1.96469,0.42569,-4.35718,-6.02260,-5.64701,-4.46518,-0.07450,-17.01504,-6.91700,0.39196,-6.16924,-6.26762,-4.77117,-2.13188,-1.09597,-1.13210,-2.62005,-4.54671,-5.91414,-4.59128,-2.50250,-17.09199,-6.45955,-3.49824,-3.39178,-6.36835,-6.50527,-4.21112,2.23310,1.45311,-3.14757,-1.41048,-3.22204,-5.40474,-1.22581,-16.99829,-3.78546,-1.06668,-4.87785,-6.63381,-6.50271,-1.80450,3.71850,4.54934
-0.97381,3.40210,-4.15555,-6.43893,-6.44430,-5.35752,-3.59424,-17.18854,0.60240,-0.32241,-6.49788,-7.39538,-7.15304,-5.35218,-3.28387,0.03753,-2.08856,-7.63242,-8.96720,-6.24915,-3.92488,-17.14717,-3.49855,-2.96487,-3.65225,-2.86902,-7.19121,-4.29911,-1.43731,3.76867,-3.91876,-2.04991,-6.65661,-1.73365,-3.17855,-17.13278,-3.57217,0.75117,-4.31903,-7.18755,-4.19709,-1.07988,0.82974,1.62646,-1.46151,0.27976,-4.32865,-1.95140,-1.94935,-17.10706,-2.63656,-1.72002,-4.85295,-5.15041,-3.57895,-2.37585,8.39536,4.04283,1.37376,-1.20289,-1.41883,-1.96886,4.91759,-17.10663,-1.83060,1.89499,-2.44700,-2.23856,0.82347,0.12252,0.99962,1.87681,-1.11805,-7.55261,-6.86345,-3.26376,-0.49474,-17.18380,-0.62291,-0.97239,-3.48918,-3.83246,-2.26529,-2.59904,-1.58228,1.02818,-2.88099,-4.70270,-7.50512,-4.91142,-2.13521,-17.14207,-2.38594,-1.22579,-4.24762,-2.36601,-4.93716,-2.34564,-1.08160,3.90822,-3.62255,-3.50038,-3.20678,-0.91295,-4.04386,-17.17093,-0.56638,-0.20314,-3.76077,-7.49182,-5.19436,-4.39216,-1.12466,-1.59402,-3.03210,-4.61599,-5.81841,-5.28596,-3.83137,-17.18947,-3.57024,-5.00406,-5.23412,-6.10983,-7.14644,-6.06086,1.95141,0.42032,-4.37702,-6.09535,-5.68273,-4.52734,-0.08827,-17.11684,-6.88043,0.38186,-6.21407,-6.31833,-4.84858,-2.16315,-1.14101,-1.16978,-2.65728,-4.67228,-5.99566,-4.67415,-2.54129,-17.19190,-6.47189,-3.53204,-3.46867,-6.42226,-6.61327,-4.28615,2.14990,1.43030,-3.21665,-1.53794,-3.30751,-5.45218,-1.28120,-17.10381,-3.79951,-1.10280,-4.94577,-6.70532,-6.56514,-1.87381,3.72853,4.66130
-1.00182,3.39171,-4.16394,-6.47752,-6.50333,-5.33075,-3.60571,-17.32316,0.59602,-0.36341,-6.52552,-7.45572,-7.22476,-5.37738,-3.23348,0.05298,-2.10552,-7.66803,-8.99758,-6.23320,-3.89207,-17.28483,-3.49002,-2.97149,-3.73665,-2.95594,-7.18177,-4.29479,-1.44864,3.75908,-3.97050,-2.18303,-6.78175,-1.77711,-3.14327,-17.26808,-3.56156,0.76181,-4.44732,-7.24815,-4.24976,-1.07632,0.79346,1.61668,-1.49143,0.17492,-4.40797,-1.98639,-1.92460,-17.24941,-2.67208,-1.71096,-4.86229,-5.15997,-3.65313,-2.39026,8.27921,4.01958,1.28568,-1.26377,-1.53442,-1.99693,4.83224,-17.24558,-1.83561,1.86300,-2.51119,-2.37004,0.67611,0.04984,0.95471,1.85253,-1.20864,-7.66055,-6.95902,-3.30366,-0.54548,-17.32196,-0.60626,-1.00328,-3.57883,-3.95299,-2.33278,-2.69256,-1.59275,1.05207,-2.89216,-4.82868,-7.55613,-4.88944,-2.13822,-17.28161,-2.37328,-1.21015,-4.30120,-2.40493,-4.94506,-2.38340,-1.13095,3.90421,-3.63596,-3.57750,-3.30883,-0.89486,-4.06608,-17.31429,-0.55552,-0.23322,-3.82286,-7.55164,-5.21740,-4.36623,-1.13348,-1.52997,-3.07210,-4.62558,-5.90302,-5.28078,-3.80257,-17.32768,-3.54614,-4.92755,-5.31386,-6.18868,-7.18528,-6.01010,1.94228,0.42678,-4.39769,-6.18413,-5.71284,-4.58858,-0.09226,-17.25823,-6.83058,0.37856,-6.25797,-6.37859,-4.93568,-2.19263,-1.20842,-1.22775,-2.70322,-4.82871,-6.10452,-4.78333,-2.59706,-17.33310,-6.49101,-3.58797,-3.56868,-6.49729,-6.75531,-4.38702,2.05982,1.40393,-3.31099,-1.69807,-3.40378,-5.51328,-1.33360,-17.25065,-3.82133,-1.14161,-5.03135,-6.79214,-6.62685,-1.95633,3.73357,4.79876
-1.03155,3.39081,-4.17240,-6.52623,-6.56823,-5.28034,-3.61712,-17.52280,0.59988,-0.41532,-6.54348,-7.53724,-7.29430,-5.40786,-3.17683,0.07361,-2.12395,-7.71234,-9.03942,-6.20805,-3.85457,-17.49027,-3.46969,-2.98479,-3.84907,-3.06607,-7.16327,-4.28692,-1.45190,3.77248,-4.03805,-2.35888,-6.93579,-1.81635,-3.07753,-17.46675,-3.52715,0.79454,-4.62392,-7.31651,-4.29568,-1.05177,0.73798,1.60005,-1.51983,0.03683,-4.52135,-2.03549,-1.89158,-17.46263,-2.72057,-1.70024,-4.86702,-5.16529,-3.75550,-2.41129,8.12349,3.97909,1.15941,-1.34470,-1.68261,-2.03160,4.72614,-17.44634,-1.86243,1.81577,-2.60405,-2.55481,0.48147,-0.04678,0.88907,1.82174,-1.33842,-7.79994,-7.08257,-3.36244,-0.61801,-17.52502,-0.58870,-1.04765,-3.68902,-4.12038,-2.43063,-2.83049,-1.60307,1.06803,-2.90795,-5.00540,-7.61352,-4.87327,-2.13868,-17.48593,-2.36526,-1.20830,-4.37302,-2.45501,-4.96261,-2.45114,-1.20432,3.90956,-3.66182,-3.68263,-3.44981,-0.87049,-4.10715,-17.52247,-0.53602,-0.26492,-3.90772,-7.64256,-5.24464,-4.32859,-1.15800,-1.44780,-3.13122,-4.64279,-6.02348,-5.28691,-3.76760,-17.53095,-3.52070,-4.82823,-5.42169,-6.29073,-7.24533,-5.94034,1.93986,0.45222,-4.41414,-6.28473,-5.73882,-4.65304,-0.08435,-17.46724,-6.76030,0.38858,-6.30948,-6.44670,-5.04430,-2.21775,-1.29860,-1.30391,-2.76634,-5.03648,-6.25087,-4.93320,-2.67234,-17.54287,-6.51412,-3.66492,-3.70486,-6.60811,-6.94555,-4.52197,1.94774,1.36347,-3.43590,-1.91412,-3.53331,-5.60682,-1.38970,-17.46847,-3.86037,-1.19027,-5.13851,-6.89542,-6.70642,-2.07286,3.73442,4.97042
-1.04774,3.40906,-4.16867,-6.58270,-6.63211,-5.20036,-3.62104,-17.79870,0.62033,-0.47216,-6.54554,-7.63313,-7.34684,-5.43337,-3.11836,0.10541,-2.15000,-7.76680,-9.10236,-6.17951,-3.81626,-17.77507,-3.43048,-2.99874,-4.00001,-3.19892,-7.12804,-4.27121,-1.44578,3.81819,-4.12201,-2.57761,-7.12538,-1.84788,-2.98525,-17.74177,-3.46442,0.85428,-4.84239,-7.38602,-4.33042,-1.00642,0.66193,1.58111,-1.54344,-0.13257,-4.66667,-2.09685,-1.85986,-17.75605,-2.78480,-1.69753,-4.85987,-5.17073,-3.88393,-2.44732,7.91929,3.91282,0.98084,-1.45671,-1.87459,-2.08605,4.58562,-17.72019,-1.92148,1.74005,-2.73826,-2.80973,0.23932,-0.17428,0.80382,1.78026,-1.51105,-7.97304,-7.23385,-3.45017,-0.71251,-17.80403,-0.58816,-1.10186,-3.82186,-4.33399,-2.55521,-3.01150,-1.60921,1.06917,-2.92899,-5.23254,-7.66748,-4.87199,-2.14067,-17.76682,-2.38103,-1.23573,-4.45935,-2.52353,-5.00216,-2.54989,-1.30081,3.92196,-3.71092,-3.81234,-3.63912,-0.85874,-4.17002,-17.80647,-0.51571,-0.30579,-4.02829,-7.77655,-5.29157,-4.28419,-1.20011,-1.35039,-3.21386,-4.68195,-6.17757,-5.31914,-3.72634,-17.81138,-3.50372,-4.70416,-5.55603,-6.42147,-7.34496,-5.86529,1.94058,0.49526,-4.42400,-6.40653,-5.75839,-4.72485,-0.07062,-17.75632,-6.68503,0.39840,-6.36325,-6.53000,-5.18315,-2.24633,-1.41248,-1.38538,-2.85738,-5.29255,-6.44346,-5.12259,-2.77386,-17.83169,-6.53669,-3.75743,-3.88701,-6.77145,-7.18138,-4.68392,1.82933,1.32846,-3.58387,-2.17762,-3.69570,-5.72435,-1.43517,-17.76802,-3.91219,-1.23303,-5.26322,-7.00867,-6.78736,-2.21175,3.73460,5.17348
-1.04189,3.47147,-4.15459,-6.64579,-6.69223,-5.07417,-3.60662,-18.16971,0.67723,-0.51495,-6.54304,-7.74755,-7.35277,-5.45023,-3.05247,0.14645,-2.18464,-7.84404,-9.18488,-6.14940,-3.76337,-18.15934,-3.37122,-3.00972,-4.19042,-3.34343,-7.06734,-4.23755,-1.43559,3.90797,-4.23126,-2.83390,-7.35082,-1.85260,-2.87062,-18.11262,-3.36805,0.94719,-5.10102,-7.46010,-4.33893,-0.92900,0.55806,1.55099,-1.57634,-0.33205,-4.84745,-2.17860,-1.83834,-18.15103,-2.85063,-1.71477,-4.85568,-5.19194,-4.04611,-2.51194,7.67762,3.81879,0.75033,-1.60585,-2.10289,-2.17132,4.42240,-18.08706,-2.01953,1.63314,-2.92577,-3.12398,-0.04549,-0.34297,0.68777,1.71768,-1.73189,-8.20221,-7.41705,-3.57835,-0.83245,-18.17644,-0.61970,-1.18337,-3.98467,-4.60349,-2.70808,-3.24189,-1.61479,1.04245,-2.96907,-5.50662,-7.72387,-4.90500,-2.15512,-18.14207,-2.44255,-1.30722,-4.56748,-2.61534,-5.07578,-2.67870,-1.40307,3.95284,-3.78961,-3.95764,-3.84749,-0.85110,-4.23622,-18.18492,-0.48807,-0.36059,-4.18569,-7.96485,-5.35660,-4.22949,-1.25103,-1.24393,-3.31331,-4.74868,-6.36209,-5.38286,-3.66936,-18.18881,-3.49315,-4.55925,-5.71230,-6.56860,-7.49415,-5.79349,1.95223,0.55774,-4.44109,-6.56253,-5.77438,-4.79985,-0.02872,-18.14579,-6.61237,0.40722,-6.42960,-6.63444,-5.34518,-2.27285,-1.55116,-1.46332,-2.97363,-5.58922,-6.68639,-5.33753,-2.89582,-18.21508,-6.55431,-3.85847,-4.10636,-6.98111,-7.45512,-4.87279,1.72440,1.30441,-3.76004,-2.47596,-3.87303,-5.85566,-1.45143,-18.16690,-3.97844,-1.27149,-5.41263,-7.13374,-6.85550,-2.36616,3.72712,5.39987
-1.00358,3.57771,-4.11266,-6.69896,-6.72464,-4.89691,-3.57701,-18.59305,0.75307,-0.54516,-6.50677,-7.85737,-7.29882,-5.44725,-2.98070,0.20184,-2.21301,-7.90691,-9.28987,-6.11023,-3.71747,-18.60423,-3.29184,-3.02114,-4.40344,-3.49560,-6.98613,-4.19169,-1.39794,4.02518,-4.34412,-3.10689,-7.59074,-1.85551,-2.72904,-18.53892,-3.25971,1.07723,-5.38407,-7.51359,-4.32346,-0.81603,0.43707,1.51868,-1.59198,-0.55835,-5.04279,-2.28271,-1.82073,-18.60479,-2.92705,-1.73693,-4.82876,-5.21250,-4.24623,-2.59807,7.39395,3.67871,0.47723,-1.78146,-2.36002,-2.30085,4.22719,-18.50167,-2.17111,1.48774,-3.14634,-3.48416,-0.38817,-0.55891,0.54454,1.64943,-1.99347,-8.45247,-7.62482,-3.73476,-0.98267,-18.60321,-0.68158,-1.27462,-4.16802,-4.91998,-2.88691,-3.51680,-1.61524,0.98887,-3.01495,-5.82020,-7.76983,-4.96057,-2.18339,-18.57129,-2.53947,-1.42470,-4.67903,-2.73127,-5.18184,-2.84853,-1.50127,3.99924,-3.88770,-4.10910,-4.07628,-0.85588,-4.31469,-18.62033,-0.46933,-0.41773,-4.37167,-8.19286,-5.42551,-4.15561,-1.30959,-1.12597,-3.42605,-4.82664,-6.58134,-5.47199,-3.61356,-18.61983,-3.48950,-4.38810,-5.88603,-6.73191,-7.68130,-5.70518,1.97642,0.63765,-4.43833,-6.72439,-5.78508,-4.89702,0.03349,-18.59337,-6.55353,0.42396,-6.48804,-6.72764,-5.53763,-2.29542,-1.71056,-1.53163,-3.11152,-5.91241,-6.96088,-5.57299,-3.04451,-18.65408,-6.56179,-3.97300,-4.35194,-7.23280,-7.75308,-5.08385,1.61963,1.28486,-3.94032,-2.78961,-4.08683,-6.00466,-1.46538,-18.62172,-4.05857,-1.29394,-5.58088,-7.24596,-6.92240,-2.54119,3.72230,5.63162
-0.94186,3.73914,-4.04763,-6.75030,-6.75775,-4.69555,-3.55937,-19.07100,0.84792,-0.57823,-6.45015,-7.95704,-7.18065,-5.42211,-2.91272,0.27713,-2.25548,-7.96337,-9.44178,-6.07641,-3.68420,-19.11041,-3.20286,-3.02737,-4.64486,-3.66057,-6.90210,-4.13229,-1.31465,4.17971,-4.44093,-3.37237,-7.81615,-1.84223,-2.55007,-19.02367,-3.14603,1.25335,-5.66228,-7.52092,-4.28490,-0.66753,0.32311,1.48725,-1.59918,-0.79849,-5.23358,-2.41458,-1.79481,-19.11858,-3.00849,-1.76938,-4.78962,-5.24508,-4.46737,-2.69744,7.07516,3.49682,0.16696,-1.99524,-2.66961,-2.48726,4.00317,-18.96723,-2.38018,1.30793,-3.41279,-3.87233,-0.78478,-0.84364,0.37708,1.57427,-2.29558,-8.72471,-7.83491,-3.91254,-1.15041,-19.08692,-0.78848,-1.38861,-4.34182,-5.27333,-3.10146,-3.83742,-1.62738,0.90841,-3.07304,-6.15800,-7.83038,-5.05322,-2.24373,-19.05808,-2.67953,-1.60588,-4.80579,-2.88924,-5.34515,-3.05508,-1.58263,4.06003,-4.02249,-4.27728,-4.32757,-0.88719,-4.39375,-19.10956,-0.46955,-0.46726,-4.61429,-8.47435,-5.51262,-4.06444,-1.36458,-0.97943,-3.52597,-4.92777,-6.83668,-5.58121,-3.54732,-19.10941,-3.49313,-4.18422,-6.05443,-6.89409,-7.90224,-5.60108,2.00664,0.73434,-4.43423,-6.88961,-5.80133,-5.01165,0.10687,-19.09645,-6.50893,0.43208,-6.55712,-6.83410,-5.78165,-2.32551,-1.88279,-1.55916,-3.27596,-6.22937,-7.27025,-5.81271,-3.22843,-19.15278,-6.55219,-4.06841,-4.61635,-7.53066,-8.05746,-5.29945,1.51589,1.27314,-4.12078,-3.12661,-4.33395,-6.16891,-1.48431,-19.13355,-4.14435,-1.31480,-5.75818,-7.34094,-6.98764,-2.74752,3.72171,5.85355
-0.89184,3.91090,-3.97366,-6.81346,-6.80396,-4.48249,-3.55918,-19.57701,0.93062,-0.60305,-6.38082,-8.04862,-7.03543,-5.40002,-2.86346,0.34653,-2.32611,-7.98687,-9.60528,-6.05184,-3.67492,-19.64901,-3.12237,-3.05371,-4.90869,-3.84721,-6.83376,-4.08673,-1.18658,4.38158,-4.51959,-3.59662,-7.99019,-1.79323,-2.36124,-19.54124,-3.01017,1.47690,-5.91319,-7.51166,-4.21155,-0.51047,0.20121,1.43379,-1.60737,-1.08675,-5.43859,-2.58417,-1.78670,-19.65604,-3.11598,-1.83931,-4.75967,-5.29615,-4.72805,-2.82558,6.73748,3.29616,-0.17585,-2.24831,-3.04449,-2.73125,3.75879,-19.45734,-2.62462,1.12979,-3.70526,-4.25301,-1.20304,-1.13524,0.18988,1.49128,-2.61743,-8.98314,-8.03476,-4.10065,-1.33792,-19.60244,-0.92740,-1.50485,-4.50165,-5.64911,-3.36774,-4.18110,-1.61982,0.81289,-3.11649,-6.46999,-7.87282,-5.18100,-2.29988,-19.57787,-2.85229,-1.80876,-4.93128,-3.06275,-5.53833,-3.28314,-1.63404,4.14259,-4.18618,-4.47719,-4.58765,-0.94171,-4.45131,-19.62628,-0.45882,-0.49236,-4.88384,-8.76383,-5.59683,-3.96054,-1.43430,-0.83179,-3.60530,-5.04400,-7.11970,-5.68819,-3.49533,-19.62877,-3.51101,-3.96860,-6.19062,-7.01844,-8.13210,-5.49751,2.04273,0.84964,-4.43243,-7.03604,-5.78874,-5.10586,0.17967,-19.62805,-6.48124,0.42417,-6.61432,-6.94912,-6.02632,-2.34397,-2.03813,-1.54578,-3.44254,-6.51156,-7.59411,-6.04381,-3.42430,-19.68533,-6.49827,-4.14373,-4.88266,-7.84066,-8.34580,-5.51663,1.44540,1.26409,-4.27392,-3.47421,-4.60316,-6.34570,-1.46222,-19.67453,-4.23630,-1.29817,-5.91969,-7.38671,-7.05007,-2.94808,3.73167,6.05587
-0.89167,4.02819,-3.94505,-6.92673,-6.89466,-4.30776,-3.60504,-20.05813,0.94248,-0.65037,-6.32207,-8.16796,-6.90783,-5.42047,-2.81608,0.40888,-2.39813,-7.96052,-9.73949,-6.01729,-3.69079,-20.15985,-3.07363,-3.09156,-5.14798,-4.02962,-6.77817,-4.05799,-1.00503,4.64478,-4.54991,-3.73089,-8.07636,-1.69499,-2.18841,-20.03654,-2.83877,1.72007,-6.10092,-7.48446,-4.09886,-0.33538,0.06767,1.38554,-1.62111,-1.40149,-5.67940,-2.79700,-1.82198,-20.15841,-3.21240,-1.91856,-4.75631,-5.35074,-5.00184,-2.94755,6.39870,3.09623,-0.51385,-2.55448,-3.45715,-3.02522,3.51017,-19.92381,-2.88974,0.97064,-3.98008,-4.59497,-1.61286,-1.40126,-0.02699,1.39309,-2.91988,-9.17896,-8.21335,-4.27910,-1.56096,-20.09091,-1.10591,-1.64402,-4.61784,-6.02814,-3.67497,-4.53928,-1.55527,0.72598,-3.14775,-6.70953,-7.88500,-5.33736,-2.32739,-20.07410,-3.04896,-2.00524,-5.05582,-3.22799,-5.72648,-3.50474,-1.62576,4.25277,-4.32963,-4.69915,-4.82769,-1.01370,-4.46783,-20.11514,-0.43274,-0.48190,-5.12806,-9.01027,-5.64304,-3.86383,-1.49872,-0.70511,-3.63338,-5.18442,-7.39301,-5.77899,-3.46125,-20.12074,-3.54836,-3.78067,-6.27329,-7.08193,-8.32607,-5.39880,2.07349,1.00708,-4.44368,-7.13118,-5.75277,-5.15750,0.22471,-20.13497,-6.45248,0.42180,-6.67470,-7.06123,-6.22484,-2.32920,-2.16223,-1.48137,-3.57694,-6.72399,-7.88694,-6.23707,-3.60974,-20.19192,-6.39711,-4.17895,-5.11376,-8.11722,-8.61559,-5.71639,1.42065,1.24857,-4.38803,-3.81187,-4.87770,-6.53818,-1.40987,-20.18807,-4.35769,-1.26137,-6.04912,-7.38812,-7.13637,-3.13922,3.76445,6.23107
-0.91886,4.06029,-3.96206,-7.09114,-7.02426,-4.23297,-3.69761,-20.41980,0.85812,-0.75210,-6.27026,-8.27948,-6.79193,-5.49234,-2.74760,0.52326,-2.44280,-7.86734,-9.80225,-5.92451,-3.70557,-20.54346,-3.03487,-3.08317,-5.29817,-4.14994,-6.70286,-3.98524,-0.78346,4.94816,-4.48446,-3.70857,-8.06580,-1.54012,-2.03998,-20.41112,-2.65263,1.95491,-6.17030,-7.40324,-3.96289,-0.12064,-0.00391,1.37157,-1.63375,-1.66849,-5.89280,-3.02301,-1.84585,-20.52805,-3.26624,-1.95800,-4.79667,-5.38595,-5.21785,-3.03273,6.09403,2.90917,-0.78612,-2.88602,-3.84303,-3.32807,3.29153,-20.27420,-3.14225,0.83657,-4.17926,-4.86425,-1.96790,-1.65474,-0.23651,1.26395,-3.15001,-9.29894,-8.35160,-4.44328,-1.78354,-20.45821,-1.35564,-1.81367,-4.65002,-6.33626,-3.98043,-4.88869,-1.45640,0.68936,-3.20042,-6.82755,-7.86072,-5.47290,-2.37887,-20.44732,-3.22698,-2.17273,-5.18360,-3.41786,-5.88145,-3.69780,-1.56770,4.36459,-4.40996,-4.89700,-5.02514,-1.12127,-4.48577,-20.47938,-0.41146,-0.45303,-5.33396,-9.18554,-5.65125,-3.79170,-1.51831,-0.59102,-3.60474,-5.32889,-7.59797,-5.83565,-3.43204,-20.48849,-3.60536,-3.63524,-6.32025,-7.07838,-8.45520,-5.27803,2.06723,1.18386,-4.46685,-7.13895,-5.75034,-5.17869,0.22273,-20.51349,-6.43513,0.43807,-6.72721,-7.15078,-6.38803,-2.25723,-2.22363,-1.39570,-3.67231,-6.81393,-8.09477,-6.40276,-3.74777,-20.57228,-6.32110,-4.17156,-5.26769,-8.33073,-8.86411,-5.88606,1.43680,1.23461,-4.45486,-4.09417,-5.09822,-6.73576,-1.38174,-20.57312,-4.47427,-1.24393,-6.12771,-7.39395,-7.24254,-3.35232,3.83048,6.34817
-0.95700,3.97281,-4.00886,-7.31736,-7.14968,-4.27253,-3.80335,-20.61615,0.66072,-0.92534,-6.22923,-8.35030,-6.70750,-5.64703,-2.65008,0.72897,-2.45642,-7.69156,-9.76799,-5.74977,-3.71499,-20.75186,-2.96093,-3.00505,-5.33358,-4.19476,-6.58034,-3.83461,-0.56189,5.28005,-4.32979,-3.51297,-7.98624,-1.33650,-1.91779,-20.62147,-2.42828,2.18820,-6.12421,-7.25650,-3.82829,0.13761,0.00826,1.40833,-1.63081,-1.86138,-6.03485,-3.22811,-1.82837,-20.71634,-3.24956,-1.92741,-4.86557,-5.37948,-5.31066,-3.04498,5.84000,2.72550,-0.96127,-3.20278,-4.16262,-3.60002,3.12197,-20.46439,-3.36703,0.70115,-4.28969,-5.04845,-2.22197,-1.89099,-0.37837,1.11854,-3.28170,-9.30143,-8.42705,-4.55757,-1.92474,-20.65981,-1.65086,-1.97356,-4.59238,-6.50606,-4.21310,-5.17049,-1.29300,0.71414,-3.24264,-6.78945,-7.76839,-5.52598,-2.42843,-20.64933,-3.35809,-2.27637,-5.26318,-3.59437,-5.94520,-3.83530,-1.47570,4.42247,-4.42778,-5.08564,-5.16004,-1.28632,-4.51319,-20.67118,-0.40893,-0.45452,-5.50795,-9.28448,-5.62214,-3.77716,-1.49842,-0.49015,-3.54648,-5.48114,-7.70566,-5.83092,-3.42292,-20.68797,-3.64796,-3.53790,-6.35479,-7.00048,-8.48622,-5.13050,2.00396,1.35103,-4.49034,-7.04437,-5.76706,-5.14824,0.16815,-20.71274,-6.43140,0.46695,-6.75978,-7.19167,-6.53225,-2.14174,-2.21139,-1.31955,-3.74300,-6.75518,-8.20276,-6.53617,-3.81367,-20.78176,-6.31923,-4.12926,-5.33945,-8.48495,-9.09359,-5.98336,1.48626,1.18456,-4.50945,-4.33056,-5.24442,-6.95906,-1.39602,-20.77902,-4.60679,-1.29774,-6.17556,-7.45634,-7.37324,-3.59279,3.91548,6.40064
-0.92500,3.88196,-3.98718,-7.44530,-7.28241,-4.32235,-3.88590,-20.56045,0.54041,-1.01168,-6.25440,-8.36531,-6.62162,-5.76681,-2.56252,0.83013,-2.50626,-7.60335,-9.82336,-5.65457,-3.75652,-20.67896,-2.97427,-2.90735,-5.43065,-4.20915,-6.51527,-3.74052,-0.51080,5.44953,-4.20986,-3.32690,-7.96241,-1.20431,-2.02931,-20.58932,-2.36705,2.31431,-6.02821,-7.22341,-3.93135,0.18654,-0.00540,1.33145,-1.66276,-1.92778,-6.07109,-3.46411,-1.92836,-20.66494,-3.32880,-2.01837,-5.01062,-5.45803,-5.55687,-3.13915,5.67071,2.58161,-1.10419,-3.45437,-4.43049,-3.91987,2.89881,-20.40835,-3.57030,0.59958,-4.46671,-5.23504,-2.50092,-2.13740,-0.52550,0.89131,-3.30503,-9.35346,-8.58866,-4.83432,-2.09134,-20.61441,-2.04326,-2.16387,-4.51948,-6.59061,-4.59585,-5.42306,-1.17664,0.67337,-3.29003,-6.64925,-7.67665,-5.66698,-2.56248,-20.61226,-3.61321,-2.39147,-5.27339,-3.83840,-6.20322,-3.94055,-1.35229,4.46440,-4.43127,-5.08788,-5.21467,-1.53754,-4.53333,-20.61516,-0.42201,-0.47350,-5.65674,-9.39740,-5.76492,-3.87864,-1.26969,-0.40709,-3.36152,-5.59623,-7.64898,-5.82320,-3.27281,-20.64419,-3.66974,-3.39898,-6.30543,-6.85086,-8.50545,-5.05344,2.04267,1.49953,-4.40631,-7.00428,-5.87336,-5.07539,0.19698,-20.66907,-6.39421,0.53368,-6.74178,-7.17828,-6.54389,-2.01103,-2.17237,-1.16409,-3.73195,-6.57927,-8.36912,-6.56260,-3.78144,-20.73608,-6.25070,-3.93287,-5.32845,-8.41768,-9.16713,-5.90646,1.67657,1.30800,-4.42136,-4.27010,-5.23761,-6.90360,-1.30420,-20.73566,-4.53629,-1.18625,-6.10621,-7.42165,-7.31749,-3.62198,4.02839,6.43883
-0.87453,3.59035,-3.92128,-7.44285,-7.33728,-4.37146,-3.91693,-19.91579,0.18917,-0.94927,-6.28878,-8.22703,-6.53054,-5.94002,-2.39171,0.92287,-2.36395,-7.18532,-9.74215,-5.41932,-3.76552,-19.97430,-2.90070,-2.70786,-5.24611,-4.01485,-6.40847,-3.50400,-0.20947,5.76586,-3.85318,-2.73118,-7.60328,-0.91961,-1.94731,-19.92695,-2.05737,2.61619,-5.79108,-6.94640,-3.78343,0.49557,-0.02530,1.36223,-1.58698,-1.91614,-6.09636,-3.53516,-2.08414,-19.97070,-3.10032,-1.85905,-5.09867,-5.27726,-5.57508,-3.15934,5.50473,2.42994,-0.98044,-3.49778,-4.62398,-4.08566,2.78938,-19.78429,-3.68304,0.66763,-4.35656,-4.98665,-2.67864,-2.17613,-0.50875,0.72195,-3.14095,-9.08188,-8.55809,-4.82804,-2.04801,-19.97620,-2.34692,-2.18174,-4.21975,-6.46744,-4.72741,-5.46916,-0.89222,0.48554,-3.18152,-6.18928,-7.38055,-5.73160,-2.55277,-19.97086,-3.83513,-2.33076,-5.19122,-3.94623,-6.34317,-4.04555,-0.96576,4.38971,-4.29198,-5.07965,-4.86098,-1.69446,-4.33114,-19.91121,-0.52147,-0.34775,-5.64839,-9.20900,-5.60214,-3.92605,-1.21190,-0.47749,-3.12494,-5.62167,-7.36423,-5.64550,-3.27767,-19.98244,-3.63032,-3.37543,-6.22525,-6.50490,-8.41856,-4.94926,2.00631,1.57648,-4.31037,-6.70172,-5.86510,-4.97045,0.15373,-20.01303,-6.30087,0.65541,-6.70168,-7.00414,-6.63844,-1.76972,-2.22237,-1.04193,-3.68779,-6.23284,-8.39505,-6.58669,-3.83039,-20.06499,-6.18207,-3.64779,-5.18277,-8.35067,-9.43273,-5.87009,1.82209,1.08190,-4.33597,-4.27634,-5.24553,-7.12953,-1.23844,-20.06387,-4.74311,-1.22860,-6.09040,-7.45871,-7.57869,-3.75855,4.14589,6.27789
