-2.508132,-2.470801,-2.426105,-2.377458,-2.323870,-2.286953,-2.266012,-2.263020,-2.284705,-2.347136,-2.452411,-2.616870,-2.868757,-3.221294,-3.583939,-3.483459,-3.083540,-2.767576,-2.556278,-2.413685,-2.316541,-2.240872,-2.170729,-2.104848,-2.090513,-2.058857,-2.070143,-2.140851,-2.273601,-2.496607,-2.792337,-3.019766,-2.702097,-2.117208,-1.580420,-1.115480,-0.443779,0.163250,0.307922,0.005263,-0.833843,-2.671165,-2.308941,-2.019389,-0.955489,-0.016308,0.285136,0.158826,-0.311259,-0.932380,-1.054024,-0.597277,-0.305887,-0.259473,-0.423610,-0.812511,-1.463077,-3.257202,-2.013893,-1.663850,-1.931689,-0.545047,-0.149570,-0.372152,-1.493440,-1.843110,-1.444104,-1.901525,-1.989592,-1.842153,-1.333268,-0.976619,-1.013735,-1.479874,-1.702302,-1.028459,-0.911922,-1.212916,-1.952865,-2.423850,-2.358521,-2.740554,-2.103528,-1.573603,-1.616867,-1.930499,-1.973061,-2.171848,-2.612288,-3.155448,-4.156100,-5.145744,-2.307225,-1.629108,-1.598415,-2.221409,-5.310456,-2.688023,-2.785732,-2.467152,-2.182359,-2.560833,-3.014253,-3.029021,-3.739204,-2.253408,-2.081247,-2.574731,-3.015625,-2.526918,-2.635124,-3.253900,-3.955359,-3.137670,-2.924533,-2.913318,-3.013318,-3.106403,-3.174249,-3.172822,-3.247866,-3.456591,-3.845639,-3.798800,-3.549361,-4.032911,-4.505661,-3.363261,-3.052597,-2.932362,-2.934397,-3.047248,-3.382282,-3.618417,-3.520785,-3.536808,-3.818680,-4.167043,-4.555083,-5.115430,-4.848217,-4.423471,-4.299417,-4.519516
-2.577813,-2.544550,-2.500875,-2.452118,-2.402231,-2.360283,-2.339082,-2.338028,-2.362553,-2.427899,-2.543186,-2.724171,-3.010245,-3.448458,-4.081100,-3.889607,-3.308872,-2.953858,-2.735111,-2.602921,-2.521692,-2.467314,-2.416609,-2.357217,-2.335504,-2.308382,-2.334496,-2.431417,-2.625702,-2.926824,-3.452876,-4.352155,-3.511479,-2.633831,-2.049432,-1.523337,-1.229424,0.445910,0.958179,0.446039,-1.408306,-2.582207,-3.258348,-4.436094,-2.413374,0.409434,1.109234,0.696599,-1.076207,-1.232217,-1.380637,0.310480,0.979838,0.589759,-1.304217,-1.505240,-1.683177,-1.765449,-1.754410,-1.585193,-1.562401,0.649218,1.365607,0.879745,-1.267040,-1.447023,-1.671061,-1.602205,-1.394022,-0.431952,-0.160756,-0.472154,-2.030256,-2.307996,-2.211420,-0.333865,0.411649,-0.248927,-3.690616,-3.344445,-2.967655,-2.592955,-2.153540,-1.065593,-0.231427,0.376490,0.829437,0.360433,-1.681831,-1.731966,-0.479597,-0.947141,-3.006396,-1.948255,-1.062816,-1.786912,-3.635666,-3.885927,-3.788743,-3.412349,-2.069614,-2.103492,-1.216430,-2.301435,-3.551837,-1.883220,-2.074083,-1.507371,-0.808632,-0.869529,-0.001978,-0.640002,-3.120829,-1.840407,-1.630912,-2.437613,-4.015995,-1.377721,-0.831558,-1.255078,-2.017975,-2.301416,-2.103585,-2.439775,-1.174512,-1.410014,-1.413675,-1.883835,-2.018221,-1.943751,-2.009456,-2.502613,-1.695886,-4.426746,-1.476162,-1.821540,-2.687026,-1.926177,-1.760924,-2.989175,-2.516077,-2.296997,-3.182992,-2.635546
-2.811196,-2.791085,-2.758174,-2.720425,-2.687675,-2.655445,-2.645008,-2.662210,-2.704868,-2.791310,-2.929400,-3.146129,-3.475396,-4.026259,-5.355232,-4.778353,-3.964902,-3.610020,-3.432654,-3.368638,-3.375729,-3.409060,-3.431957,-3.444241,-3.448699,-3.477801,-3.583528,-3.773426,-4.090119,-4.544070,-4.966782,-5.019578,-4.735579,-4.358587,-4.040360,-4.544967,-3.062262,0.273564,1.039599,0.408880,-2.955854,-3.922203,-4.365505,-3.733419,-2.885162,0.347713,1.152960,0.563172,-2.613296,-4.175224,-3.108300,0.149942,1.009302,0.462645,-2.459345,-3.629185,-4.229394,-6.217080,-6.020012,-6.454051,-2.672295,0.525114,1.335625,0.741370,-2.319466,-3.408127,-6.429656,-5.226553,-4.903872,-0.603528,0.050366,-0.676336,-5.649155,-4.054561,-3.403124,-0.502482,0.347238,-0.208092,-3.174167,-4.323746,-4.963266,-7.085865,-4.317773,-1.376550,-0.563055,0.419848,0.917381,0.258348,-2.915488,-1.505561,-0.637493,-1.145269,-3.672518,-0.797094,-0.199986,-0.945587,-5.003706,-5.230845,-5.247247,-2.443520,-1.515398,-1.419157,-1.300699,-2.314451,-3.490488,-1.987242,-2.098134,-1.520672,-0.727579,-0.722081,-0.205852,-0.820860,-3.774490,-1.585281,-1.284396,-2.162993,-4.257674,-1.633432,-1.218646,-1.690389,-2.137438,-3.421084,-2.516207,-2.856196,-1.323331,-1.448448,-1.564212,-5.499116,-2.222940,-1.710633,-1.839091,-2.620694,-1.741027,-4.818760,-1.436863,-1.727285,-3.127009,-3.412168,-2.658807,-3.433982,-3.153511,-2.087521,-1.715109,-2.338549
-3.263325,-3.274161,-3.271190,-3.252731,-3.247180,-3.265402,-3.287935,-3.337331,-3.437798,-3.575641,-3.774066,-4.040616,-4.390718,-4.908212,-5.366234,-5.316495,-5.143457,-5.052141,-5.188689,-5.409218,-5.863210,-6.539443,-7.427330,-6.999260,-7.028613,-8.276367,-8.373932,-8.003878,-8.226058,-7.722353,-7.540749,-7.331532,-7.328285,-7.237585,-5.781678,-6.175066,-3.173222,0.237950,1.002986,0.368841,-2.936393,-3.972499,-5.966478,-3.917062,-2.901764,0.300684,1.106678,0.516672,-2.650885,-3.330140,-2.805273,0.094722,0.953929,0.406950,-2.514457,-3.644262,-4.338058,-6.376164,-6.574322,-6.564022,-2.732524,0.449802,1.259889,0.665218,-2.394665,-3.459485,-6.478951,-5.043837,-4.856401,-0.593166,0.083109,-0.623151,-4.945271,-5.161644,-3.723102,-0.536179,0.311907,-0.243830,-3.211285,-4.354273,-5.000466,-7.193100,-4.360759,-1.425452,-0.614390,0.358976,0.865125,0.216247,-3.388220,-1.706948,-0.701211,-1.214705,-3.497006,-0.906009,-0.240699,-0.924153,-4.571032,-5.025349,-4.610362,-2.030500,-1.115751,-1.032988,-1.313402,-2.375173,-3.444958,-2.046799,-2.095158,-1.349247,-0.557858,-1.444066,-0.660837,-1.289286,-3.181746,-2.660765,-3.002930,-2.518388,-4.234130,-1.715998,-1.211435,-1.558342,-2.173894,-3.152276,-2.509119,-2.658697,-2.157794,-1.803117,-1.580637,-2.695389,-2.556262,-2.038166,-2.484649,-2.988588,-2.195478,-3.032544,-3.299902,-2.370879,-2.973985,-2.507818,-1.995651,-2.828740,-2.538133,-2.549907,-2.432252,-2.864199
-4.073664,-4.165300,-4.205676,-4.263339,-4.366393,-4.461590,-4.562773,-4.678309,-4.951313,-5.208278,-5.556867,-5.939183,-6.126177,-6.287066,-6.718612,-6.815089,-7.320086,-8.598819,-8.312569,-8.582262,-7.981968,-8.873650,-8.273206,-8.302176,-8.710423,-8.170868,-9.144522,-8.595628,-8.697753,-10.374497,-8.535588,-7.671806,-8.511646,-8.358110,-6.584822,-6.535487,-3.192543,0.201053,0.966376,0.332970,-2.967831,-3.957972,-7.266855,-3.857405,-2.974336,0.253818,1.060017,0.470344,-2.662420,-3.135801,-2.707259,0.038892,0.898236,0.351428,-2.569172,-3.695387,-4.407532,-6.447344,-8.511612,-7.274249,-2.820381,0.371844,1.181267,0.586410,-2.480340,-3.559961,-7.642664,-4.908309,-4.580620,-0.549673,0.148174,-0.534520,-4.363865,-4.170417,-3.504062,-0.574059,0.274481,-0.281419,-3.253646,-4.365331,-5.036644,-7.174702,-4.414989,-1.474368,-0.662028,0.252293,0.757341,0.105510,-2.960926,-1.605965,-0.760877,-1.267528,-3.506351,-1.468500,-0.575943,-1.109772,-4.110342,-4.725121,-4.467658,-1.770028,-0.911272,-1.623049,-1.437226,-2.438083,-3.792231,-2.086957,-2.112919,-1.563784,-0.743143,-1.432891,-1.674631,-2.129704,-3.656594,-1.692383,-1.306175,-2.077203,-4.564598,-2.274248,-1.623035,-1.711443,-2.338320,-2.418884,-2.260344,-2.066718,-1.941334,-3.958920,-1.869403,-2.136371,-2.191386,-2.393113,-3.120411,-5.107731,-3.615044,-2.770279,-2.647691,-3.613216,-2.685116,-2.641368,-3.731659,-3.308401,-4.069215,-3.340552,-3.066191,-4.025590
-5.667449,-5.878425,-6.146818,-6.536754,-7.062524,-7.416692,-7.759565,-9.491541,-7.907958,-7.920774,-8.704014,-9.955656,-8.123121,-7.833578,-7.971332,-9.025369,-8.767218,-8.343290,-9.667261,-10.445910,-7.723966,-9.423213,-9.097744,-8.319012,-9.566566,-8.421177,-8.285520,-9.062666,-8.195747,-9.970436,-9.320003,-8.738384,-8.762972,-9.678406,-6.855074,-6.590712,-3.224430,0.164343,0.929551,0.296091,-3.003976,-3.982000,-7.130957,-3.888398,-3.039018,0.207999,1.013319,0.424300,-2.715880,-3.270748,-2.848155,-0.015980,0.842885,0.295758,-2.624411,-3.769557,-4.447091,-6.549890,-6.718634,-6.659858,-2.896092,0.289661,1.098445,0.502890,-2.556299,-3.630526,-6.707391,-4.828521,-4.355151,-0.498644,0.216690,-0.449662,-4.223217,-4.338730,-3.634987,-0.613003,0.235197,-0.321128,-3.295757,-4.408615,-5.066972,-7.293610,-4.475245,-1.522938,-0.706288,0.101912,0.595720,-0.047766,-3.573221,-1.813920,-0.824345,-1.315951,-4.348185,-0.689333,-0.031235,-0.733627,-4.663441,-4.871110,-4.520235,-1.610092,-0.753257,-1.626793,-1.523702,-2.436068,-3.613449,-2.128512,-2.265483,-1.471110,-0.682472,-1.271690,-2.144387,-2.560333,-3.670722,-1.894306,-1.481603,-2.155687,-4.872728,-1.697263,-1.031647,-1.415984,-2.347390,-2.325820,-2.159001,-1.996834,-1.589193,-1.927571,-3.282694,-3.660772,-2.576919,-2.099613,-2.340354,-3.332511,-2.846874,-3.055631,-1.876061,-1.974248,-2.749732,-2.476372,-2.511930,-3.389966,-3.948748,-3.137748,-3.308505,-4.077077
-6.123422,-6.278721,-6.653619,-7.021608,-7.968246,-8.227614,-9.534195,-7.944484,-8.070414,-7.979381,-8.284680,-9.062998,-8.020391,-8.148080,-8.056169,-8.701869,-10.394259,-8.347416,-9.669268,-9.690438,-7.764417,-9.580689,-8.723026,-8.128006,-10.666246,-9.911181,-9.895736,-10.894469,-9.897890,-11.453970,-9.990571,-8.963807,-10.139799,-9.751216,-7.015153,-6.538889,-3.254441,0.127655,0.892636,0.258850,-3.028466,-4.009230,-6.370228,-3.951976,-3.073880,0.161094,0.967046,0.377065,-2.790589,-3.872534,-3.194001,-0.071482,0.787186,0.240231,-2.679967,-3.815739,-4.510990,-6.585770,-8.008974,-7.270040,-2.983033,0.203779,1.012033,0.416166,-2.644334,-3.716434,-6.485392,-4.774538,-4.199719,-0.453792,0.274816,-0.380548,-4.036301,-4.789585,-3.815616,-0.653647,0.193645,-0.362793,-3.338759,-4.436546,-5.118933,-7.198949,-4.555018,-1.571384,-0.748797,-0.091940,0.376402,-0.269263,-3.290720,-1.770783,-0.886876,-1.368309,-3.937059,-1.005685,-0.262766,-0.902698,-4.277803,-5.916011,-4.724426,-1.514844,-0.631556,-0.843190,-1.469535,-2.558046,-3.567134,-2.197856,-2.263700,-1.734467,-1.049407,-1.449761,-1.293121,-1.964911,-3.405724,-2.576392,-2.012304,-2.296937,-4.491014,-2.820553,-1.824059,-1.937382,-2.505148,-2.578397,-2.264359,-2.292064,-1.879311,-2.256271,-3.874582,-3.331013,-2.849663,-2.411468,-2.702362,-2.962208,-2.220666,-2.709941,-3.448241,-3.151458,-3.361868,-3.550028,-3.767136,-4.031876,-3.228174,-4.313693,-3.513546,-4.055870
-4.724554,-4.835441,-4.869508,-4.950941,-5.140683,-5.319788,-5.468344,-5.586903,-5.954086,-6.198705,-6.390440,-6.798666,-6.905322,-7.369579,-8.075489,-8.380413,-8.701347,-7.719379,-8.534649,-8.458772,-8.092885,-8.857557,-8.253747,-8.020553,-8.544892,-8.410258,-8.234159,-9.032246,-8.656466,-10.504225,-8.345492,-7.483584,-8.410079,-7.804165,-6.008498,-6.841094,-3.327946,0.090438,0.856045,0.222516,-3.085780,-4.074631,-6.633808,-4.060951,-3.091655,0.114448,0.920469,0.330575,-2.844579,-5.115959,-3.438073,-0.126631,0.731846,0.184574,-2.735303,-3.890373,-4.553204,-6.735989,-6.911140,-6.890154,-3.074130,0.113541,0.921422,0.325344,-2.736937,-3.805767,-7.419845,-4.666720,-4.128504,-0.419658,0.317391,-0.328557,-3.846677,-4.010996,-3.507356,-0.698234,0.149998,-0.406350,-3.385676,-4.452976,-5.173072,-7.016471,-4.650494,-1.619585,-0.790397,-0.330454,0.089218,-0.553647,-3.732415,-1.876946,-0.947021,-1.419728,-4.882458,-1.358721,-0.503843,-1.074809,-4.208825,-5.443801,-4.517349,-1.459526,-0.583103,-0.873978,-1.531265,-2.683486,-3.819075,-2.216947,-2.418878,-1.759676,-1.118287,-1.216190,-1.156881,-1.776942,-4.314192,-1.698610,-1.260110,-2.024893,-5.445575,-1.969619,-1.321500,-2.010435,-2.570861,-2.728097,-2.691123,-2.884309,-3.112073,-3.384307,-2.673286,-2.870033,-2.748833,-3.232252,-2.831974,-2.912642,-2.111109,-2.544966,-2.593393,-2.517253,-3.297515,-3.212309,-3.123718,-3.148618,-3.297197,-2.865903,-2.685913,-3.649757
-4.008937,-4.030007,-4.041097,-4.035237,-4.040811,-4.078608,-4.122165,-4.188266,-4.314226,-4.457902,-4.618540,-4.742229,-4.779517,-4.804975,-4.762141,-4.786654,-4.900720,-5.002453,-5.250397,-5.470827,-5.759769,-5.984227,-6.546350,-7.262693,-9.266476,-8.329389,-7.451460,-8.813973,-7.339820,-7.000675,-6.922525,-8.280721,-6.797462,-6.060465,-5.191919,-5.871854,-3.407083,0.053181,0.819187,0.185727,-3.086733,-3.967666,-6.313630,-4.122405,-3.181001,0.068255,0.873875,0.283875,-2.891575,-3.805581,-3.179224,-0.183250,0.675915,0.129174,-2.791436,-3.912448,-4.632737,-6.627701,-7.290419,-7.161157,-3.162420,0.018617,0.826123,0.229636,-2.824132,-3.888652,-7.118660,-4.675191,-4.011875,-0.399990,0.344990,-0.296933,-3.863018,-5.534967,-4.077400,-0.741623,0.104792,-0.452278,-3.428843,-4.544745,-5.210715,-7.142157,-4.729366,-1.667862,-0.831720,-0.613381,-0.287559,-0.922582,-3.916497,-1.939404,-1.010310,-1.493971,-4.278751,-0.830741,-0.168314,-0.871751,-4.808723,-4.761314,-4.250518,-1.437997,-0.583475,-1.505792,-1.725540,-2.572215,-3.619844,-2.279172,-2.422619,-2.184151,-1.693656,-1.851054,-1.318003,-1.984496,-3.518753,-2.797287,-2.079714,-2.331277,-4.931113,-2.978112,-2.419082,-4.250483,-2.774275,-3.809637,-3.183765,-2.954148,-2.972084,-3.293730,-2.139169,-2.886736,-2.735181,-2.014907,-2.436246,-3.158511,-2.287117,-2.860229,-3.944323,-3.877975,-3.517508,-2.892903,-2.728051,-3.186246,-3.352192,-3.598673,-4.440763,-4.402734
-3.612610,-3.604352,-3.580086,-3.536426,-3.494416,-3.452531,-3.442439,-3.468058,-3.536610,-3.653450,-3.824771,-3.996114,-4.063043,-3.910832,-3.677366,-3.462249,-3.324229,-3.239900,-3.207410,-3.220498,-3.273170,-3.348649,-3.445183,-3.580084,-3.728803,-3.851886,-3.948329,-4.001615,-4.096434,-4.254533,-4.205572,-3.984565,-4.027219,-4.880834,-3.726798,-2.682681,-2.501646,0.076872,0.737009,0.180931,-2.413756,-2.797915,-3.967299,-3.464765,-3.002999,0.036350,0.822466,0.243143,-2.930568,-3.229187,-2.937749,-0.237369,0.619996,0.073305,-2.844741,-3.992954,-4.649041,-7.213749,-6.709481,-7.324160,-3.281672,-0.080087,0.726401,0.130237,-2.928329,-4.012568,-7.433609,-4.730558,-3.927137,-0.392447,0.356864,-0.279297,-3.777375,-4.105859,-3.665793,-0.789889,0.057097,-0.499946,-3.478611,-4.576658,-5.268951,-7.101741,-4.788373,-1.717297,-0.874207,-0.930896,-0.805873,-1.445802,-4.044374,-1.980221,-1.069410,-1.559156,-4.408892,-1.486101,-0.706034,-1.292350,-4.311680,-4.744100,-4.248832,-1.450251,-0.587926,-1.204952,-1.731325,-2.642938,-3.604851,-2.330128,-2.445487,-2.145072,-1.793208,-1.969446,-1.886349,-2.469155,-4.135581,-2.077883,-1.590045,-2.230077,-5.227121,-2.399391,-2.079433,-3.036698,-2.669800,-3.367179,-2.998853,-2.736402,-2.294812,-2.214788,-2.571976,-3.222847,-3.529834,-3.024765,-2.971634,-3.525844,-2.747517,-3.569876,-4.031687,-3.632231,-3.462439,-3.955045,-3.912529,-3.837232,-4.155871,-4.151635,-4.563991,-4.221593
-3.422010,-3.404808,-3.356653,-3.288593,-3.211216,-3.146592,-3.109588,-3.109802,-3.156004,-3.269404,-3.463574,-3.732866,-3.882150,-3.605977,-3.214056,-2.896679,-2.667318,-2.518390,-2.433239,-2.400522,-2.410829,-2.457045,-2.536535,-2.620613,-2.709584,-2.779099,-2.875001,-2.996196,-3.066775,-2.935898,-2.689280,-2.443988,-2.295743,-2.269736,-2.044058,-1.261035,-0.423936,-0.116682,0.213170,0.268527,-1.914824,-1.870353,-2.074795,-2.438654,-1.776243,0.076138,0.500587,0.023277,-0.795715,-1.496356,-1.913182,-0.264371,0.407478,0.009537,-1.645106,-2.831942,-4.259049,-3.526747,-3.443138,-4.117194,-2.810527,-0.337232,0.520707,0.096780,-1.838468,-3.324630,-4.529159,-4.516260,-3.533617,-0.483868,0.285753,-0.234858,-2.680697,-4.263517,-6.846486,-0.868727,-0.128469,-0.622221,-2.831224,-4.471809,-5.538275,-7.313963,-5.463144,-1.772931,-1.042150,-1.444600,-1.788319,-2.073478,-3.882950,-2.050566,-1.151443,-1.643311,-3.690080,-1.450287,-0.831010,-1.508662,-4.692202,-5.586512,-4.602447,-1.543658,-0.660425,-0.891760,-1.709174,-2.908889,-3.929111,-2.579040,-2.758719,-2.743058,-2.173251,-3.227559,-3.420781,-3.755569,-3.977184,-2.118857,-1.645494,-2.335116,-6.226070,-2.442662,-2.140823,-2.738295,-2.888268,-2.988505,-2.820806,-2.751307,-2.324835,-2.793053,-2.795376,-3.062235,-3.237709,-3.656275,-6.922544,-3.826230,-3.362085,-3.734706,-3.440426,-3.588209,-4.457910,-3.814995,-3.140332,-3.834338,-4.353263,-4.436306,-4.331357,-4.713137
-3.388313,-3.369707,-3.314951,-3.233908,-3.138384,-3.062238,-3.015287,-3.004578,-3.044328,-3.163438,-3.385851,-3.747127,-4.063220,-3.641797,-3.109837,-2.742155,-2.477927,-2.309078,-2.211862,-2.175383,-2.193172,-2.257366,-2.349155,-2.447896,-2.524854,-2.590269,-2.696539,-2.909911,-3.102238,-2.848192,-2.440433,-2.149548,-2.023511,-1.971803,-1.686514,-1.064966,-0.248290,0.262528,0.587779,0.543145,-0.569505,-1.423195,-1.288045,-1.187112,-1.145753,0.037035,0.435799,-0.212333,-0.599291,-1.225732,-0.782171,-0.057152,0.536004,-0.061338,-0.320577,-0.880441,-1.550199,-1.740906,-1.185126,-0.995665,-1.900812,0.055481,0.576968,-0.083582,-0.839259,-1.848126,-1.333479,-2.184719,-1.947063,-0.505728,-1.258650,-1.310822,-1.503520,-1.546834,-1.788373,-0.712000,-0.174667,-0.553340,-1.773609,-2.132387,-3.074207,-3.434684,-2.045187,-1.512499,-1.233066,-0.956787,-0.820511,-1.441098,-3.328393,-2.085095,-1.935869,-1.893406,-4.281924,-1.465231,-1.922076,-2.325574,-2.412178,-2.710446,-2.457968,-1.847760,-1.294081,-1.839980,-1.366756,-2.107790,-4.023512,-2.371471,-2.132152,-3.567085,-1.841800,-1.877117,-1.638946,-2.384470,-3.303709,-2.505674,-1.873779,-2.350361,-3.372482,-5.099977,-4.292654,-3.176657,-3.711160,-2.488066,-2.656036,-2.343500,-2.491681,-3.828272,-2.560890,-2.557899,-4.363523,-2.372199,-2.806729,-2.774355,-2.173832,-2.776247,-2.529428,-2.870151,-4.024246,-3.171983,-2.626408,-4.000707,-4.134785,-5.184339,-3.644998,-3.271420
-3.507952,-3.499681,-3.446789,-3.362218,-3.268349,-3.182589,-3.134024,-3.128083,-3.176508,-3.308952,-3.567692,-4.058592,-4.753570,-3.967936,-3.329877,-2.932703,-2.671418,-2.513151,-2.429916,-2.415066,-2.464221,-2.573524,-2.732279,-2.887795,-2.989256,-3.065148,-3.227167,-3.599037,-4.290013,-3.680263,-3.048748,-2.782443,-2.762345,-2.908552,-2.667288,-2.035600,-1.776664,0.413764,1.069035,0.520206,-2.031979,-2.457991,-2.685366,-2.330606,-1.856391,0.207990,0.871673,0.302792,-2.266767,-2.663930,-2.418592,0.166766,1.001877,0.497593,-2.406711,-2.940992,-3.459458,-3.030220,-2.682351,-2.572422,-2.202854,0.309539,1.104197,0.504859,-2.621736,-3.567471,-3.683136,-3.018617,-2.524401,0.181395,0.898704,0.259579,-3.294255,-5.253838,-3.895016,-0.440367,0.445867,-0.123132,-3.406823,-5.872734,-4.425848,-4.189519,-3.696401,-1.576222,-0.809398,0.064185,0.674609,0.014055,-3.350322,-1.608194,-0.642137,-1.145484,-3.570836,-1.789886,-1.061389,-1.705941,-4.927378,-5.524820,-4.873216,-1.845088,-1.008108,-1.374483,-1.536824,-2.561588,-3.458570,-1.939540,-2.123010,-4.682197,-2.367455,-0.902371,-0.057187,-0.694441,-3.977126,-1.733256,-1.138238,-1.727620,-5.477769,-2.504457,-1.669809,-3.788026,-2.034393,-2.104155,-2.248855,-1.627042,-1.140890,-1.445401,-2.564012,-3.266178,-2.109281,-1.743672,-2.245344,-2.546514,-1.788342,-2.089084,-1.471751,-2.042486,-2.451753,-2.774092,-2.360706,-2.475970,-2.397032,-1.636244,-1.428606,-2.214898
-3.805056,-3.820080,-3.777674,-3.694803,-3.607510,-3.536105,-3.497061,-3.512385,-3.583877,-3.748888,-4.050715,-4.676949,-8.995131,-4.597342,-3.909125,-3.539833,-3.334424,-3.225088,-3.202360,-3.263310,-3.416747,-3.673374,-4.016335,-4.433728,-4.659011,-4.747527,-4.899160,-5.167624,-5.164985,-4.969204,-4.850029,-5.036366,-5.509347,-5.203165,-4.574911,-5.774596,-3.148296,0.304182,1.072190,0.438468,-2.879818,-3.864162,-6.813331,-4.304090,-3.245600,0.052503,0.857809,0.269202,-2.889543,-3.403525,-2.806939,0.097042,0.955874,0.408715,-2.514786,-3.642996,-4.308221,-6.327119,-7.144923,-7.186578,-3.003608,0.224920,1.029110,0.429353,-2.662475,-3.723251,-6.645236,-4.273066,-3.454352,0.014830,0.766204,0.131765,-3.241066,-3.616375,-3.214025,-0.465116,0.382443,-0.174378,-3.153821,-4.230857,-4.953104,-6.928759,-4.704725,-1.668067,-0.835838,-0.353303,0.274437,-0.401870,-3.381472,-1.593592,-0.707192,-1.191330,-4.438860,-1.488312,-0.813986,-1.479319,-4.551150,-6.900220,-5.678138,-2.134806,-1.290670,-1.256218,-1.572897,-2.601701,-3.408819,-2.006656,-2.105787,-1.140973,-0.556159,-1.495270,-0.191439,-0.843028,-3.279925,-2.703446,-1.602115,-1.908223,-4.581290,-1.563442,-1.047910,-2.668886,-2.288292,-2.317231,-2.091303,-1.946311,-1.553145,-3.441147,-1.857736,-2.091350,-2.405370,-3.263319,-7.302940,-3.206384,-2.787624,-2.722220,-1.724405,-1.977125,-3.372900,-2.357073,-1.993703,-2.220724,-2.912258,-2.407229,-2.378626,-3.347691
-4.360798,-4.388592,-4.419683,-4.343649,-4.248312,-4.235993,-4.227398,-4.271456,-4.409109,-4.622275,-4.948009,-5.339221,-5.523104,-5.272172,-4.921285,-4.819445,-4.840453,-4.903586,-5.195743,-5.514760,-5.910761,-6.469085,-6.727482,-6.967887,-7.170903,-7.490896,-7.506777,-7.498992,-9.505554,-8.863911,-8.463273,-8.210138,-8.177967,-7.513385,-6.008233,-6.199790,-3.157603,0.269389,1.034802,0.400993,-2.908396,-3.961824,-5.943099,-4.205372,-3.229467,0.006487,0.811193,0.222843,-2.902865,-3.265383,-2.753004,0.040753,0.900060,0.353223,-2.568372,-3.687824,-4.398214,-6.384439,-6.679336,-6.614885,-3.057388,0.150182,0.952844,0.351886,-2.731001,-3.785623,-6.391015,-4.345990,-3.635982,-0.133582,0.617753,-0.017060,-3.434774,-4.713887,-3.825538,-0.517625,0.328012,-0.229436,-3.206930,-4.318030,-4.998937,-7.153998,-4.777679,-1.717060,-0.872160,-0.951214,-0.261066,-0.949029,-4.864460,-1.721541,-0.770824,-1.259771,-3.812192,-0.840892,-0.224422,-0.972865,-5.743635,-5.356326,-5.338585,-2.393730,-1.589404,-1.596168,-1.657015,-2.734461,-3.623557,-2.027481,-2.261188,-2.334750,-1.495046,-1.473273,-0.542602,-1.169908,-4.441183,-1.577610,-1.064184,-1.784800,-4.350285,-2.270233,-1.693298,-1.921658,-2.175487,-2.338589,-2.273926,-2.251576,-1.313449,-1.437161,-1.702072,-2.758301,-2.929114,-2.461857,-2.831663,-4.256356,-3.539384,-3.436857,-2.172745,-2.197604,-3.096992,-4.144592,-2.739603,-2.542299,-2.812079,-3.435843,-2.871116,-3.031791
-5.348447,-5.522112,-5.611316,-5.590003,-5.558835,-5.577384,-5.669590,-5.781848,-6.057313,-6.296984,-6.533270,-6.622870,-6.709190,-6.882769,-7.527597,-7.850596,-9.680429,-7.591579,-10.319456,-9.520093,-9.051816,-8.342339,-7.762898,-8.565867,-9.404486,-8.789477,-9.302958,-10.041365,-8.973145,-12.257775,-9.629683,-8.767596,-9.456549,-9.374737,-6.851542,-6.458511,-3.150780,0.233086,0.998142,0.364443,-2.924887,-3.907173,-6.354107,-4.163922,-3.272425,-0.040599,0.765094,0.175859,-2.969886,-3.435012,-2.904414,-0.014155,0.844677,0.297556,-2.622232,-3.771339,-4.447985,-6.604756,-8.097044,-7.323330,-3.145846,0.071302,0.873059,0.271643,-2.821576,-3.882063,-6.527144,-4.523205,-3.776284,-0.296508,0.453335,-0.181068,-3.585443,-4.063161,-3.511743,-0.575434,0.271223,-0.286386,-3.266710,-4.368831,-5.049762,-7.119135,-4.852340,-1.766813,-0.912867,-2.071745,-0.939686,-1.727658,-4.032073,-1.743036,-0.831305,-1.321070,-4.232191,-1.472860,-0.695096,-1.284703,-4.369868,-5.210263,-5.221786,-2.490093,-1.734819,-2.283757,-1.730311,-2.709379,-3.512573,-2.091710,-2.232352,-1.230762,-0.607341,-1.993294,-1.122063,-1.797164,-3.527126,-2.696913,-1.738906,-2.069301,-4.013403,-1.992081,-1.677635,-3.777174,-2.442911,-2.790352,-2.793629,-2.320487,-1.198528,-2.114729,-2.230237,-3.675358,-2.342360,-2.489598,-3.034631,-3.585825,-2.862821,-3.038118,-2.125541,-2.658715,-4.047176,-2.610818,-2.099121,-2.902386,-3.909277,-2.698213,-2.321614,-2.787749
-8.162845,-9.433928,-7.829223,-8.056928,-8.563525,-11.404838,-9.771292,-9.441628,-8.662073,-9.189304,-9.621168,-8.974990,-8.033041,-8.731887,-8.563203,-8.014347,-8.728251,-7.584320,-8.245076,-9.720102,-8.088065,-8.861251,-7.754963,-8.545215,-9.306006,-8.209064,-8.209594,-8.914317,-8.091967,-9.794281,-9.370452,-8.343151,-8.743100,-9.344847,-6.842422,-6.521398,-3.187533,0.196288,0.961388,0.327746,-2.964433,-3.939942,-7.135943,-4.178312,-3.330305,-0.087369,0.718747,0.128424,-3.032371,-4.206181,-3.203005,-0.069479,0.789138,0.241971,-2.678322,-3.825972,-4.497567,-6.622156,-6.915738,-6.993423,-3.235380,-0.012061,0.788868,0.186911,-2.913698,-3.974703,-7.430676,-4.686080,-3.955470,-0.477453,0.270434,-0.364878,-3.693360,-4.099456,-3.563902,-0.633469,0.212207,-0.345645,-3.325119,-4.434558,-5.112552,-7.092513,-4.922153,-1.816984,-0.957414,-2.383812,-1.090087,-1.886865,-4.965812,-1.815343,-0.891926,-1.402160,-3.473324,-1.261403,-0.539876,-1.176730,-4.423670,-5.483524,-5.829012,-2.398777,-1.629275,-3.589795,-1.806235,-2.723447,-3.500558,-2.138038,-2.269053,-2.300229,-1.567358,-2.969287,-1.910131,-2.543252,-3.976968,-2.039541,-1.463448,-2.063974,-4.218792,-2.214845,-1.790785,-2.204208,-2.345139,-3.021222,-3.328974,-2.599554,-1.366500,-1.562355,-2.142037,-2.524615,-2.560138,-2.389205,-2.920593,-3.585596,-2.951083,-3.638463,-2.441244,-2.908521,-3.255274,-3.200967,-3.648911,-3.905542,-4.043630,-3.769909,-3.877866,-3.568323
-5.664371,-5.847486,-6.013810,-6.423728,-6.541951,-6.922386,-7.383669,-7.961006,-8.024607,-8.629897,-8.415981,-7.926351,-8.517322,-8.881777,-7.868261,-7.857942,-7.904775,-7.264582,-7.945369,-9.064246,-7.528332,-8.397620,-7.738753,-9.601810,-9.922022,-8.727213,-8.690222,-9.274359,-8.496859,-10.445596,-9.336361,-9.085237,-8.947181,-9.525897,-6.821406,-6.576311,-3.232514,0.159544,0.924769,0.291301,-3.008710,-3.995753,-6.726198,-4.266686,-3.353823,-0.134068,0.672379,0.081782,-3.110429,-5.489042,-3.333495,-0.125349,0.733405,0.186474,-2.733701,-3.866463,-4.567893,-6.634774,-7.389577,-7.351886,-3.319897,-0.100047,0.699875,0.096995,-2.998198,-4.056366,-7.204632,-4.897470,-4.138577,-0.680395,0.064904,-0.573773,-3.946154,-5.828548,-3.939871,-0.693954,0.151146,-0.407203,-3.386781,-4.518860,-5.161065,-7.208893,-4.967099,-1.869062,-1.006285,-1.433784,-0.723749,-1.404930,-4.307841,-1.875502,-0.953411,-1.463374,-4.256361,-0.846424,-0.221312,-0.941142,-5.115625,-5.619191,-6.194219,-2.255165,-1.425225,-1.730324,-1.836895,-2.899254,-3.750144,-2.170451,-2.315457,-1.561149,-0.866654,-1.659390,-1.732466,-2.380023,-4.277827,-1.986755,-1.464697,-2.150673,-4.817735,-2.264882,-1.886642,-4.484590,-2.616221,-3.168050,-2.871780,-3.547070,-2.010982,-2.933184,-2.831920,-3.196545,-4.001203,-2.674198,-2.520373,-3.829914,-3.756785,-4.491285,-3.999972,-3.560841,-3.360686,-3.172767,-3.257536,-3.790305,-3.601203,-3.260835,-3.182955,-3.695938
-4.625729,-4.693734,-4.780929,-4.859479,-4.931843,-5.023917,-5.090961,-5.186649,-5.287799,-5.408307,-5.583639,-5.736463,-5.985999,-6.280266,-6.903458,-7.718110,-8.343864,-7.608190,-7.448310,-7.854674,-7.486717,-7.895348,-8.011661,-9.081987,-9.049796,-8.307926,-7.756603,-7.952550,-9.367085,-9.940300,-8.945026,-7.661168,-8.863324,-7.900168,-6.100045,-6.812958,-3.289644,0.122937,0.887888,0.253638,-3.030306,-4.041940,-5.701460,-4.365736,-3.385617,-0.179324,0.624756,0.037466,-3.138993,-3.845077,-3.158345,-0.181002,0.677968,0.130867,-2.789269,-3.935754,-4.614241,-6.744399,-7.356319,-7.234860,-3.419811,-0.192522,0.606277,0.002747,-3.096991,-4.165681,-6.865099,-5.112803,-4.387632,-0.908644,-0.170745,-0.810757,-4.120996,-4.211108,-3.648636,-0.758066,0.087525,-0.470955,-3.451512,-4.582206,-5.226145,-7.232773,-4.985144,-1.920934,-1.057065,-1.091758,-0.507877,-1.168459,-4.837673,-1.952053,-1.015512,-1.535177,-3.467217,-1.783804,-0.891643,-1.412407,-4.287154,-5.332500,-4.982569,-2.130623,-1.266419,-1.346706,-1.841008,-2.938918,-3.687023,-2.239097,-2.280197,-2.621682,-2.141014,-2.639476,-1.533974,-2.213918,-3.734727,-3.674032,-2.411865,-2.523970,-5.068976,-1.920478,-1.362272,-2.027497,-2.539537,-2.555279,-2.600553,-4.156059,-2.529748,-3.234310,-3.466025,-2.864253,-2.425729,-2.170962,-2.682271,-3.762830,-3.888118,-3.857091,-3.650210,-4.534082,-4.438182,-4.071476,-3.470754,-3.608980,-3.236180,-3.704180,-4.785666,-4.251267
-4.020850,-4.046155,-4.075349,-4.102360,-4.127302,-4.137222,-4.133605,-4.124224,-4.096550,-4.066206,-4.021038,-4.005357,-3.965020,-3.980671,-4.013659,-4.052865,-4.175807,-4.268214,-4.385352,-4.535336,-4.689711,-4.898052,-5.186742,-5.530961,-5.790819,-6.020406,-6.347253,-7.478822,-7.173994,-7.105312,-7.175464,-6.654694,-6.112623,-5.437245,-4.780976,-5.199747,-3.262221,0.087495,0.850638,0.217424,-3.062946,-4.033954,-5.176593,-4.399166,-3.568252,-0.231246,0.577757,-0.009938,-3.142026,-3.548369,-3.039676,-0.236959,0.622328,0.075351,-2.846079,-3.975193,-4.670376,-6.726447,-6.982644,-7.186694,-3.518082,-0.291018,0.507037,-0.097335,-3.200456,-4.251270,-7.231136,-5.418221,-4.622697,-1.172617,-0.444446,-1.093736,-4.374039,-4.921406,-3.953264,-0.822890,0.021503,-0.537212,-3.517715,-4.649374,-5.293004,-7.335104,-4.998960,-1.973052,-1.109615,-0.948164,-0.434587,-1.099454,-4.013141,-1.974358,-1.076363,-1.578616,-4.340041,-1.234452,-0.563983,-1.234983,-4.733531,-5.050443,-4.763326,-2.040331,-1.190276,-1.584626,-1.939595,-2.930480,-3.723911,-2.271994,-2.419432,-2.125079,-1.384841,-1.970706,-1.690524,-2.308421,-4.623268,-2.093267,-1.654672,-2.412719,-6.623388,-3.220668,-2.265893,-2.203259,-2.779243,-2.712668,-2.519637,-3.299688,-2.156224,-2.724340,-3.597641,-4.469640,-3.205221,-4.077553,-4.161005,-3.443388,-2.973164,-3.623503,-3.783855,-3.267766,-3.358235,-3.744871,-3.527092,-3.622694,-4.132524,-4.465814,-4.282853,-4.740872
-3.692343,-3.694663,-3.699479,-3.708896,-3.713459,-3.691659,-3.661357,-3.615384,-3.527556,-3.438697,-3.337646,-3.236149,-3.145916,-3.059711,-2.991725,-2.955413,-2.934968,-2.944631,-2.954939,-2.985189,-3.040803,-3.099962,-3.167414,-3.218084,-3.259021,-3.275482,-3.322944,-3.388631,-3.466691,-3.501219,-3.468302,-3.547338,-3.923048,-3.789956,-2.967963,-2.256606,-1.971972,0.125644,0.721723,0.224648,-1.913557,-2.528697,-3.753142,-4.854275,-3.074203,-0.232773,0.514438,-0.043445,-2.888638,-3.003067,-2.878781,-0.280846,0.564827,0.020005,-2.915723,-3.943615,-4.467126,-6.634860,-7.120075,-5.432112,-3.770936,-0.393132,0.399782,-0.199098,-3.347425,-4.361330,-5.772213,-5.500700,-4.976351,-1.482864,-0.775120,-1.434461,-4.700055,-4.970620,-3.940902,-0.892179,-0.047068,-0.605857,-3.590177,-4.708217,-5.344548,-7.490409,-5.016866,-2.024487,-1.161798,-0.913140,-0.465859,-1.116367,-5.532906,-2.095538,-1.140001,-1.638981,-3.894995,-1.157730,-0.523533,-1.243079,-4.995720,-5.437185,-4.948191,-1.990953,-1.154652,-2.369589,-2.079686,-3.010831,-3.989603,-2.325224,-2.406100,-2.487010,-2.225122,-3.254157,-2.244003,-2.890878,-3.996383,-2.811215,-2.377748,-2.841707,-5.793817,-2.887834,-2.028054,-2.121803,-2.654000,-2.809803,-2.758913,-3.403149,-2.156634,-2.256206,-2.612481,-3.348038,-3.526047,-4.655264,-4.440419,-3.275509,-2.687531,-3.158808,-3.426536,-3.501895,-4.756491,-3.571478,-4.292523,-4.402589,-4.256156,-3.647096,-3.494726,-3.863194
-3.544549,-3.545153,-3.544445,-3.542855,-3.528172,-3.508895,-3.470585,-3.400772,-3.301252,-3.183768,-3.051670,-2.918521,-2.797991,-2.682127,-2.585896,-2.515277,-2.459410,-2.430441,-2.421061,-2.429596,-2.456049,-2.495295,-2.533184,-2.551320,-2.543420,-2.508272,-2.479650,-2.475734,-2.478638,-2.457501,-2.431710,-2.433118,-2.432145,-2.274324,-1.904418,-1.557423,-0.978191,-0.305596,0.098997,-0.034134,-0.908583,-2.657619,-2.004165,-1.545578,-1.023582,0.121644,-0.159805,-0.113823,0.049988,-0.304297,-0.400276,-0.470035,0.058746,0.129396,-1.283323,-2.261475,-2.879370,-4.066269,-2.900602,-2.786613,-2.062459,-0.779101,0.022667,-0.359185,-1.612785,-3.184791,-3.812735,-3.402929,-2.728284,-1.393574,-0.804582,-1.663665,-3.093438,-4.411089,-3.587570,-1.263040,-0.472689,-0.866507,-2.561139,-4.776278,-5.669217,-6.668716,-4.834633,-2.262487,-1.630023,-0.954471,-0.423238,-1.027437,-3.654765,-2.125534,-1.353692,-1.793862,-4.259017,-2.254557,-1.397697,-1.999263,-5.054312,-6.838581,-5.733720,-2.203064,-1.394933,-1.770274,-2.329607,-3.372914,-4.331830,-3.077792,-3.260508,-2.847726,-2.493752,-3.957100,-3.150554,-3.916524,-4.402546,-3.274065,-2.881611,-3.187721,-4.917455,-3.588051,-2.619379,-2.513642,-3.163069,-3.741693,-3.599508,-4.050799,-2.667375,-4.934301,-2.888858,-3.314229,-3.275661,-3.338716,-4.138653,-3.435095,-2.922734,-3.270457,-3.600280,-3.623769,-3.798952,-4.072834,-4.222731,-5.418475,-4.558312,-4.368289,-4.681196,-4.930684
-3.551595,-3.553481,-3.555711,-3.558108,-3.550259,-3.534344,-3.498549,-3.429531,-3.323298,-3.194334,-3.050191,-2.906489,-2.774303,-2.651195,-2.544745,-2.469045,-2.409359,-2.377199,-2.369803,-2.385725,-2.423401,-2.476727,-2.526684,-2.551749,-2.540271,-2.499124,-2.457464,-2.436341,-2.434024,-2.440375,-2.455167,-2.453462,-2.381419,-2.212341,-2.024912,-1.933418,-2.473528,-2.182723,-1.503743,-1.353873,-1.501361,-1.732109,-1.740111,-1.281087,-0.747262,-0.446238,-0.369005,0.781865,1.258311,0.874423,-0.667463,-1.118985,-1.124702,-0.918029,-0.755945,0.324674,0.594872,0.329208,-0.432861,-1.039940,-1.110204,0.249765,0.756868,0.482494,-0.282004,-1.030188,-1.574078,-2.422081,-2.811032,-1.926446,-0.939622,0.521049,0.845108,-0.109343,-0.787965,-0.936887,-1.086328,-0.800048,-1.131927,-0.478314,0.291638,-0.394245,-0.912361,-1.285972,-1.652894,-0.977878,-1.153864,-0.810225,-1.577594,-3.335920,-3.908775,-2.907369,-1.808614,-1.233719,-0.729125,-1.496096,-0.119802,-0.656855,-1.644338,-0.885464,-0.533559,-0.980669,-2.074846,-1.096260,-0.516970,-1.600741,-2.804848,-2.946838,-2.372258,-0.920427,-0.344431,-0.930228,-2.097479,-3.499809,-2.248040,-1.365125,-1.381168,-1.256710,-0.924798,-1.438940,-2.889803,-2.302090,-3.129901,-2.234041,-2.536165,-4.985127,-3.090564,-3.340413,-1.609300,-1.520264,-2.192208,-2.172155,-2.264142,-2.434638,-2.298221,-3.687935,-2.100124,-2.387333,-2.306457,-2.502908,-3.688498,-2.644050,-2.252811,-2.515222
-3.713240,-3.724571,-3.742818,-3.761824,-3.782135,-3.774464,-3.753492,-3.697214,-3.597193,-3.469844,-3.332081,-3.189284,-3.063670,-2.949830,-2.863346,-2.801981,-2.759685,-2.756340,-2.777971,-2.831197,-2.917481,-3.023896,-3.137877,-3.221421,-3.244650,-3.232887,-3.220538,-3.222405,-3.282528,-3.421633,-3.566178,-3.655338,-3.654617,-3.609015,-3.845423,-3.931526,-3.827735,-4.057723,-4.416922,-4.763339,-5.849400,-4.366679,-3.968350,-3.689388,-3.525901,-3.565413,-2.711451,0.608501,1.408366,0.811678,-2.340190,-3.322146,-3.803144,-4.256196,-3.562402,0.195034,0.919572,0.246183,-3.383745,-4.369116,-2.940473,0.199440,1.027553,0.449019,-2.548169,-3.707084,-5.612748,-6.301786,-6.250524,-4.390924,-3.063394,0.282838,1.029393,0.390966,-3.014167,-4.025852,-4.609051,-4.021679,-3.135576,0.198598,0.990420,0.381511,-2.831440,-3.830960,-4.308995,-1.557713,-0.746374,-1.343367,-4.402440,-5.440443,-7.628284,-5.702303,-4.848501,-1.481185,-0.766219,-0.140229,0.267028,-0.386178,-3.629530,-1.534735,-0.648595,-1.154075,-4.159278,-1.050355,-0.271796,-0.850675,-3.722404,-4.817282,-4.308949,-1.013117,-0.181665,-0.596573,-1.528613,-2.797018,-3.312931,-1.636616,-1.750723,-1.742190,-1.232727,-2.520705,-1.548319,-2.141965,-3.729566,-1.825023,-1.542959,-2.438653,-4.404434,-2.024407,-1.704410,-1.783366,-2.028983,-2.074768,-2.289611,-3.045343,-1.959124,-3.193611,-1.932490,-4.097114,-2.310674,-2.325633,-2.960340,-4.275025,-3.336414,-3.532294
-4.064014,-4.100520,-4.151260,-4.197171,-4.245940,-4.303388,-4.323663,-4.303606,-4.234900,-4.132549,-4.008353,-3.900155,-3.788055,-3.733779,-3.692006,-3.679130,-3.735493,-3.799484,-3.916331,-4.097948,-4.347072,-4.669621,-5.085744,-5.590102,-5.764692,-5.894970,-5.842546,-6.417631,-7.002656,-7.059430,-7.021120,-6.711642,-6.929164,-8.037960,-6.586408,-7.179052,-6.706612,-7.358670,-7.576948,-6.618603,-8.942341,-6.407217,-6.282463,-6.302869,-6.988256,-3.857371,-2.591612,0.563374,1.359420,0.762384,-2.437937,-3.477276,-4.192094,-4.297451,-3.623909,0.132785,0.856203,0.185949,-3.523086,-4.271250,-2.947340,0.123814,0.952738,0.373143,-2.610955,-3.701847,-7.111587,-7.083137,-6.539080,-4.494947,-3.190988,0.094116,0.840299,0.202930,-3.148994,-4.236938,-4.419262,-4.222991,-3.303542,0.033003,0.823522,0.214350,-2.999769,-3.980293,-4.594485,-1.400001,-0.578338,-1.161817,-4.168083,-5.298068,-8.452836,-5.700717,-4.999475,-1.568807,-0.804428,-0.497539,0.142057,-0.493463,-3.951067,-1.642051,-0.730972,-1.265967,-3.933990,-0.878153,-0.214783,-0.892739,-4.438297,-5.347557,-4.224219,-1.215301,-0.401657,-1.294886,-1.759429,-2.640345,-3.210836,-1.729574,-1.802311,-2.191445,-2.285945,-2.102041,-1.153660,-1.814074,-3.760657,-1.978057,-1.549385,-2.199431,-4.258457,-2.086439,-2.069121,-2.954277,-2.014165,-2.063784,-2.239884,-2.681762,-1.852418,-1.717080,-1.906765,-3.118692,-2.511465,-2.802507,-2.720486,-2.145579,-1.671896,-2.314928
-4.716377,-4.782744,-4.907916,-5.041215,-5.190831,-5.362409,-5.509326,-5.567392,-5.588328,-5.491348,-5.451679,-5.441977,-5.458719,-5.507039,-5.752830,-5.980779,-6.379141,-7.166535,-7.740094,-7.825911,-7.534410,-7.513083,-7.713245,-8.464627,-9.278723,-8.384109,-7.912830,-8.037008,-9.861039,-9.233856,-10.844261,-7.668301,-10.110380,-8.483419,-9.284896,-8.616319,-8.391149,-9.568386,-8.720118,-7.391847,-7.181555,-7.703975,-7.143116,-7.735820,-7.026572,-3.842956,-2.597740,0.514147,1.310109,0.713157,-2.480237,-3.546633,-4.105330,-4.431540,-3.712605,0.071695,0.793835,0.123159,-3.581614,-4.343214,-2.999119,0.048596,0.877578,0.297747,-2.680532,-3.762231,-7.150704,-7.065285,-6.492654,-4.690383,-3.389188,-0.122038,0.623323,-0.013839,-3.349625,-4.357492,-5.054046,-4.354252,-3.465711,-0.169746,0.621253,0.012581,-3.187451,-4.165535,-4.767184,-1.280409,-0.451345,-1.027348,-4.001912,-5.147586,-9.215268,-5.776612,-5.068992,-1.670444,-0.828650,-1.420640,-0.036610,-0.652848,-4.662721,-1.745544,-0.819039,-1.334318,-4.154246,-1.444856,-0.889657,-1.612603,-4.233430,-5.435908,-4.658468,-1.529226,-0.663890,-0.888772,-1.681433,-2.903911,-3.297068,-1.805588,-1.867702,-2.851767,-4.773989,-1.613241,-1.071945,-1.757455,-3.518702,-4.342221,-2.093166,-2.209624,-6.235351,-2.221511,-1.856690,-2.419041,-2.273501,-2.218873,-2.269943,-2.580868,-2.173499,-2.630033,-2.737547,-2.805584,-2.931364,-3.114159,-2.829738,-2.974414,-2.442166,-3.035846
-5.804445,-5.937135,-6.407394,-6.953411,-7.076886,-7.647432,-8.208697,-8.130547,-8.170590,-7.735716,-8.146330,-7.546260,-8.701076,-8.018420,-7.742587,-8.499214,-9.134797,-7.784390,-8.005257,-8.735586,-7.613626,-8.565548,-7.809155,-8.678558,-8.988704,-7.936515,-8.037911,-8.665826,-7.893842,-9.551956,-9.753693,-8.192751,-8.646252,-9.416747,-8.825060,-8.543689,-7.767982,-9.705259,-7.326421,-7.006075,-7.266865,-7.684536,-7.090600,-6.678304,-6.028327,-3.916115,-2.639424,0.464809,1.260785,0.663898,-2.523084,-3.611030,-4.065317,-4.541448,-3.791164,0.009987,0.731374,0.060567,-3.644465,-4.389836,-3.067717,-0.026434,0.802726,0.223013,-2.757808,-3.842823,-7.505834,-7.533295,-6.966162,-4.887011,-3.609136,-0.374429,0.369116,-0.267819,-3.564625,-4.555554,-5.321583,-4.603081,-3.691024,-0.417436,0.375057,-0.231364,-3.392315,-4.382587,-4.399509,-1.194045,-0.358571,-0.930832,-3.871763,-4.983544,-8.257503,-5.911169,-5.068295,-1.714945,-0.943438,-0.702764,-0.258249,-0.894695,-5.363634,-1.837522,-0.907007,-1.437882,-3.868868,-1.432720,-0.852810,-1.615010,-5.320811,-6.448026,-4.929011,-1.941828,-1.114304,-2.463506,-1.915820,-2.944853,-3.527714,-1.881494,-1.925084,-2.110728,-1.229301,-1.682581,-1.233154,-1.890141,-3.875218,-1.951137,-1.376885,-2.017102,-5.259991,-2.751673,-2.118623,-2.210796,-2.884531,-2.449106,-2.366571,-2.945310,-2.805397,-2.794560,-2.749287,-2.691064,-3.131586,-3.336890,-3.450268,-3.127113,-2.480152,-3.060538
-7.124913,-7.866889,-10.457500,-7.494778,-7.752980,-7.648339,-7.993985,-10.112906,-9.753143,-10.848738,-8.923257,-8.211975,-9.094228,-8.654631,-8.255876,-9.344664,-8.922418,-8.131948,-8.325595,-8.764385,-8.615495,-9.606891,-7.914987,-9.062337,-10.576955,-8.955851,-8.684177,-9.548775,-8.621401,-10.363041,-10.045594,-9.319988,-9.208312,-10.801357,-9.022317,-9.118288,-8.131283,-9.827297,-7.744241,-7.347953,-7.489357,-8.149419,-7.177972,-6.794079,-6.145024,-3.963265,-2.687977,0.415536,1.211452,0.614481,-2.573460,-3.658063,-4.128409,-4.596094,-3.843131,-0.052221,0.669005,-0.001897,-3.717186,-4.441140,-3.139649,-0.101343,0.727673,0.147779,-2.828863,-3.906867,-7.529659,-7.324430,-6.724170,-5.186158,-3.885942,-0.678561,0.061510,-0.575387,-3.755299,-4.885611,-5.252625,-4.941726,-3.952551,-0.723271,0.070771,-0.530897,-3.619009,-4.675329,-4.127653,-1.132296,-0.291493,-0.860912,-3.791599,-4.891468,-8.075869,-5.944957,-5.186098,-1.772629,-1.034904,-0.836392,-0.574839,-1.218716,-5.517398,-1.918068,-0.996601,-1.536446,-3.598036,-2.369686,-2.672487,-3.566335,-4.454659,-5.768821,-5.250769,-2.484570,-1.520937,-1.472803,-1.886851,-3.013664,-3.414302,-1.960076,-2.026425,-1.578922,-0.890988,-2.151921,-1.650674,-2.238273,-4.115654,-2.020493,-1.426135,-2.061673,-4.966040,-3.735511,-2.794318,-2.445060,-3.411581,-2.667496,-2.525159,-4.316214,-2.596191,-2.387524,-2.561614,-2.790249,-3.079051,-4.052003,-5.692374,-4.424232,-3.946689,-4.136068
-4.676210,-4.835917,-5.071647,-5.373021,-5.671203,-5.987385,-6.424195,-6.911040,-7.868808,-8.521756,-8.044611,-8.355233,-8.125461,-8.873181,-8.030894,-8.755129,-9.084506,-8.452591,-8.507899,-9.512487,-8.452703,-9.389931,-8.361484,-8.739320,-9.638695,-8.502747,-8.574581,-9.219558,-8.427712,-10.084611,-10.421171,-8.742933,-9.191339,-9.982848,-9.432350,-9.080412,-8.300883,-10.855408,-7.853946,-7.520476,-7.782833,-8.153036,-7.768191,-7.171339,-6.420686,-4.002351,-2.740110,0.366026,1.162163,0.565223,-2.625886,-3.696831,-4.252752,-4.592206,-3.878369,-0.115658,0.606562,-0.064047,-3.791749,-4.475326,-3.228892,-0.176016,0.652918,0.073161,-2.906555,-3.990196,-8.063862,-7.864398,-7.223407,-5.474286,-4.197832,-1.061701,-0.331490,-0.968835,-4.003846,-5.165411,-6.007392,-5.186892,-4.211861,-1.127867,-0.319284,-0.905971,-3.875650,-4.960016,-4.061793,-1.088807,-0.244675,-0.811619,-3.747456,-4.869750,-8.793736,-5.987688,-5.278990,-1.863179,-1.071644,-2.267415,-1.064960,-1.665110,-6.240942,-1.999373,-1.090865,-1.608686,-4.175097,-1.166302,-0.555723,-1.314370,-5.704122,-6.202328,-5.397135,-2.603820,-1.741612,-4.102594,-2.082148,-3.061735,-3.561631,-2.014986,-2.145388,-1.956710,-1.399740,-1.921746,-2.372263,-3.092984,-3.961674,-4.584148,-2.070056,-2.296135,-4.873601,-3.312285,-3.155813,-3.078552,-2.994591,-2.776752,-2.780874,-3.499988,-2.312899,-2.762767,-3.110265,-3.038056,-3.185877,-4.286605,-3.743608,-5.425066,-5.815838,-5.204279
-3.607460,-3.661648,-3.735241,-3.818906,-3.937406,-4.092478,-4.241520,-4.423337,-4.661449,-4.905293,-5.240473,-5.525099,-5.772695,-6.127131,-6.315721,-6.634059,-7.054180,-7.312727,-7.550120,-8.596713,-8.433669,-8.952510,-8.355385,-9.892816,-10.032126,-7.722070,-7.709010,-7.885683,-8.399747,-8.767570,-9.265253,-8.461024,-8.361941,-9.427848,-7.931772,-7.986407,-8.421589,-8.783556,-7.350211,-6.734958,-7.283313,-7.228192,-6.579257,-6.209441,-6.133039,-4.116086,-2.807454,0.317466,1.112855,0.515864,-2.681886,-3.729061,-4.430115,-4.589852,-3.916348,-0.179332,0.544118,-0.126155,-3.863803,-4.513244,-3.326628,-0.250563,0.578158,-0.001506,-2.983644,-4.072552,-8.312345,-8.618219,-7.970478,-5.790004,-4.571985,-1.587876,-0.891154,-1.531877,-4.267137,-5.556764,-6.536092,-5.671412,-4.546532,-1.695722,-0.848718,-1.393702,-4.125814,-5.345052,-4.104753,-1.060761,-0.215440,-0.781137,-3.708256,-4.831908,-9.094055,-6.100100,-5.310119,-1.937030,-1.140239,-1.764525,-1.860850,-2.462523,-5.377126,-2.080747,-1.180658,-1.708620,-3.873595,-3.204807,-1.859724,-2.097971,-4.433672,-5.581199,-5.537886,-2.361226,-1.455397,-1.518446,-2.046153,-3.324903,-3.721362,-2.090588,-2.208893,-3.241120,-3.519579,-4.607018,-4.602232,-4.522591,-4.432470,-2.320988,-1.733204,-2.335917,-7.445995,-3.144427,-3.245666,-3.687780,-2.807995,-2.871969,-3.198458,-3.039459,-2.374022,-2.935051,-3.619772,-3.158261,-3.511462,-4.065316,-3.593792,-4.949130,-4.680036,-4.636225
-3.005593,-3.012408,-3.027313,-3.058146,-3.110558,-3.170279,-3.248340,-3.350460,-3.481192,-3.637775,-3.830483,-4.067232,-4.347616,-4.675577,-4.978800,-5.196499,-5.097612,-4.975261,-4.939439,-4.912410,-4.872654,-4.952346,-5.004251,-5.116474,-5.238112,-5.423699,-5.558665,-6.002087,-6.307492,-6.783227,-7.142334,-7.640325,-7.944359,-7.279322,-7.070129,-7.225653,-9.506343,-7.206962,-7.522884,-6.632689,-7.125665,-7.498397,-6.026177,-6.143113,-5.260226,-4.191432,-2.827703,0.267650,1.063476,0.466165,-2.725802,-3.759146,-4.468361,-4.649399,-3.986000,-0.241405,0.481675,-0.188715,-3.915651,-4.578141,-3.434279,-0.324738,0.503624,-0.075863,-3.062239,-4.170028,-8.177604,-9.162800,-9.081450,-6.226718,-5.051541,-2.388665,-1.934318,-2.613719,-4.471861,-6.085515,-6.536024,-6.003582,-4.817728,-2.647840,-1.562725,-1.957584,-4.360174,-5.605597,-4.158008,-1.046705,-0.200766,-0.765601,-3.684588,-4.803386,-9.162961,-6.144833,-5.402939,-2.002413,-1.219400,-1.829386,-4.115719,-4.250973,-5.262064,-2.170799,-1.271187,-1.791688,-5.064739,-1.139470,-0.522629,-1.260443,-5.439425,-6.004346,-5.073752,-2.158920,-1.341323,-2.472499,-2.277420,-3.155218,-3.620485,-2.179371,-2.276492,-2.702444,-2.285682,-3.346222,-2.407774,-3.070518,-4.416255,-2.407425,-1.888401,-2.549220,-6.728497,-3.340574,-3.895053,-3.426579,-2.907775,-3.117224,-3.847540,-3.181263,-2.808749,-3.716506,-3.216993,-3.177318,-3.805898,-4.505599,-4.154323,-4.243807,-3.571459,-5.106123
-2.672247,-2.658079,-2.651980,-2.656758,-2.675405,-2.698952,-2.747469,-2.816237,-2.902831,-3.021044,-3.177259,-3.385477,-3.668842,-4.049635,-4.586094,-4.935059,-4.508342,-4.118181,-3.874610,-3.727727,-3.634687,-3.573155,-3.522380,-3.459590,-3.392386,-3.316642,-3.243365,-3.209179,-3.234022,-3.285200,-3.348447,-3.414733,-3.467904,-3.466192,-3.397129,-3.318527,-3.255877,-3.268855,-3.284064,-3.300309,-3.507015,-3.564585,-3.428566,-3.739030,-3.491051,-2.439527,-2.097307,0.292337,0.918916,0.440644,-1.602318,-2.502480,-4.298198,-4.434084,-3.568176,-0.272275,0.398305,-0.234213,-3.529437,-4.054119,-3.687932,-0.393107,0.426275,-0.147906,-3.131525,-4.204830,-5.631460,-6.295539,-7.097155,-5.092155,-4.517807,-2.735033,-2.181211,-2.756974,-4.194972,-5.100251,-5.914028,-6.031819,-5.016008,-2.661209,-1.616245,-2.032366,-4.471425,-5.540342,-4.157534,-1.044583,-0.199353,-0.761085,-3.684272,-4.791332,-7.939982,-6.271048,-5.469565,-2.069168,-1.296668,-1.935346,-1.849848,-2.457109,-5.814734,-2.265470,-1.360179,-1.865595,-5.209991,-2.072240,-1.368721,-1.943902,-4.627907,-5.745099,-5.281796,-2.117190,-1.261452,-1.535289,-2.229752,-3.465698,-3.824867,-2.243507,-2.355222,-3.854723,-3.913484,-2.584852,-1.997995,-2.692808,-4.160373,-4.288874,-3.066604,-3.093425,-5.484822,-3.539664,-3.585007,-3.386082,-3.366431,-3.494539,-5.095237,-3.814802,-3.875335,-4.303817,-3.340524,-3.335736,-3.723403,-4.266376,-4.950281,-4.093219,-3.516850,-4.576977
-2.523545,-2.497631,-2.481894,-2.476326,-2.475456,-2.495064,-2.530362,-2.583106,-2.655402,-2.760242,-2.903000,-3.098443,-3.377753,-3.785278,-4.509710,-5.470194,-4.284780,-3.768408,-3.473624,-3.303409,-3.206511,-3.141902,-3.082727,-2.990749,-2.866264,-2.717137,-2.579205,-2.480882,-2.433585,-2.444425,-2.521979,-2.641770,-2.741366,-2.685735,-2.454489,-2.176958,-1.945838,-1.754527,-1.607639,-1.519245,-1.497155,-1.549901,-1.668965,-1.805256,-1.599470,-1.037853,-0.407974,-0.427279,0.651700,-0.885441,-0.277997,-0.989424,-1.955482,-3.759326,-1.542924,-0.076636,-1.280335,-0.287917,-1.022364,-2.066425,-1.756126,-0.702842,-0.067372,-0.890201,-1.087382,-2.017203,-2.483799,-2.532102,-2.441644,-2.373625,-1.671066,-1.041921,-1.252054,-1.011917,-1.495757,-2.181912,-2.534226,-2.962806,-3.020030,-1.334243,-0.998921,-1.815301,-3.387399,-3.755420,-3.232236,-1.887421,-1.051339,-1.445843,-2.896837,-3.925009,-4.119407,-4.388238,-4.860597,-2.936811,-2.271646,-1.954714,-1.588769,-2.083903,-4.401155,-2.716209,-1.933107,-2.420858,-4.079949,-2.241608,-1.569022,-2.170941,-4.825537,-6.688691,-5.655181,-2.780164,-2.058279,-2.784548,-3.462169,-4.246847,-5.144220,-3.999823,-3.924467,-2.867955,-2.217412,-3.001292,-2.721668,-3.353544,-5.932565,-4.255198,-3.837275,-4.349953,-6.453917,-4.079165,-3.907332,-4.157282,-4.254125,-7.278328,-5.228628,-4.412089,-4.093183,-4.542552,-4.971169,-4.741791,-4.585873,-4.930212,-5.454599,-5.236989,-4.506173,-5.108372
-2.529233,-2.504213,-2.488030,-2.481961,-2.481836,-2.498981,-2.534600,-2.587976,-2.659071,-2.763899,-2.907237,-3.102795,-3.384873,-3.802747,-4.575436,-6.325741,-4.345148,-3.798395,-3.508158,-3.350426,-3.274100,-3.247709,-3.227447,-3.145926,-2.997736,-2.819752,-2.658088,-2.547632,-2.501339,-2.529053,-2.653833,-2.885222,-3.162506,-3.129446,-2.753997,-2.381369,-2.106490,-1.886071,-1.730492,-1.635885,-1.622921,-1.737574,-2.051925,-2.714055,-2.438631,-1.749369,-1.453511,0.546660,1.144269,0.703749,-1.028853,-1.793777,-2.340355,-2.115907,-1.509405,0.472446,1.013779,0.555642,-1.096597,-1.890654,-2.256497,0.073976,0.749242,0.377416,-1.218642,-2.265008,-3.080786,-2.951753,-2.419706,-1.659101,-1.047618,0.585361,1.058419,0.549725,-0.931318,-1.142445,-1.213565,-1.157817,-0.921051,0.393634,0.785209,0.171332,-0.684999,-1.500922,-1.831857,-0.363285,0.299567,-0.349753,-2.785447,-2.661989,-2.592569,-2.334566,-2.223580,-1.248605,-0.514782,-2.051206,-0.734429,-1.423558,-3.030402,-1.278096,-0.651334,-1.084998,-1.855488,-0.263952,0.104590,-0.589358,-1.614206,-2.171767,-2.547417,-1.037934,-0.347812,-0.704321,-1.432294,-2.156522,-3.415033,-1.773347,-1.536070,-2.084999,-1.350520,-0.891907,-0.940618,-1.821023,-3.296039,-1.793530,-1.621629,-2.572282,-4.529176,-4.021173,-2.536853,-2.238229,-2.204700,-2.248644,-2.135009,-2.758861,-2.326130,-2.104804,-1.692866,-2.094925,-2.794806,-1.817228,-1.864265,-3.314172,-2.826639,-2.931057
-2.689082,-2.673940,-2.667381,-2.671671,-2.690166,-2.712651,-2.760506,-2.828534,-2.914511,-3.033166,-3.190601,-3.403746,-3.698731,-4.109540,-4.755000,-5.305980,-4.659284,-4.220992,-3.995725,-3.906128,-3.907306,-3.977729,-4.069183,-4.075327,-3.911927,-3.711570,-3.565062,-3.485008,-3.506492,-3.645409,-3.892844,-4.397352,-5.490724,-5.455606,-4.506394,-4.197110,-4.012931,-3.935936,-3.955862,-3.964626,-4.125439,-4.318203,-4.310338,-4.491367,-4.751894,-4.224077,-2.759210,0.420935,1.218005,0.622198,-2.605883,-3.689211,-4.165146,-4.203722,-3.444114,0.387885,1.110158,0.439592,-3.210120,-3.919352,-3.072783,0.003056,0.833105,0.253263,-2.735023,-3.866499,-6.177247,-8.041368,-7.065405,-4.281639,-3.031288,0.348660,1.095106,0.455593,-2.993841,-3.991379,-4.269686,-3.964795,-3.065400,0.280640,1.076565,0.470917,-2.758640,-3.728367,-3.451528,-0.578858,0.268364,-0.297365,-3.216776,-4.310032,-8.572520,-5.440456,-4.782570,-1.341462,-0.558073,-0.896447,-1.161000,-1.938712,-4.412070,-1.716323,-0.834089,-1.353618,-3.556475,-0.931996,-0.086449,-0.645772,-3.627645,-4.687254,-4.453918,-1.483919,-0.719446,-2.356259,-1.450428,-2.485687,-3.586898,-1.870138,-2.004944,-1.844353,-1.067725,-1.233622,-0.993096,-1.704378,-3.136353,-2.626180,-2.607651,-2.411330,-4.476729,-1.827239,-1.286035,-2.690964,-2.247499,-2.269285,-2.096049,-2.577514,-2.253398,-2.216036,-1.929636,-2.897590,-3.700822,-3.734196,-3.496622,-2.008938,-1.371371,-2.075562
-3.036397,-3.043191,-3.060776,-3.088337,-3.135162,-3.198825,-3.274689,-3.378290,-3.503789,-3.663528,-3.858424,-4.102555,-4.395230,-4.770743,-5.158489,-5.362051,-5.300051,-5.205145,-5.237823,-5.356105,-5.628247,-6.195669,-7.489082,-7.319012,-6.506019,-6.324950,-6.466195,-6.800403,-7.457815,-7.303143,-7.602654,-7.530497,-8.322992,-8.502715,-7.565906,-7.482949,-7.661370,-7.424194,-8.555161,-7.224211,-7.606099,-7.513467,-6.583157,-6.379603,-6.455152,-4.055914,-2.756401,0.373483,1.168991,0.572081,-2.618187,-3.694846,-4.183414,-4.173170,-3.455189,0.325493,1.047789,0.377202,-3.345871,-4.025215,-3.171397,-0.069942,0.758393,0.178814,-2.803768,-3.905363,-7.322007,-7.446884,-6.835520,-4.379066,-3.088095,0.226328,0.973614,0.335350,-3.130112,-4.020348,-4.977634,-3.966627,-3.120887,0.220724,1.013432,0.404107,-2.853797,-3.790103,-3.496480,-0.610880,0.237122,-0.327665,-3.246920,-4.359615,-8.455122,-5.569031,-4.804801,-1.410502,-0.631484,-1.126360,-1.529962,-2.326747,-4.477280,-1.814388,-0.920269,-1.448288,-4.155190,-0.630294,0.078996,-0.580250,-4.090718,-4.921187,-5.340794,-1.893487,-1.083571,-1.155551,-1.469287,-2.567279,-3.374188,-1.965397,-2.067139,-2.168771,-1.311773,-1.769937,-1.174091,-1.838982,-3.436699,-1.680548,-1.271611,-2.026473,-5.008096,-1.403560,-0.868806,-2.138432,-2.860923,-2.401625,-2.091322,-2.780345,-2.842542,-2.031384,-1.857736,-3.077397,-3.021195,-2.303314,-2.924093,-3.629296,-3.207679,-3.697613
-3.661657,-3.715610,-3.790586,-3.872543,-3.985082,-4.145125,-4.291967,-4.463354,-4.714991,-4.962817,-5.288376,-5.596772,-5.858536,-6.178837,-6.454027,-6.643332,-7.099895,-7.720623,-8.406868,-8.990153,-8.538701,-8.687296,-8.972717,-8.867978,-8.822911,-8.387006,-8.653748,-8.552328,-8.479665,-10.176131,-9.459948,-7.615750,-9.668474,-8.387335,-7.735600,-9.444683,-7.588794,-8.285172,-8.902979,-9.355223,-8.574774,-7.897663,-7.691910,-7.348728,-6.855002,-4.045023,-2.784664,0.323304,1.119642,0.522722,-2.660967,-3.760724,-4.146393,-4.264692,-3.526102,0.263690,0.985372,0.314615,-3.405004,-4.092684,-3.289261,-0.144327,0.683673,0.104183,-2.880304,-3.989486,-7.478438,-7.693002,-7.059958,-4.500221,-3.211509,0.088654,0.837246,0.200380,-3.224353,-4.193390,-4.611977,-4.126508,-3.243765,0.134470,0.921833,0.308993,-2.956626,-3.904364,-3.691750,-0.648802,0.198481,-0.365341,-3.289287,-4.426018,-8.396568,-5.706806,-4.818790,-1.482989,-0.699583,-1.653310,-1.214951,-1.864066,-4.586775,-1.913504,-1.011326,-1.508003,-5.303633,-1.089229,-0.358007,-0.989609,-4.025538,-5.082884,-5.698147,-2.217983,-1.447079,-1.520945,-1.578434,-2.668946,-3.550921,-2.042401,-2.113706,-1.653691,-0.841173,-2.067603,-1.601885,-2.185206,-3.662830,-1.826979,-1.368312,-2.060336,-4.635723,-1.512832,-0.996623,-2.197294,-3.142357,-2.446545,-2.172743,-3.017432,-2.747198,-2.578709,-2.703518,-3.950127,-2.826041,-2.020122,-2.493266,-3.217963,-2.957699,-3.616906
-4.795046,-4.955090,-5.206769,-5.476787,-5.858615,-6.157990,-6.609600,-7.001894,-7.946526,-8.179985,-8.753019,-8.818813,-8.463123,-8.568949,-7.911485,-8.237540,-9.972138,-8.954287,-8.642612,-8.575148,-8.373186,-8.706332,-9.151811,-9.118059,-8.917404,-7.810979,-7.930505,-8.548576,-7.774311,-9.425835,-9.961039,-8.036439,-8.574344,-9.257865,-8.995116,-8.461094,-7.739109,-10.390389,-7.276363,-6.971292,-7.266022,-7.641143,-7.180601,-6.754795,-6.107346,-4.115476,-2.832113,0.274338,1.070359,0.473479,-2.710261,-3.809118,-4.215064,-4.310047,-3.579276,0.201060,0.922942,0.252264,-3.469083,-4.155248,-3.398233,-0.218935,0.608731,0.029124,-2.952472,-4.056324,-7.760495,-7.394760,-6.710112,-4.664432,-3.357152,-0.065698,0.684213,0.048734,-3.333080,-4.360286,-4.664804,-4.251140,-3.365800,0.016734,0.800720,0.185411,-3.086603,-4.034994,-3.921651,-0.694668,0.151946,-0.411310,-3.332744,-4.481022,-8.119989,-5.683554,-4.974235,-1.544116,-0.786798,-0.796895,-0.842736,-1.534497,-4.608600,-1.997901,-1.096278,-1.634626,-3.947040,-1.390253,-0.692298,-1.336219,-4.646435,-5.643518,-5.395725,-2.266190,-1.556236,-3.564316,-1.687549,-2.768848,-3.776613,-2.100505,-2.212082,-1.752921,-0.937462,-1.635658,-2.358583,-3.012633,-3.668816,-3.658145,-2.290791,-2.320169,-4.892988,-2.048484,-1.604059,-2.624707,-2.768660,-2.453035,-2.336520,-2.644539,-2.187909,-2.949534,-3.257026,-3.464165,-3.328368,-2.453460,-2.892046,-3.657483,-2.984797,-3.492465
-6.899455,-7.497139,-9.359456,-7.738816,-7.771999,-7.933022,-8.208598,-9.322546,-8.558745,-8.481327,-9.464391,-10.436591,-8.335157,-9.235480,-9.756415,-7.831865,-9.341278,-9.389490,-8.481117,-9.941709,-8.355759,-9.005311,-11.792661,-8.896469,-10.122595,-8.879681,-8.766213,-9.548694,-8.675544,-10.377767,-10.219378,-9.140680,-9.325133,-10.406476,-9.237274,-9.231279,-8.306810,-10.087932,-7.903699,-7.524621,-7.690314,-8.307384,-7.398469,-7.001687,-6.349579,-4.151198,-2.877550,0.225210,1.021045,0.424049,-2.768930,-3.833721,-4.405760,-4.328970,-3.622712,0.138056,0.860532,0.189985,-3.533794,-4.223009,-3.505875,-0.293646,0.534016,-0.045367,-3.033032,-4.144388,-8.923621,-7.779067,-7.016218,-4.795454,-3.506011,-0.239129,0.511691,-0.122339,-3.511281,-4.433733,-5.499728,-4.343101,-3.498822,-0.135203,0.647758,0.030995,-3.241957,-4.178297,-3.953467,-0.749798,0.097322,-0.465859,-3.374840,-4.504463,-8.589758,-5.765992,-5.028061,-1.625752,-0.839985,-1.118182,-0.669111,-1.311728,-4.569844,-2.077838,-1.190125,-1.707610,-4.044533,-1.669644,-1.165728,-1.985099,-4.623342,-5.974542,-5.584955,-2.228542,-1.386263,-1.411308,-1.736019,-2.821039,-3.574930,-2.170337,-2.348604,-2.736350,-1.769022,-2.123179,-3.842296,-4.629463,-3.954996,-2.014143,-1.557569,-2.244221,-6.015410,-3.924085,-4.203888,-3.234246,-2.676246,-2.541318,-2.583163,-2.482835,-2.072199,-2.167954,-2.366416,-3.066617,-5.403613,-4.151687,-4.050540,-4.302354,-3.579950,-4.492266
-5.954101,-6.058610,-6.263040,-6.233962,-6.389551,-6.648466,-6.803032,-7.076880,-7.316747,-7.696419,-8.030025,-9.548850,-8.233872,-9.246517,-9.140185,-7.885212,-8.275206,-8.467136,-9.317052,-8.822894,-8.728208,-8.427534,-8.317677,-9.156244,-9.696020,-8.625405,-8.786597,-9.377940,-8.618707,-10.237237,-10.959990,-8.835927,-9.443179,-10.018509,-10.026766,-9.321570,-8.668468,-11.085765,-8.179914,-7.902354,-8.190876,-8.617477,-8.256925,-8.189104,-7.177774,-4.174423,-2.932736,0.175597,0.971753,0.374709,-2.827657,-3.860154,-4.647037,-4.347878,-3.671071,0.074692,0.798055,0.127794,-3.594227,-4.281889,-3.584095,-0.368623,0.458931,-0.120637,-3.104559,-4.206971,-8.882062,-8.123036,-7.337559,-4.964777,-3.680570,-0.437304,0.315097,-0.316881,-3.650122,-4.666268,-5.151022,-4.603590,-3.704313,-0.319198,0.458952,-0.160164,-3.415205,-4.398597,-3.857877,-0.813151,0.035651,-0.527089,-3.432358,-4.551270,-8.547504,-5.862448,-5.070805,-1.707082,-0.893599,-2.284825,-0.577162,-1.200713,-4.363851,-2.150332,-1.282096,-1.799750,-4.167962,-1.757599,-1.190752,-1.983667,-5.747457,-6.825383,-5.307629,-2.212831,-1.406595,-1.854825,-1.851131,-2.936950,-3.834869,-2.240544,-2.405778,-2.387079,-1.691769,-1.936224,-2.285686,-3.030992,-3.891915,-2.136678,-1.710323,-2.427085,-5.645096,-2.822763,-2.166004,-3.167451,-2.878718,-2.765854,-2.902809,-2.702972,-2.325362,-2.616383,-2.579583,-3.145241,-3.600360,-3.010523,-3.409352,-5.514014,-4.381610,-4.655529
-4.942594,-5.033575,-5.094933,-5.200261,-5.320153,-5.421927,-5.522203,-5.598838,-5.626347,-5.640306,-5.692988,-5.709619,-5.729482,-5.855767,-5.936180,-6.102256,-6.345687,-6.574496,-7.095368,-7.311812,-8.585701,-9.379807,-8.565450,-8.160131,-8.418070,-8.462975,-10.054357,-10.469502,-9.056756,-9.704620,-9.877198,-8.568090,-9.628280,-9.000566,-8.532515,-9.123914,-9.245691,-8.658257,-9.789973,-9.574192,-8.339920,-8.443099,-7.450144,-7.592859,-7.273550,-4.266088,-3.003872,0.124976,0.922427,0.325341,-2.881685,-3.899539,-4.789615,-4.401113,-3.732574,0.011962,0.735626,0.065432,-3.653240,-4.354109,-3.648783,-0.443800,0.384032,-0.195413,-3.182963,-4.285707,-9.650251,-8.122567,-7.358858,-5.179214,-3.883633,-0.666221,0.088214,-0.540518,-3.793191,-4.925955,-5.175669,-4.811160,-3.911355,-0.549629,0.226205,-0.394007,-3.634553,-4.603301,-3.833939,-0.883203,-0.032752,-0.594787,-3.500877,-4.628945,-8.949135,-5.925313,-5.153637,-1.755984,-1.000508,-0.848954,-0.526029,-1.184261,-4.124733,-2.226628,-1.373768,-1.902052,-3.918389,-3.441964,-3.313626,-2.879808,-4.684673,-5.926759,-5.521291,-2.318289,-1.499729,-1.957006,-1.937062,-3.031005,-3.943365,-2.324166,-2.448074,-2.651049,-1.901817,-2.578361,-1.946706,-2.616340,-3.837718,-3.479987,-3.202319,-2.971840,-5.314702,-2.393651,-1.859546,-3.217422,-3.398692,-3.201183,-3.293821,-3.444800,-2.936399,-3.773509,-3.578350,-3.584188,-3.416654,-2.773402,-3.248074,-3.752429,-3.083793,-3.925524
-4.458547,-4.505408,-4.565434,-4.630724,-4.703930,-4.771091,-4.818636,-4.841341,-4.805746,-4.742714,-4.658526,-4.575280,-4.490442,-4.430983,-4.380830,-4.361612,-4.355683,-4.346793,-4.362249,-4.391086,-4.434820,-4.514343,-4.597776,-4.719443,-4.850878,-5.014785,-5.243149,-5.519097,-5.764933,-5.952618,-6.132366,-6.298591,-6.600335,-6.704991,-7.146183,-7.940511,-7.756737,-7.188870,-8.607790,-7.057470,-6.924860,-7.386922,-6.547747,-5.818722,-5.240396,-4.158498,-3.005152,0.079991,0.872191,0.276301,-2.917078,-3.937978,-4.536620,-4.485712,-3.821235,-0.048726,0.673180,0.002444,-3.688724,-4.446865,-3.715721,-0.519639,0.308813,-0.270613,-3.259296,-4.370880,-9.429367,-8.064155,-7.890523,-5.422931,-4.113833,-0.936766,-0.180137,-0.804574,-4.008581,-5.086174,-5.965838,-5.052788,-4.162907,-0.836921,-0.064360,-0.685888,-3.883706,-4.871398,-3.916256,-0.959394,-0.108173,-0.669569,-3.577608,-4.702800,-8.200997,-6.040731,-5.189014,-1.824301,-1.075930,-0.874392,-0.554694,-1.208854,-4.134850,-2.312183,-1.466550,-1.974669,-4.873544,-1.279632,-0.654672,-1.392154,-5.523442,-6.140950,-5.533806,-2.563281,-1.680151,-1.708488,-2.001647,-3.078283,-3.803458,-2.409677,-2.522642,-3.033255,-2.316246,-2.593062,-1.902947,-2.543706,-4.207098,-2.542027,-2.276448,-3.075071,-7.728867,-2.542928,-2.101686,-3.628122,-4.276724,-3.831263,-3.819688,-4.485118,-3.935138,-3.853353,-4.428233,-4.258005,-3.859100,-3.140945,-3.656026,-3.892188,-3.556214,-4.717205
-4.184793,-4.219267,-4.271538,-4.330471,-4.400723,-4.454571,-4.503868,-4.502247,-4.440621,-4.337918,-4.205531,-4.064610,-3.942688,-3.820157,-3.723173,-3.637753,-3.571423,-3.515759,-3.470238,-3.430374,-3.395037,-3.366952,-3.352004,-3.337860,-3.344467,-3.370587,-3.436146,-3.538232,-3.700531,-3.956455,-4.325709,-4.717905,-4.459819,-4.012627,-3.680317,-3.487973,-3.359580,-3.270574,-3.205500,-3.223685,-3.214517,-3.092637,-3.141054,-3.202893,-2.765668,-2.359451,-1.998008,0.096557,0.634416,0.202530,-1.234223,-2.569276,-3.636589,-3.035662,-2.681939,-0.067559,0.534882,-0.034096,-2.418182,-3.191494,-3.511882,-0.565266,0.216505,-0.333473,-3.110537,-3.804126,-5.397373,-5.662446,-7.674357,-5.628380,-3.765926,-1.122198,-0.522220,-1.260250,-3.283558,-5.029304,-5.840289,-5.414636,-4.789063,-1.216697,-0.445106,-1.050034,-4.490214,-5.047830,-4.392436,-1.025432,-0.206640,-0.759820,-3.437153,-4.821227,-7.405978,-6.286871,-5.337370,-1.912480,-1.111445,-2.108705,-0.662071,-1.271928,-4.231947,-2.401306,-1.555227,-2.060395,-4.447385,-2.469023,-1.445090,-1.909165,-4.703385,-5.667703,-5.945252,-2.888486,-2.082438,-2.910768,-2.134167,-3.210722,-4.103633,-2.484730,-2.576579,-2.412482,-1.622515,-3.320945,-2.095404,-2.666327,-4.447493,-2.699192,-2.593779,-3.574189,-6.012136,-3.146703,-2.912173,-4.093499,-3.783520,-4.004716,-4.509807,-3.736382,-3.882012,-3.864273,-3.993962,-4.630645,-5.118335,-4.024334,-4.184033,-4.303398,-4.031663,-4.646076
-4.081490,-4.112803,-4.160960,-4.223834,-4.289181,-4.370027,-4.425295,-4.423722,-4.356598,-4.233554,-4.070625,-3.907871,-3.758794,-3.624348,-3.501270,-3.407990,-3.321480,-3.249918,-3.190098,-3.136985,-3.089460,-3.042341,-2.992943,-2.951872,-2.925018,-2.915553,-2.936956,-3.004640,-3.132900,-3.383332,-3.867728,-5.334807,-4.236904,-3.359395,-2.892522,-2.605965,-2.426178,-2.306518,-2.234532,-2.205275,-2.145999,-2.051277,-1.952269,-1.829061,-1.688278,-1.769539,-1.840423,-0.440631,-0.216749,-1.013304,-0.377786,0.569992,0.767697,0.617982,0.154796,-0.046124,-0.463163,-2.172995,-1.635427,-1.620507,-1.991856,-0.799832,-0.289289,-0.493855,-0.471262,-0.085923,-0.211049,-0.345537,-0.376644,-0.498957,-0.778330,-0.496750,-0.674252,-1.044166,-0.781713,-0.665090,-0.675436,-0.691338,-0.962161,-2.901513,-1.439004,-1.307033,-1.652545,-3.589898,-2.631893,-2.663731,-1.224620,-1.314403,-1.821369,-1.756031,-1.570004,-1.462648,-1.600742,-1.979544,-3.239917,-1.989208,-1.803337,-2.827721,-2.607684,-2.408607,-1.991385,-1.664768,-1.962429,-2.350283,-1.523655,-1.714907,-2.201173,-2.180900,-2.495157,-3.432098,-3.397112,-3.429579,-2.860253,-2.656079,-2.744699,-3.040038,-3.830656,-3.792832,-2.569063,-2.780726,-2.767810,-3.529872,-3.231034,-3.507940,-2.975317,-3.218471,-3.494911,-3.915272,-3.967702,-5.073335,-4.357027,-5.323491,-4.565110,-4.877068,-4.980633,-5.081348,-4.538824,-5.068089,-4.691123,-5.085969,-5.089778,-4.966246,-4.658577,-5.210560
-4.132946,-4.177911,-4.233400,-4.305768,-4.393881,-4.488758,-4.567551,-4.584665,-4.518747,-4.378194,-4.210231,-4.039267,-3.889436,-3.748276,-3.632179,-3.539839,-3.466512,-3.407701,-3.359719,-3.318635,-3.279488,-3.239666,-3.205493,-3.166346,-3.139989,-3.129353,-3.153089,-3.226335,-3.369120,-3.597874,-4.039294,-4.709834,-4.240408,-3.591347,-3.205230,-2.960546,-2.829351,-2.788427,-2.820053,-2.877431,-2.951490,-2.919136,-2.823066,-2.736347,-2.716329,-2.602842,-2.468681,-2.363698,-2.231470,-2.220199,-1.939589,0.686234,1.516752,1.021048,-1.750950,-2.423948,-3.038599,-4.132464,-4.447052,-4.348533,-4.730785,-5.363173,-3.371022,-2.715349,-2.089545,0.241193,1.216594,0.742847,-1.816982,-2.994986,-3.662988,-3.661805,-3.453779,-3.406023,-3.247724,-0.776002,0.370445,-0.028250,-2.545967,-5.225671,-4.527981,-3.873977,-2.373292,0.093244,1.121093,0.714243,-1.647021,-3.035908,-4.181857,-1.510028,-0.524006,-0.975669,-3.473099,-4.730371,-6.803277,-7.681616,-7.176362,-4.537402,-3.477884,-0.681272,0.244113,-0.254598,-2.667073,-1.454325,-0.474921,-0.863963,-2.898611,-0.495769,0.324573,-0.194262,-2.789132,-3.885787,-3.944515,-1.330462,-0.302531,-0.719324,-3.136838,-4.359286,-3.162285,-1.534235,-1.654014,-1.284585,-0.488383,-0.891149,-0.587570,-1.081343,-4.222440,-2.235812,-1.126955,-1.555757,-3.806720,-1.203620,-0.472798,-1.357730,-2.158943,-2.352054,-2.741417,-2.015132,-1.052222,-2.396476,-1.244597,-1.773821,-2.525202,-1.868187
-4.341469,-4.401117,-4.475929,-4.573891,-4.701764,-4.837036,-4.967999,-5.027615,-4.976460,-4.838529,-4.666930,-4.502645,-4.355433,-4.253109,-4.175706,-4.112644,-4.085074,-4.064672,-4.067507,-4.080554,-4.098304,-4.133737,-4.149705,-4.184431,-4.203231,-4.257940,-4.326160,-4.454062,-4.631140,-4.847885,-5.022968,-5.124588,-5.092088,-5.066794,-5.099106,-5.235558,-5.540228,-6.027415,-6.569977,-6.827063,-6.726845,-6.651365,-7.035584,-8.876877,-6.680054,-6.314234,-5.793055,-6.738771,-5.828506,-3.387457,-2.371910,0.620757,1.479583,0.932472,-1.988261,-3.126354,-3.806688,-5.915479,-7.178589,-7.561239,-7.121108,-7.278517,-8.143048,-3.759807,-2.589108,0.149906,1.123946,0.666383,-1.885431,-3.199748,-5.920529,-6.048168,-8.996435,-4.272866,-3.163128,-0.614033,0.417717,0.001222,-2.433978,-3.802680,-4.618153,-6.604298,-2.628650,-0.064169,0.971995,0.562719,-1.800430,-3.189645,-4.625183,-2.014441,-0.999715,-1.420273,-3.813583,-5.216362,-7.545565,-7.774519,-7.357307,-4.939714,-3.853862,-1.090972,-0.155648,-0.639198,-3.215981,-1.625612,-0.569816,-0.971181,-3.945348,-0.713985,0.131016,-0.388359,-2.979378,-3.988322,-3.926032,-1.255112,-0.249452,-0.683140,-3.157706,-4.356560,-3.261638,-1.631001,-1.722391,-1.368815,-0.607439,-1.561351,-1.124775,-1.515917,-3.921345,-2.174438,-1.178115,-1.587026,-4.782883,-1.548993,-0.916145,-1.304378,-1.759256,-2.092657,-2.877622,-2.760309,-1.843849,-1.673765,-1.566560,-2.159130,-2.636829,-1.678075
-4.748340,-4.856143,-4.982706,-5.110891,-5.287544,-5.551598,-5.786535,-5.926081,-6.001618,-5.848031,-5.667206,-5.556918,-5.439996,-5.415799,-5.468830,-5.461965,-5.645099,-5.794363,-6.000426,-6.298938,-6.511625,-6.990668,-7.673409,-7.964560,-8.404735,-8.148622,-8.671313,-9.239314,-7.949712,-8.642323,-8.554408,-10.114867,-7.953337,-8.317801,-8.306233,-8.411182,-8.198409,-8.826818,-7.580669,-7.553140,-7.547329,-7.686875,-7.398110,-7.357535,-6.501384,-6.920849,-8.186843,-6.582943,-5.877902,-3.445167,-2.422454,0.565042,1.423961,0.876963,-2.043281,-3.181372,-3.873024,-5.962252,-6.999184,-7.423163,-7.425351,-8.363638,-6.494431,-3.782489,-2.662857,0.065838,1.038831,0.581329,-1.966628,-3.274655,-6.097440,-7.949268,-7.548006,-4.208145,-3.107855,-0.444997,0.539470,0.091905,-2.432632,-3.751451,-4.553834,-6.640563,-2.779178,-0.214940,0.821253,0.412041,-1.953424,-3.314923,-5.044520,-2.723577,-1.576966,-1.913601,-4.121348,-5.583430,-7.506199,-9.702879,-7.812946,-5.378065,-4.369094,-1.738135,-0.760876,-1.191889,-4.442046,-1.768623,-0.668899,-1.082617,-2.900818,-1.878549,-0.693363,-0.953077,-3.038224,-4.001925,-3.936550,-1.240388,-0.250802,-0.695832,-3.201121,-4.739847,-3.368382,-1.729431,-1.797438,-1.471724,-0.749822,-1.343534,-2.396376,-2.499489,-5.230676,-2.362579,-1.314545,-1.732084,-4.637745,-2.480309,-2.073042,-3.436272,-2.302033,-2.323659,-2.959852,-3.721183,-2.839595,-2.437694,-2.011344,-2.516845,-3.152858,-2.312357
-5.479577,-5.666408,-5.851962,-6.124969,-6.494336,-7.017355,-7.638712,-8.782151,-8.173755,-7.736444,-7.537510,-7.596647,-7.994574,-8.048128,-8.623869,-10.743963,-10.836146,-8.809331,-8.459558,-9.369414,-8.675099,-9.829397,-9.286845,-8.617732,-8.899547,-8.446645,-9.013021,-8.843042,-8.944911,-10.130445,-10.102040,-9.583008,-9.399278,-9.727929,-9.343531,-9.919903,-9.802497,-8.859351,-8.910211,-9.282852,-8.833604,-10.140433,-8.304796,-8.263252,-7.748268,-7.397104,-7.200709,-6.419271,-5.921775,-3.503552,-2.477130,0.509448,1.368370,0.821404,-2.098793,-3.235244,-3.930633,-6.008776,-7.087286,-7.395617,-7.378827,-8.295894,-6.513086,-3.875452,-2.748364,-0.019114,0.953993,0.496470,-2.051657,-3.359654,-6.225641,-7.082699,-7.284677,-4.103510,-3.046358,-0.306707,0.649616,0.181197,-2.413249,-3.702587,-4.474312,-7.074700,-2.934120,-0.365449,0.670632,0.261371,-2.101365,-3.533430,-5.198124,-2.839029,-1.682861,-2.012608,-4.211771,-5.692042,-7.782354,-9.211307,-7.905554,-5.931527,-4.886372,-2.705033,-1.495643,-1.810028,-3.869723,-1.837639,-0.778932,-1.185642,-3.305205,-1.718085,-0.745537,-1.094645,-3.202037,-4.195714,-4.075469,-1.340246,-0.360328,-0.813950,-3.361632,-4.314908,-3.432191,-1.823503,-1.875013,-1.616522,-0.893359,-1.567325,-2.236825,-2.536803,-4.662883,-2.570334,-1.569090,-1.988768,-4.520152,-2.757668,-1.717471,-1.715658,-2.866358,-2.828328,-3.099514,-3.195610,-2.277292,-3.373845,-2.509185,-2.832440,-3.795321,-3.249718
-6.822911,-7.139143,-7.540743,-8.300586,-9.336604,-9.121019,-8.922300,-8.488558,-9.251289,-10.676873,-8.929915,-9.067067,-9.681796,-9.242612,-9.112905,-10.362628,-9.734002,-8.809764,-8.855305,-9.439983,-8.095292,-10.337914,-9.468147,-8.528699,-10.720758,-9.516958,-9.312643,-10.183667,-9.255918,-10.950200,-10.573175,-9.636387,-9.848461,-10.736384,-9.644011,-9.775189,-8.854891,-10.189044,-8.478127,-8.124720,-8.350474,-8.765852,-8.357997,-8.112307,-7.544034,-7.484794,-7.242067,-6.485212,-6.000660,-3.552949,-2.534563,0.453931,1.312848,0.765822,-2.154529,-3.294401,-3.982046,-6.079011,-7.056482,-7.577016,-7.631619,-7.957235,-6.790176,-3.976221,-2.834088,-0.104152,0.869180,0.411626,-2.136777,-3.448632,-6.417646,-6.760755,-6.808837,-4.051239,-2.993114,-0.212672,0.727494,0.246451,-2.395752,-3.658423,-4.423409,-7.559467,-3.092775,-0.515804,0.519969,0.110874,-2.251910,-3.570309,-4.904258,-2.288703,-1.264670,-1.683489,-4.099593,-5.465427,-7.780457,-8.623330,-7.430435,-6.057307,-4.690948,-2.085157,-1.086156,-1.534954,-3.510851,-1.905713,-0.889733,-1.283701,-3.822242,-1.043015,-0.284947,-0.854787,-3.572495,-4.458267,-4.307307,-1.564661,-0.597980,-1.059309,-3.611608,-5.570723,-3.555155,-1.918733,-1.962369,-1.796534,-1.042601,-2.069692,-1.528766,-1.928540,-5.163606,-3.031333,-1.942635,-2.367364,-5.022460,-2.409409,-1.740597,-3.003750,-2.708669,-2.672181,-3.281801,-3.565422,-2.660578,-2.751868,-2.828889,-3.184448,-3.722779,-2.610798
-6.685878,-6.912696,-7.193928,-7.972973,-8.274684,-8.842408,-10.569795,-8.861929,-9.220710,-9.484964,-8.699832,-8.620885,-9.098021,-9.378285,-9.072831,-8.656672,-9.877686,-8.741961,-8.827569,-9.915294,-7.983942,-10.025818,-9.360908,-9.239937,-10.428895,-9.239323,-9.213798,-9.932949,-9.102477,-10.761614,-10.814735,-9.479367,-9.794192,-10.711568,-9.866947,-9.702919,-8.876847,-10.805576,-8.458953,-8.130217,-8.399138,-8.772308,-8.449900,-8.158890,-7.587468,-7.550628,-7.294334,-6.551343,-6.077516,-3.601830,-2.593102,0.398437,1.257355,0.710234,-2.210573,-3.353276,-4.030213,-6.150330,-6.934906,-8.034860,-8.429181,-7.713911,-7.469396,-4.064341,-2.917656,-0.189020,0.784404,0.326871,-2.220302,-3.542398,-6.673892,-6.610232,-6.444484,-4.051646,-2.957176,-0.157891,0.772426,0.283614,-2.390170,-3.630797,-4.406303,-6.797487,-3.240021,-0.666353,0.369415,-0.039867,-2.398463,-3.948574,-4.634166,-1.911106,-0.936588,-1.386563,-3.878922,-5.261294,-8.803386,-8.016637,-8.818319,-5.365762,-4.371470,-1.579121,-0.643924,-1.127248,-3.617035,-2.040410,-0.990386,-1.386967,-3.944805,-1.219375,-0.475050,-1.047523,-3.773632,-4.725591,-4.724939,-1.936149,-0.989209,-1.465994,-4.073647,-4.959181,-3.624341,-2.009994,-2.049620,-1.992393,-1.222669,-1.628811,-1.398279,-1.899580,-4.608963,-3.545067,-2.566488,-2.999874,-4.791094,-2.560813,-2.007255,-2.282721,-2.557456,-2.699802,-3.456597,-4.732741,-3.832305,-7.172528,-3.386647,-3.488456,-4.146955,-3.123907
-5.262958,-5.303332,-5.444686,-5.558090,-5.717130,-5.929704,-6.124534,-6.298540,-6.536687,-6.755225,-6.917212,-7.107483,-7.711717,-7.869566,-7.990915,-10.796726,-9.413682,-8.325832,-8.422419,-9.540621,-8.945339,-8.839835,-8.857042,-8.937671,-9.057713,-8.543444,-10.971632,-9.398541,-9.471489,-10.759915,-9.795467,-8.635624,-10.280674,-9.482055,-8.646707,-10.124537,-8.278813,-8.788362,-8.270895,-7.740862,-7.743142,-8.289084,-7.649368,-7.676320,-7.130201,-7.154440,-7.144243,-6.688629,-6.089474,-3.667359,-2.646008,0.342793,1.201722,0.654691,-2.266053,-3.402064,-4.090899,-6.170483,-6.969446,-7.806725,-8.357594,-7.622129,-7.628474,-4.150359,-3.003004,-0.273873,0.699573,0.242030,-2.305902,-3.627608,-6.593410,-6.681193,-6.496415,-4.027840,-2.952538,-0.135281,0.788294,0.293957,-2.401055,-3.645790,-4.398077,-6.531184,-3.378443,-0.817513,0.218603,-0.190667,-2.554425,-3.775832,-4.447199,-1.685326,-0.719265,-1.182575,-3.759270,-5.018335,-7.422086,-8.354706,-8.222566,-5.207564,-4.167443,-1.348280,-0.428103,-0.917252,-3.927877,-2.212926,-1.085745,-1.498065,-3.677867,-2.333383,-1.538509,-1.814652,-3.729720,-4.924599,-5.332481,-2.423981,-1.522819,-2.040966,-4.828763,-5.332021,-3.724858,-2.101559,-2.141014,-2.226917,-1.417554,-1.553148,-1.630878,-2.206517,-4.766838,-4.810228,-3.906464,-4.344863,-5.727631,-2.830782,-2.308311,-2.707147,-3.345059,-3.121983,-3.552041,-3.764654,-2.838157,-3.072328,-3.759823,-3.773656,-5.320358,-5.080142
-4.460534,-4.454511,-4.477500,-4.522604,-4.604127,-4.728384,-4.852293,-5.000651,-5.128611,-5.213070,-5.216968,-5.186110,-5.128341,-5.103218,-5.113157,-5.170306,-5.317117,-5.439438,-5.657376,-5.880730,-6.221815,-6.518558,-7.252625,-7.936347,-8.323133,-7.837273,-7.760221,-7.288184,-8.623755,-8.867259,-9.148259,-9.031511,-8.592074,-8.404163,-9.408044,-8.155355,-8.106758,-8.443967,-8.415410,-8.167840,-7.841813,-7.525573,-8.086610,-7.343382,-7.162771,-7.353812,-6.737324,-6.817645,-6.144330,-3.723534,-2.701108,0.287209,1.146141,0.599128,-2.321358,-3.459089,-4.148701,-6.238734,-7.170764,-7.775943,-8.142983,-7.922043,-7.352386,-4.228671,-3.088958,-0.358623,0.614684,0.157124,-2.392416,-3.703301,-6.437952,-7.016976,-6.871163,-4.011768,-2.972227,-0.140164,0.778396,0.279933,-2.430308,-3.681210,-4.410573,-6.564720,-3.520146,-0.968596,0.067900,-0.341573,-2.703681,-4.388658,-4.309872,-1.529533,-0.573023,-1.041411,-3.622238,-4.930362,-7.974001,-8.022083,-7.718202,-5.179829,-4.097995,-1.262738,-0.348697,-0.844796,-3.840408,-2.326964,-1.189707,-1.608462,-3.482002,-2.130690,-1.468466,-1.908726,-3.908057,-5.266098,-5.597458,-2.644670,-1.766645,-2.301788,-5.153650,-6.337149,-3.809240,-2.192495,-2.231634,-2.514204,-1.601707,-1.984228,-2.371350,-2.974028,-5.326406,-4.589293,-3.692160,-4.121762,-6.010823,-3.396663,-2.621896,-2.742184,-3.665732,-3.336965,-3.622672,-3.711392,-2.719815,-3.354522,-4.346993,-3.977921,-4.969077,-3.514961
-4.003661,-3.968888,-3.960845,-3.974714,-4.020829,-4.098855,-4.211490,-4.364666,-4.507905,-4.594741,-4.550437,-4.372507,-4.169434,-3.981960,-3.823890,-3.707166,-3.636863,-3.593196,-3.572459,-3.589633,-3.643516,-3.708901,-3.793538,-3.890719,-3.971932,-4.050678,-4.087080,-4.156321,-4.266082,-4.393555,-4.524949,-4.711195,-5.009737,-5.221799,-5.484229,-5.853373,-6.005360,-6.332236,-6.755064,-7.964815,-7.607568,-7.397811,-7.282951,-6.299517,-7.487724,-6.485618,-6.208756,-5.122182,-4.722535,-3.638132,-2.670392,0.237616,1.087864,0.545553,-2.382215,-3.511287,-4.026756,-6.380198,-6.517239,-7.513079,-9.359107,-7.303047,-7.835938,-4.347456,-3.174659,-0.442906,0.529930,0.072280,-2.479302,-3.769901,-6.046575,-8.808805,-6.856324,-4.066727,-3.007157,-0.169666,0.745109,0.243732,-2.478978,-3.708280,-4.456993,-6.727806,-3.684644,-1.119132,-0.082938,-0.492009,-2.858931,-3.948058,-4.206771,-1.431072,-0.475625,-0.947371,-3.545902,-4.844508,-8.238466,-7.758434,-7.662529,-5.192629,-4.126781,-1.277232,-0.367078,-0.872274,-3.563216,-2.355418,-1.306117,-1.708665,-4.355105,-1.541039,-0.840687,-1.474167,-4.351014,-6.009173,-5.298817,-2.459938,-1.526958,-2.014590,-4.665927,-5.794480,-3.905027,-2.284565,-2.322901,-2.826124,-1.796986,-2.530942,-3.804322,-4.391005,-6.363161,-3.902538,-2.882520,-3.301032,-6.083451,-3.683283,-3.002054,-3.301829,-3.228762,-3.182452,-3.817391,-4.118658,-3.092481,-3.481798,-4.542169,-4.214550,-4.994787,-3.838984
-3.770683,-3.718839,-3.688494,-3.690168,-3.718180,-3.788901,-3.901077,-4.052957,-4.244274,-4.385597,-4.317421,-4.052383,-3.759675,-3.489089,-3.273888,-3.099793,-2.968877,-2.869950,-2.805790,-2.770932,-2.765596,-2.786265,-2.839630,-2.895494,-2.952658,-2.959475,-2.908285,-2.814577,-2.712988,-2.618172,-2.569509,-2.570137,-2.620093,-2.727615,-2.900496,-3.123735,-3.309573,-3.306651,-3.184822,-3.067317,-2.975123,-2.898505,-2.840338,-2.726653,-2.546100,-2.431938,-2.284710,-2.107765,-2.063409,-1.451520,-1.012361,0.094451,0.761756,0.289576,-0.715133,-2.170094,-3.126351,-3.163641,-3.789166,-4.134374,-4.498637,-4.518063,-5.065386,-4.398551,-3.416118,-0.450326,0.316817,-0.055205,-1.812391,-3.731497,-4.721640,-6.018019,-6.411543,-4.822316,-5.010025,-0.208098,0.580090,0.113834,-2.066326,-3.704619,-4.900061,-7.038864,-3.845173,-1.262847,-0.234933,-0.641693,-3.000379,-4.601229,-6.018488,-1.310618,-0.512671,-1.016607,-3.395108,-4.884940,-6.700256,-7.512979,-8.075468,-5.550030,-4.462222,-1.441503,-0.546447,-1.032196,-3.389546,-2.379413,-1.457156,-1.827203,-4.261209,-1.737987,-1.097465,-1.733189,-4.641545,-6.405844,-5.361228,-2.389830,-1.461229,-1.933509,-4.446755,-5.339131,-4.071457,-2.510972,-2.549761,-3.092755,-2.039133,-2.271969,-2.504652,-3.150456,-5.725935,-3.694346,-2.695046,-3.140264,-5.185828,-3.535495,-2.998435,-3.236265,-3.592319,-3.494691,-4.149070,-4.529339,-3.744952,-4.140390,-5.432053,-4.527527,-5.871336,-6.648061
-3.694429,-3.635181,-3.605352,-3.604621,-3.629502,-3.702489,-3.819154,-3.992661,-4.224166,-4.452164,-4.383208,-4.031175,-3.668046,-3.367389,-3.119652,-2.934127,-2.780725,-2.668523,-2.592046,-2.549174,-2.540432,-2.565600,-2.620008,-2.699473,-2.781949,-2.805765,-2.725340,-2.567509,-2.390961,-2.244233,-2.151196,-2.110713,-2.129395,-2.230973,-2.436935,-2.787543,-3.273567,-3.225867,-2.753347,-2.466478,-2.343774,-2.335099,-2.349092,-2.180826,-1.854014,-1.544955,-1.309945,-1.153301,-0.990350,-0.654002,-0.343377,0.571300,1.043928,0.630924,-0.061765,-0.510522,-0.783054,-1.076786,-1.224921,-1.284263,-1.436259,-1.718271,-1.916736,-1.593326,-0.690576,0.316783,0.479770,0.391899,-0.221622,-0.924690,-0.996367,-1.082980,-1.135072,-1.524990,-0.884484,0.047680,0.042212,-2.357896,-0.745678,-0.835381,-2.479704,-1.304127,-1.669448,-1.094728,-1.843252,-1.570429,-2.736050,-2.024129,-0.989349,-0.199160,0.021066,-0.450281,-1.511272,-2.248244,-1.835385,-2.164962,-3.405355,-2.498045,-2.145515,-1.579561,-0.669201,-1.347271,-2.358762,-1.703803,-1.463547,-1.089113,-1.555811,-1.089243,-0.962244,-1.573697,-2.180556,-2.348957,-2.001915,-1.801912,-2.738817,-2.267139,-2.831940,-3.968270,-3.470278,-1.751172,-1.953542,-2.235229,-1.941869,-2.554580,-2.491477,-3.436475,-2.562954,-2.148975,-1.471454,-1.942771,-2.805979,-1.995234,-1.602618,-1.934807,-2.279354,-2.004605,-2.698901,-3.747161,-3.653233,-2.579588,-3.753617,-4.971170,-2.769599,-2.222116
-3.768162,-3.713845,-3.691191,-3.699527,-3.741593,-3.814963,-3.952383,-4.160479,-4.460598,-4.821105,-4.766407,-4.288393,-3.878597,-3.552552,-3.310014,-3.122963,-2.983483,-2.885619,-2.823487,-2.798125,-2.809313,-2.861539,-2.966675,-3.107417,-3.262937,-3.354941,-3.284168,-3.081467,-2.877690,-2.729409,-2.635906,-2.619698,-2.667382,-2.812672,-3.081750,-3.583229,-4.819198,-4.597084,-3.720412,-3.416799,-3.450866,-3.732423,-4.476236,-4.089705,-3.392842,-3.032725,-2.991693,-3.276567,-3.758919,-3.204122,-2.252702,0.491061,1.342819,0.779271,-2.045059,-3.547570,-4.606895,-4.520313,-4.544777,-4.540943,-4.863472,-5.006281,-4.288447,-3.513114,-2.531191,0.128685,1.100901,0.641531,-1.894053,-3.105630,-4.664585,-5.876813,-6.938542,-4.044610,-2.945845,-0.192306,0.765841,0.298745,-2.300901,-3.617233,-4.288708,-6.186103,-2.818921,-0.235437,0.800926,0.391611,-1.965532,-3.689048,-3.263571,-0.485965,0.466978,-0.004340,-2.597380,-3.897733,-7.300200,-7.940961,-7.451615,-4.551376,-3.489002,-0.677112,0.243122,-0.247761,-3.248331,-1.688091,-0.550453,-0.959113,-4.393476,-1.132661,-0.209711,-0.657575,-3.027447,-4.503271,-4.269478,-1.633951,-0.613437,-1.035466,-3.472569,-4.431350,-3.380005,-1.774184,-1.777821,-2.111037,-1.438924,-1.373028,-1.712250,-2.353854,-4.273865,-2.228498,-1.191544,-1.611427,-3.844767,-2.995228,-1.815858,-2.139565,-2.548643,-2.818051,-2.772317,-2.818988,-1.766935,-1.631780,-1.520468,-2.042664,-2.566447,-2.550126
-4.010403,-3.972558,-3.961364,-3.987257,-4.056866,-4.157710,-4.329517,-4.582443,-5.000015,-5.688350,-5.643572,-4.903051,-4.437891,-4.133193,-3.910205,-3.766225,-3.676253,-3.627718,-3.620692,-3.667141,-3.769891,-3.924439,-4.162255,-4.534087,-5.011783,-5.593252,-5.450299,-4.964332,-4.785500,-4.717151,-4.751615,-4.888492,-5.146031,-5.407569,-5.619056,-5.828385,-6.036733,-6.301535,-6.933355,-7.825656,-8.226328,-7.383118,-8.367397,-6.882064,-7.688868,-8.831541,-7.387538,-6.656617,-6.009028,-3.587688,-2.562038,0.425172,1.284213,0.737239,-2.183240,-3.322072,-4.012303,-6.098219,-7.058025,-7.483274,-7.613278,-7.752056,-6.617146,-3.803351,-2.683835,0.042545,1.015497,0.557938,-1.990419,-3.296323,-6.029947,-6.650991,-6.644808,-3.967572,-2.890523,-0.121054,0.821756,0.342434,-2.294181,-3.572939,-4.331096,-6.434214,-2.948959,-0.386189,0.649937,0.240742,-2.124257,-3.254864,-3.305130,-0.523073,0.431762,-0.040708,-2.647786,-3.930448,-7.138657,-7.256270,-7.273488,-4.731811,-3.667266,-0.846052,0.072229,-0.419638,-3.395665,-1.783835,-0.656700,-1.071414,-2.912616,-3.033184,-1.076938,-1.172173,-3.121702,-4.539369,-4.336507,-1.643291,-0.646697,-1.085650,-3.573108,-5.632080,-3.508206,-1.870485,-1.859424,-2.068674,-1.442272,-1.302871,-1.207439,-1.807563,-4.331988,-2.557528,-1.508098,-1.927529,-4.030009,-2.223165,-1.476117,-1.516898,-2.109272,-2.414844,-3.026096,-2.581405,-1.562433,-2.281736,-2.000462,-2.263350,-2.926632,-2.327934
-4.463188,-4.454555,-4.485513,-4.555851,-4.667854,-4.848133,-5.070735,-5.423484,-5.931069,-6.985811,-6.622193,-5.954525,-5.552925,-5.349811,-5.295914,-5.249056,-5.365687,-5.525201,-5.757011,-6.200899,-6.394610,-7.064878,-6.958527,-6.722288,-7.491985,-7.485790,-8.049538,-8.151913,-8.967829,-9.682187,-8.631713,-8.164968,-8.769354,-8.458147,-8.738492,-9.111095,-8.883013,-8.219652,-9.128014,-8.447959,-8.879292,-8.263523,-7.601326,-7.469515,-8.055514,-7.495774,-6.633505,-7.070853,-6.063694,-3.643247,-2.616686,0.369693,1.228613,0.681650,-2.238449,-3.375328,-4.071060,-6.151519,-7.274908,-7.515627,-7.384817,-8.774851,-6.517261,-3.882782,-2.768607,-0.042304,0.930674,0.473237,-2.071860,-3.395325,-6.539713,-6.590464,-6.564971,-3.943498,-2.875465,-0.081704,0.851236,0.364165,-2.302036,-3.567975,-4.319007,-6.404250,-3.093969,-0.537159,0.499248,0.089856,-2.273525,-3.830939,-3.357093,-0.568575,0.384465,-0.088848,-2.699300,-3.969258,-6.963596,-8.468319,-8.033586,-4.959177,-3.933403,-1.108096,-0.190456,-0.688647,-3.263700,-1.819502,-0.772354,-1.178281,-3.462340,-1.316528,-0.471364,-0.974468,-3.391469,-4.817301,-4.482391,-1.756844,-0.778041,-1.229860,-3.757052,-4.680945,-3.570889,-1.961625,-1.947569,-2.120977,-1.428053,-1.726821,-1.182231,-1.716579,-4.195892,-2.969888,-2.006118,-2.406178,-4.799872,-1.800489,-1.191977,-2.254488,-2.289175,-2.415841,-3.314076,-2.661655,-1.738614,-1.913582,-2.263299,-2.598836,-2.961321,-2.343797
-5.278494,-5.352019,-5.451638,-5.599975,-5.846556,-6.123712,-6.450353,-6.782053,-7.068889,-7.120120,-7.217882,-7.229129,-7.461874,-7.629388,-8.121730,-8.160316,-8.419943,-8.337399,-8.271120,-8.342875,-8.429400,-8.300947,-7.867370,-7.543322,-9.132805,-8.460714,-8.225121,-8.984184,-8.305573,-9.918645,-9.751801,-8.581181,-8.842712,-9.474381,-10.744453,-8.905196,-8.503814,-9.158721,-7.777124,-7.532845,-7.914611,-8.203987,-8.108017,-7.900939,-7.299751,-7.444612,-7.200525,-6.550470,-6.144936,-3.691249,-2.675083,0.314194,1.173113,0.626062,-2.294379,-3.435334,-4.120066,-6.228364,-7.208685,-7.805848,-7.807965,-8.369987,-6.856987,-3.986454,-2.855609,-0.127388,0.845842,0.388346,-2.158419,-3.480536,-6.521763,-6.619081,-6.442294,-3.962806,-2.879191,-0.070880,0.855317,0.362948,-2.325410,-3.563703,-4.330379,-6.592270,-3.254634,-0.687706,0.348453,-0.060616,-2.427554,-3.535006,-3.406959,-0.626023,0.325803,-0.148078,-2.754829,-4.041680,-7.357228,-7.939786,-7.621906,-5.423973,-4.311215,-1.503533,-0.583254,-1.087253,-3.358059,-1.890182,-0.883775,-1.278493,-3.572115,-1.119388,-0.358873,-0.935368,-3.740978,-5.040036,-4.788125,-2.026651,-1.068211,-1.534712,-4.099602,-5.391083,-3.675627,-2.054535,-2.046817,-2.213495,-1.455186,-3.020889,-1.508734,-1.946253,-5.036986,-4.037142,-2.824710,-3.258039,-4.805185,-3.110865,-3.151276,-2.493577,-2.791644,-2.955668,-3.347783,-3.324350,-2.413406,-3.466304,-2.791129,-2.850263,-3.337040,-3.506719
-6.655370,-6.943811,-7.446525,-9.119588,-8.601068,-8.869902,-9.513163,-9.080409,-10.156559,-10.342498,-8.962242,-8.364114,-10.736960,-8.210349,-8.935111,-8.348108,-8.403410,-8.071486,-9.239616,-8.016096,-8.621751,-8.034543,-8.107366,-8.685894,-10.339820,-9.243711,-9.229813,-9.967719,-9.128003,-10.773420,-10.695389,-9.401949,-9.817193,-10.535893,-9.786416,-9.732068,-8.907876,-10.338346,-8.500091,-8.175269,-8.444482,-8.793844,-8.509357,-8.236910,-7.662885,-7.647265,-7.411752,-6.672908,-6.175792,-3.750902,-2.730434,0.258608,1.117539,0.570502,-2.350255,-3.486979,-4.174760,-6.260253,-7.101576,-7.917234,-9.361493,-7.836514,-7.763192,-4.107775,-2.946065,-0.212657,0.760942,0.303298,-2.248582,-3.553999,-6.287262,-6.824808,-6.523150,-3.982187,-2.907076,-0.085017,0.836149,0.339737,-2.364920,-3.589912,-4.353804,-6.913350,-3.417637,-0.837628,0.198057,-0.211156,-2.568361,-4.046219,-3.488562,-0.695771,0.255773,-0.218982,-2.835080,-4.103184,-7.226199,-8.351745,-7.816669,-5.959465,-4.895940,-2.150836,-1.215723,-1.704723,-3.838538,-2.020057,-0.985304,-1.379578,-4.070385,-1.630329,-0.870837,-1.374855,-3.775562,-5.262180,-5.356206,-2.468078,-1.551370,-2.054876,-4.773968,-5.885038,-3.755311,-2.143519,-2.143915,-2.338409,-1.537129,-2.212968,-2.267155,-2.650854,-5.716567,-6.447217,-4.468105,-4.700499,-6.131099,-3.390313,-2.690410,-4.116644,-3.203660,-3.118533,-3.416329,-4.140962,-3.139173,-3.676361,-3.118033,-3.123437,-3.836557,-3.481152
-6.428057,-6.519528,-6.788904,-7.115448,-7.429463,-8.050362,-8.553880,-9.767147,-10.812403,-9.348066,-8.760332,-8.046018,-8.685974,-7.996434,-8.009362,-7.971520,-8.218478,-7.649110,-8.727152,-8.068551,-8.415071,-9.303564,-7.949619,-8.623133,-10.283933,-9.147347,-9.221570,-9.868657,-9.077750,-10.708810,-11.115309,-9.384624,-9.837173,-10.625795,-10.169414,-9.729772,-8.995807,-11.728742,-8.547023,-8.245512,-8.567139,-8.855855,-8.725283,-8.407314,-7.824807,-7.864238,-7.563314,-6.809607,-6.233855,-3.807209,-2.785090,0.203029,1.061952,0.514940,-2.405611,-3.542026,-4.232673,-6.310980,-7.169635,-7.876615,-9.481469,-7.788940,-9.222884,-4.204271,-3.032901,-0.297607,0.676061,0.218357,-2.335846,-3.629526,-6.221076,-7.228781,-6.948975,-3.993554,-2.956855,-0.121624,0.795445,0.295703,-2.420101,-3.655724,-4.393220,-6.969340,-3.570806,-0.988323,0.047253,-0.361747,-2.723991,-3.877512,-3.564960,-0.775808,0.174699,-0.300532,-2.914648,-4.193311,-7.383483,-8.330564,-8.227942,-6.787958,-5.695569,-3.798090,-2.515840,-2.710535,-5.531814,-2.160345,-1.085476,-1.488894,-3.691358,-3.162732,-2.498315,-2.160164,-3.809153,-5.522066,-5.760743,-2.769515,-1.913338,-2.466505,-5.420101,-5.544504,-3.854058,-2.231372,-2.244428,-2.513791,-1.631008,-2.193898,-4.310829,-5.111339,-6.269363,-3.924065,-2.901906,-3.316161,-5.221460,-3.335410,-2.723506,-2.745167,-2.748389,-2.936165,-3.675684,-3.894011,-2.965235,-3.153902,-3.440130,-3.417046,-3.776882,-3.188518
-5.494369,-5.428862,-5.358604,-5.288643,-5.352023,-5.457347,-5.600284,-5.759740,-6.003579,-6.168227,-6.255361,-6.336801,-6.518740,-6.620880,-7.436309,-7.063945,-7.772501,-7.359334,-7.640975,-7.600302,-7.206996,-7.840899,-8.276530,-9.007821,-7.443046,-7.013647,-6.722071,-7.857231,-7.405148,-9.320246,-7.328257,-6.019312,-7.552046,-6.827165,-6.587292,-8.545812,-7.201267,-6.808173,-7.648335,-8.396122,-7.739450,-7.537002,-7.477414,-8.391577,-7.206201,-7.219357,-7.164149,-6.512939,-6.291336,-3.862295,-2.840739,0.147463,1.006387,0.459373,-2.461143,-3.598241,-4.288301,-6.369477,-7.246600,-7.926210,-9.162153,-7.877493,-8.444218,-4.282368,-3.117565,-0.382346,0.591199,0.133500,-2.420933,-3.709873,-6.292392,-7.631371,-7.001647,-4.061127,-3.018581,-0.179631,0.734073,0.231834,-2.492119,-3.729031,-4.466786,-6.684178,-3.701696,-1.139748,-0.103502,-0.512864,-2.877234,-4.161018,-3.656462,-0.867440,0.082199,-0.393539,-3.008259,-4.286852,-7.504419,-8.509597,-8.659332,-6.676805,-5.423495,-2.786029,-1.818267,-2.263162,-4.447873,-2.251482,-1.193024,-1.600928,-3.611567,-1.793756,-1.077903,-1.657397,-4.143075,-5.821127,-5.384961,-2.513856,-1.587564,-2.082135,-4.777856,-5.435753,-3.929322,-2.320440,-2.345695,-2.714716,-1.731061,-2.859514,-2.445880,-2.844131,-6.930283,-3.541052,-2.467830,-2.884436,-5.539535,-2.729095,-2.223431,-3.783133,-3.153287,-3.182033,-3.814598,-4.306927,-3.459289,-4.206099,-3.986243,-3.665598,-4.009129,-4.042237
-5.141661,-4.887530,-4.620595,-4.431087,-4.339862,-4.312748,-4.350101,-4.454898,-4.645235,-4.893245,-5.130844,-5.126771,-4.915194,-4.701739,-4.548027,-4.473924,-4.473078,-4.465477,-4.522752,-4.600622,-4.706928,-4.854421,-5.079161,-5.337300,-5.588325,-6.174961,-5.913307,-5.496506,-6.007714,-6.045321,-6.139163,-6.780326,-7.103825,-7.217720,-6.314090,-6.391389,-5.942853,-5.722123,-6.129271,-7.661732,-8.230117,-6.962214,-6.334850,-6.227122,-6.073823,-8.605148,-7.661682,-7.937841,-6.268937,-3.925728,-2.900906,0.091796,0.950833,0.403810,-2.517463,-3.658873,-4.337245,-6.498767,-7.446708,-8.271436,-8.572668,-8.253352,-7.513961,-4.335140,-3.197526,-0.466807,0.506439,0.048874,-2.500802,-3.806264,-6.615269,-7.313051,-6.713380,-4.171651,-3.099472,-0.257920,0.652845,0.148465,-2.583201,-3.807623,-4.557699,-6.607994,-3.838494,-1.291243,-0.254446,-0.663739,-3.036162,-4.211404,-3.766084,-0.971041,-0.022114,-0.498465,-3.117444,-4.384404,-7.466436,-10.348620,-9.962203,-5.934968,-4.945631,-2.105122,-1.184577,-1.691548,-3.898929,-2.319294,-1.304129,-1.704107,-4.071791,-1.625984,-0.911641,-1.546528,-4.562667,-6.289677,-5.031832,-2.250513,-1.294816,-1.765258,-4.352852,-6.611010,-4.035033,-2.410443,-2.443432,-2.895602,-1.869952,-2.452120,-2.069921,-2.565379,-4.951755,-3.323469,-2.336754,-2.755356,-4.960299,-3.433042,-3.256516,-3.765576,-4.069297,-3.619143,-3.881236,-5.879036,-4.974841,-4.729729,-4.274934,-3.898501,-4.586169,-4.654046
-5.056076,-4.593153,-4.200390,-3.942837,-3.783639,-3.698061,-3.687309,-3.758132,-3.923154,-4.233370,-4.769541,-4.959424,-4.281522,-3.790724,-3.471282,-3.252269,-3.108166,-3.010481,-2.943052,-2.897203,-2.858387,-2.820326,-2.771693,-2.724431,-2.679981,-2.604330,-2.534422,-2.430171,-2.269170,-2.195179,-2.198457,-2.285568,-2.515554,-2.734312,-2.956769,-3.276963,-3.366956,-3.692826,-4.240952,-4.695446,-5.511225,-6.666158,-5.155045,-5.374232,-5.960705,-5.926643,-5.547163,-5.973782,-4.542393,-4.095121,-2.773709,0.066932,0.879405,0.357595,-2.436729,-3.176749,-3.864696,-5.358625,-6.110917,-6.872731,-7.181288,-7.701987,-6.866743,-4.469484,-3.269835,-0.550509,0.421542,-0.035860,-2.582807,-3.871686,-6.213176,-6.698683,-6.582871,-4.273190,-3.209357,-0.355906,0.552000,0.045307,-2.693859,-3.917854,-4.648503,-6.919687,-3.997638,-1.441337,-0.404875,-0.814319,-3.178366,-4.346069,-3.885413,-1.087619,-0.138834,-0.615816,-3.238509,-4.502780,-7.508524,-8.436897,-8.340544,-5.708783,-4.680471,-1.826113,-0.913994,-1.421715,-3.873235,-2.427604,-1.407892,-1.801890,-4.117570,-2.044739,-1.439116,-2.044908,-4.516810,-6.182858,-4.909467,-2.150694,-1.186818,-1.650118,-4.218856,-5.145599,-4.109041,-2.498775,-2.538814,-3.030755,-2.036677,-2.180516,-2.118761,-2.664234,-5.357148,-3.378705,-2.334651,-2.760599,-5.191635,-3.743283,-3.123281,-3.574175,-3.600570,-3.497116,-4.107000,-4.375223,-3.497081,-4.028780,-4.581447,-4.142125,-4.552436,-4.005509
-5.166224,-4.451149,-3.981567,-3.689170,-3.498098,-3.390542,-3.360079,-3.409637,-3.559627,-3.878816,-4.602116,-5.413819,-3.967873,-3.350718,-2.977627,-2.724725,-2.546343,-2.427495,-2.346902,-2.283910,-2.222403,-2.149231,-2.060269,-1.959003,-1.853313,-1.731152,-1.587006,-1.417811,-1.224931,-0.949765,-0.457169,-0.114738,-0.024592,-0.146704,-0.458536,-0.898849,-1.291412,-1.387695,-1.443225,-1.491385,-1.520235,-1.513977,-1.472806,-1.348920,-1.379604,-1.541352,-1.696853,-1.739128,-1.721095,-1.582004,-0.863642,-0.317420,0.331007,-0.050118,-0.979548,-1.787941,-2.360460,-2.535980,-2.798226,-3.159932,-3.442140,-3.763792,-4.211322,-3.948522,-2.879193,-0.617711,0.006208,-0.305663,-1.741514,-6.162735,-5.829401,-6.033282,-7.070520,-4.547521,-3.389975,-0.677835,0.107910,-0.251694,-1.985809,-4.283367,-5.014992,-6.802834,-4.695170,-1.555371,-0.585885,-0.972154,-3.096828,-4.822487,-4.204980,-1.507852,-0.649174,-1.026100,-2.885388,-4.718949,-6.450394,-9.922076,-8.469961,-6.167776,-5.116595,-1.882451,-1.088257,-1.611431,-4.201904,-2.784174,-1.736953,-2.126098,-3.960473,-4.145116,-3.047014,-2.814025,-4.497970,-6.298952,-5.287117,-2.444750,-1.506000,-1.951959,-4.292661,-6.033229,-4.675880,-3.124678,-3.150455,-3.134114,-2.340535,-2.671246,-2.871324,-3.378924,-5.581126,-3.851637,-2.836944,-3.249937,-5.479482,-4.772923,-4.289515,-4.317957,-3.861501,-4.021508,-4.812520,-4.641924,-3.677817,-4.050354,-5.550518,-4.840949,-4.963456,-4.988991
-5.463005,-4.439557,-3.934788,-3.621068,-3.418267,-3.302793,-3.267762,-3.310453,-3.450831,-3.762928,-4.471160,-5.283985,-3.849520,-3.234729,-2.850897,-2.603768,-2.429012,-2.318197,-2.249778,-2.202716,-2.154761,-2.086353,-1.992785,-1.887561,-1.776908,-1.651253,-1.501089,-1.319545,-1.116821,-0.829229,-0.448173,0.577772,0.937742,0.681000,-0.193769,-0.957633,-1.280599,-1.269898,-1.200986,-1.231681,-1.294064,-1.234356,-1.030780,-0.782869,-0.422976,0.330858,0.591085,0.361412,-0.394218,-1.082224,-1.675652,-1.602067,-0.743583,-0.314548,-0.177666,0.305537,0.329810,-0.329946,-0.927779,-0.907567,-0.360104,-0.050098,-0.248811,-0.161566,-0.378127,-1.417101,-2.301574,-1.620036,-0.915349,-0.500576,-0.066790,-0.057525,-1.526848,-1.352336,-1.869769,-1.957654,-1.120944,-1.430741,-2.595008,-0.560045,-0.092015,-0.387684,-1.366845,-1.509150,-0.575574,-0.460405,-0.772957,-1.233351,-1.711660,-2.324774,-2.442839,-1.949969,-2.694653,-3.762489,-0.889156,-1.214192,-3.113901,-3.023472,-2.255230,-2.441164,-1.546812,-1.514876,-1.241392,-2.773500,-2.107006,-1.828467,-2.389561,-2.362849,-1.282670,-1.841387,-2.583841,-2.357485,-2.201649,-1.741777,-1.642380,-1.984856,-3.170598,-2.488781,-1.675581,-2.229774,-3.530099,-2.168231,-2.250254,-1.825069,-1.806807,-2.644212,-3.030202,-2.744860,-2.773912,-2.770822,-4.764122,-2.590857,-2.225872,-2.484811,-2.499508,-2.901477,-2.682294,-2.600460,-3.008819,-4.197682,-4.474754,-3.708864,-2.897422,-3.123413
-5.828389,-4.557966,-4.031085,-3.724809,-3.531537,-3.417434,-3.386936,-3.436269,-3.581157,-3.879737,-4.435347,-4.713502,-3.929428,-3.396069,-3.060396,-2.841413,-2.699216,-2.631947,-2.605120,-2.604986,-2.602823,-2.576970,-2.516037,-2.446069,-2.366781,-2.284121,-2.171856,-2.021621,-1.857077,-1.847886,-1.765027,0.568023,1.260156,0.738962,-1.624929,-2.175776,-3.293712,-2.906332,-2.611722,-2.786707,-3.468613,-3.335281,-2.720003,-2.506412,-2.340155,0.247214,1.029828,0.451655,-2.683439,-3.404093,-3.312323,-3.103661,-3.003604,-3.064710,-4.145711,-0.110366,0.656973,0.016989,-3.055525,-3.462168,-2.847702,0.055693,0.890532,0.314025,-2.915681,-4.599561,-4.369266,-4.084063,-3.610002,0.313551,1.060645,0.409606,-3.224222,-3.913016,-4.588260,-5.736293,-5.954118,-4.357552,-3.435870,-0.193605,0.626445,0.040059,-3.118974,-1.510693,-0.636656,-0.453039,-0.143695,-0.425217,-1.098228,-2.229926,-4.899626,-4.617913,-4.086210,-0.569762,0.186871,-0.443924,-3.914324,-4.547979,-3.178773,-1.516804,-0.824787,-1.184560,-1.378463,-1.158352,-0.426865,-1.024440,-4.184192,-2.139913,-1.447774,-1.457952,-1.232220,-1.906111,-1.817959,-1.847122,-1.836782,-2.146235,-2.838070,-1.046019,-0.320374,-0.965366,-3.032311,-3.183385,-3.275991,-3.223353,-2.994764,-1.498872,-1.451016,-2.556582,-1.223115,-1.893360,-2.554601,-3.143035,-2.501313,-2.322833,-1.936834,-1.927787,-1.932951,-1.640476,-1.644469,-2.473480,-3.772544,-2.169759,-1.540327,-2.160140
-5.905858,-4.811656,-4.303066,-4.016136,-3.848855,-3.759586,-3.748094,-3.815416,-3.969393,-4.232145,-4.574615,-4.628976,-4.259407,-3.912394,-3.674017,-3.548644,-3.510044,-3.533060,-3.640862,-3.799193,-3.975084,-4.125486,-4.209358,-4.316742,-4.405983,-4.614143,-4.590815,-4.795354,-5.142986,-4.116748,-3.122313,0.489962,1.269538,0.645510,-2.759203,-3.809065,-4.764529,-5.422477,-5.652336,-5.974711,-8.115836,-6.155752,-5.769848,-4.108643,-3.054659,0.182574,0.988924,0.399398,-2.752658,-3.758165,-4.382042,-7.920773,-6.305041,-4.596934,-3.763753,-0.200422,0.535778,-0.120080,-3.608386,-4.411193,-3.134013,-0.014930,0.813915,0.234426,-2.753169,-3.852632,-6.192918,-4.006717,-3.339941,0.271152,1.014016,0.370789,-3.178796,-3.884476,-4.436821,-7.907735,-6.074162,-4.325846,-3.424256,-0.135055,0.672210,0.075956,-3.358441,-1.610961,-0.684205,-0.490852,-0.238304,-0.822122,-1.202729,-2.200958,-5.186798,-5.049136,-4.149635,-0.633048,0.130576,-0.493693,-3.863574,-4.104980,-2.968296,-2.136677,-1.119983,-0.963373,-1.420446,-1.456427,-0.922260,-1.500628,-4.244107,-1.890485,-1.115096,-1.788903,-1.312113,-1.296243,-1.723650,-2.176619,-2.017602,-2.278597,-2.929421,-3.136465,-3.634524,-3.524666,-2.953982,-2.892556,-2.902527,-2.089831,-1.862692,-1.986702,-1.796990,-2.785689,-1.611521,-1.868536,-2.046276,-4.284705,-2.855703,-3.889725,-2.486701,-2.371571,-1.987315,-2.525949,-2.949404,-3.737154,-4.176587,-3.716606,-2.473636,-2.679657
-5.813780,-5.209920,-4.835646,-4.563542,-4.449716,-4.427634,-4.458375,-4.523871,-4.734393,-4.918922,-5.094614,-5.114105,-5.071520,-5.013355,-5.033710,-5.203772,-5.529083,-6.065349,-6.756135,-7.356599,-7.152634,-6.685721,-6.737610,-7.215842,-8.069794,-9.461545,-7.813121,-6.426514,-5.552709,-3.820061,-2.961194,0.464548,1.238161,0.612602,-2.719960,-3.641922,-4.939592,-6.122198,-6.504734,-7.566683,-7.369260,-7.047854,-6.327209,-4.038413,-3.067812,0.136562,0.942137,0.352013,-2.804622,-3.795925,-4.391758,-10.495396,-6.488911,-4.723831,-3.883588,-0.330142,0.404499,-0.252351,-3.730100,-4.548717,-3.228067,-0.089281,0.739104,0.159767,-2.829308,-3.933986,-6.661156,-4.024138,-3.368515,0.218962,0.966103,0.326630,-3.185255,-3.936620,-4.396966,-6.757937,-5.922547,-4.318473,-3.438218,-0.116701,0.683681,0.081325,-3.132048,-1.585059,-0.743218,-0.539076,-0.331196,-1.585862,-1.287020,-2.190642,-5.101490,-4.845308,-4.186844,-0.747483,0.022180,-0.596677,-3.930954,-4.361885,-3.053323,-3.853548,-1.448097,-1.725827,-1.600912,-1.950247,-1.754906,-2.213188,-5.091733,-1.655564,-0.827934,-1.925636,-1.519730,-4.105971,-1.740192,-3.104635,-2.349658,-2.500891,-2.983704,-1.833257,-1.288674,-2.087024,-3.224070,-2.400294,-2.200526,-1.829091,-1.731812,-3.165795,-1.945914,-3.017965,-3.000222,-2.868147,-2.656512,-2.539297,-1.986072,-2.638784,-3.177615,-2.414630,-2.527407,-3.418409,-2.490681,-2.675373,-3.387860,-3.574620,-2.623105,-2.851162
-5.858841,-5.655546,-5.546934,-5.529004,-5.617159,-5.715741,-5.868644,-6.055733,-6.361549,-6.511966,-6.581024,-6.915107,-7.087476,-7.508706,-8.030701,-8.319002,-8.721021,-8.329246,-7.574756,-7.541978,-7.984925,-7.667994,-7.337978,-9.552533,-9.465257,-7.843648,-6.602203,-6.809982,-5.466142,-3.838170,-2.984099,0.431956,1.207280,0.582578,-2.769187,-3.664350,-5.112195,-6.329519,-6.923525,-7.443431,-8.789986,-8.088090,-7.166026,-4.008846,-3.151867,0.090030,0.895725,0.306083,-2.856286,-3.819104,-4.439722,-8.602009,-6.447741,-4.856652,-4.016077,-0.469021,0.263744,-0.394100,-3.845972,-4.675697,-3.314482,-0.163962,0.663958,0.084192,-2.893324,-3.995878,-6.397646,-4.073950,-3.399078,0.161119,0.912407,0.276636,-3.215984,-3.943810,-4.420498,-6.880704,-6.121152,-4.352503,-3.475570,-0.131519,0.663679,0.057104,-2.988175,-1.559182,-0.801899,-0.594444,-0.405344,-1.300500,-1.291871,-2.243396,-5.191693,-4.949963,-4.296926,-0.922294,-0.145839,-0.759083,-4.089939,-6.261312,-3.264883,-2.672573,-1.467442,-1.959985,-1.670711,-2.111778,-1.680841,-2.179205,-4.155231,-1.517729,-0.699222,-1.674079,-1.551930,-1.324590,-1.571255,-2.519784,-2.763851,-2.641186,-3.116016,-3.743471,-2.713915,-2.812952,-3.188857,-2.383725,-2.223608,-2.330958,-2.171594,-2.027085,-2.139914,-3.468652,-2.295557,-2.080361,-2.470904,-3.252649,-1.976681,-2.159268,-2.299080,-2.679159,-4.426875,-3.270405,-2.550702,-2.365800,-2.760853,-3.138170,-2.719405,-3.475404
-6.370730,-7.323621,-7.027751,-6.827744,-7.291890,-7.526515,-7.773197,-8.212559,-10.321106,-8.770048,-8.825237,-9.674295,-8.292877,-7.968368,-7.654789,-9.787277,-8.817670,-8.561851,-7.483987,-7.518682,-7.705291,-8.412531,-7.426564,-8.743449,-8.792555,-8.755452,-6.755050,-6.916484,-5.543890,-3.870735,-3.015657,0.401310,1.176443,0.551674,-2.801220,-3.698247,-5.104033,-6.401936,-6.741142,-6.995244,-7.985881,-7.691036,-7.110516,-4.057518,-3.198213,0.043496,0.849242,0.259585,-2.902959,-3.872972,-4.446293,-7.676738,-6.855221,-5.015989,-4.155186,-0.617708,0.112065,-0.547636,-3.975891,-4.860862,-3.408719,-0.238734,0.589421,0.010167,-2.982478,-4.092974,-6.486572,-4.127242,-3.439661,0.096355,0.851408,0.219498,-3.232129,-4.007896,-4.558342,-7.024443,-5.999174,-4.403132,-3.533245,-0.177631,0.614756,0.005636,-3.098603,-1.630812,-0.847438,-0.653935,-0.464026,-0.817308,-1.259140,-2.342479,-5.244312,-5.681257,-4.541441,-1.171950,-0.386809,-0.991258,-4.204837,-4.837100,-3.267160,-1.957092,-1.253171,-1.189210,-1.624388,-1.604220,-1.092699,-1.678770,-5.224564,-1.540091,-0.694370,-1.459925,-1.688825,-1.732751,-1.499557,-1.959832,-2.747204,-2.671071,-3.197258,-3.030871,-2.365954,-2.749881,-3.362972,-2.774317,-2.739695,-3.272708,-2.390271,-2.456622,-2.818300,-3.305408,-1.859939,-1.722704,-2.191837,-2.673115,-2.218714,-2.432473,-2.791814,-2.553663,-2.750104,-4.021465,-4.178748,-2.968465,-2.867959,-2.715085,-2.292536,-2.932916
-4.685715,-4.844026,-5.017936,-5.244917,-5.554828,-5.851500,-6.198199,-6.671607,-7.421954,-8.663859,-9.729119,-8.117475,-8.001222,-7.494564,-7.823577,-8.087204,-8.595051,-8.464709,-7.502581,-7.377273,-7.465421,-7.978452,-7.448213,-8.229355,-9.617490,-8.763340,-7.285473,-6.923657,-5.644583,-3.904250,-3.046554,0.370914,1.145625,0.520645,-2.826815,-3.733869,-5.121860,-6.356108,-6.592491,-6.781878,-7.626094,-7.726564,-6.982627,-4.119691,-3.234183,-0.003155,0.802791,0.213079,-2.945768,-3.934293,-4.482862,-7.279490,-6.725774,-5.164592,-4.301464,-0.779807,-0.053213,-0.715032,-4.112588,-5.034945,-3.474030,-0.313877,0.514361,-0.064980,-3.056073,-4.155893,-6.978701,-4.182793,-3.486117,0.022891,0.781727,0.153244,-3.258584,-4.089141,-4.608199,-7.573691,-6.220077,-4.488615,-3.612646,-0.251017,0.539087,-0.071931,-3.450185,-1.771990,-0.885790,-0.714978,-0.528778,-0.699301,-1.262860,-2.410324,-5.199670,-5.274289,-4.691085,-1.526340,-0.722263,-1.309891,-4.383656,-4.697289,-3.334934,-1.638823,-1.119049,-1.453842,-1.712465,-1.329145,-0.817974,-1.418730,-4.117846,-1.634125,-0.813770,-1.411197,-1.780851,-2.085067,-1.502671,-1.808978,-2.486456,-2.560860,-3.091844,-1.901523,-1.136199,-1.742236,-3.124978,-3.515575,-3.161544,-2.562609,-2.206030,-2.777951,-3.250347,-3.277110,-2.248647,-2.737232,-4.751249,-3.494216,-2.509977,-3.244969,-3.398083,-2.457609,-2.363474,-2.437662,-2.714177,-5.111524,-3.392966,-3.565784,-3.266232,-3.248448
-3.684062,-3.746457,-3.792230,-3.844165,-3.925366,-4.019264,-4.103394,-4.206428,-4.364955,-4.529218,-4.731344,-4.942808,-5.175854,-5.369122,-5.712104,-5.865474,-6.186293,-6.767439,-8.572309,-7.038642,-7.005675,-6.879040,-7.204858,-9.877230,-6.906577,-7.361755,-6.149234,-6.838807,-5.698240,-3.947047,-3.103743,0.339795,1.114576,0.490486,-2.861664,-3.763824,-4.971328,-6.901157,-6.774965,-6.154884,-7.157995,-6.762502,-7.036064,-4.200485,-3.268913,-0.048888,0.756618,0.166495,-2.988523,-3.992993,-4.540096,-7.400825,-6.886715,-5.348285,-4.467228,-0.955276,-0.235133,-0.900804,-4.254218,-5.237877,-3.528125,-0.388822,0.439314,-0.140294,-3.121263,-4.227951,-6.860723,-4.257819,-3.541879,-0.060747,0.701949,0.076641,-3.317386,-4.126163,-4.616387,-7.120954,-6.297729,-4.582833,-3.707220,-0.351658,0.437565,-0.174259,-3.715889,-1.857801,-0.931992,-0.778697,-0.615823,-0.873572,-1.325566,-2.414632,-5.301674,-5.850394,-4.955684,-2.030691,-1.175412,-1.719867,-4.608269,-5.990696,-3.605571,-1.492768,-1.044642,-2.874619,-1.843157,-1.287711,-0.721699,-1.329741,-4.555646,-1.915677,-1.068617,-1.497462,-1.771541,-1.522582,-1.594788,-1.991552,-2.303538,-2.458981,-3.225323,-1.499703,-0.783413,-1.440302,-3.546768,-2.863402,-2.591515,-2.462469,-2.862989,-3.515421,-2.401521,-4.162551,-3.195582,-2.672573,-2.574589,-3.164264,-2.783668,-4.049106,-3.074337,-3.173467,-3.072161,-3.984718,-3.892476,-5.012527,-3.618512,-3.793919,-3.725401,-4.460169
-3.132555,-3.136284,-3.142866,-3.139867,-3.140266,-3.137905,-3.147675,-3.178066,-3.224531,-3.291202,-3.370513,-3.470614,-3.544389,-3.636304,-3.712844,-3.763144,-3.836589,-3.864220,-3.907843,-3.917289,-3.954691,-3.893270,-3.913389,-4.074281,-4.373882,-4.793955,-4.298569,-3.679022,-3.600051,-3.388398,-2.719010,0.333302,1.073227,0.470108,-2.950569,-3.496972,-4.225258,-5.131255,-5.471524,-5.857831,-7.416323,-6.378469,-6.191747,-4.117786,-3.394986,-0.095538,0.709799,0.120293,-3.037030,-4.017812,-4.603156,-8.326314,-7.189610,-5.553856,-4.653607,-1.148512,-0.438004,-1.110120,-4.412731,-5.507923,-3.586219,-0.464068,0.364493,-0.214889,-3.203204,-4.312796,-6.585508,-4.362746,-3.601599,-0.155868,0.610504,-0.011256,-3.374404,-4.211060,-4.740794,-7.108013,-6.286021,-4.702202,-3.826167,-0.478941,0.310282,-0.301315,-3.529805,-1.838281,-0.989078,-0.846595,-0.718946,-1.430102,-1.415999,-2.398046,-5.285542,-7.514715,-5.245221,-2.550979,-1.586012,-2.063743,-4.763673,-5.681775,-3.671257,-1.457160,-1.013005,-1.509909,-1.827341,-1.488763,-0.735368,-1.354704,-4.714533,-2.370324,-1.523330,-1.752500,-1.970977,-2.956000,-1.896377,-2.489874,-2.240507,-2.435072,-3.439390,-2.181221,-1.311646,-1.845095,-3.507935,-2.642727,-2.399131,-2.551485,-3.520652,-2.352028,-2.104070,-3.656252,-2.667362,-2.468869,-3.420125,-4.400643,-3.448226,-5.275635,-3.113658,-3.076643,-3.821045,-4.174311,-5.195713,-3.788401,-3.677808,-4.192622,-4.613916,-5.326315
-2.832105,-2.825462,-2.802776,-2.768606,-2.730835,-2.690562,-2.665674,-2.658608,-2.667149,-2.698196,-2.752534,-2.813918,-2.879336,-2.918266,-2.942269,-2.946063,-2.939968,-2.937547,-2.909825,-2.822228,-2.664024,-2.463390,-2.288492,-2.173504,-2.135012,-2.098408,-1.959619,-1.714467,-1.481330,-1.317240,-1.505503,0.279843,0.933958,0.367673,-0.997565,-1.496744,-2.023424,-2.797312,-3.471683,-3.342415,-3.522196,-4.436582,-4.181680,-3.629586,-2.790270,-0.074682,0.612937,0.099223,-2.428114,-3.016565,-3.994017,-4.777858,-4.680722,-3.948361,-3.438175,-1.289475,-0.632988,-1.465904,-3.489121,-4.522109,-3.774092,-0.543363,0.288080,-0.290928,-3.275864,-4.352405,-5.731269,-4.790490,-3.761239,-0.260786,0.503451,-0.109548,-3.428989,-4.195517,-4.753627,-7.301424,-6.700655,-4.860036,-3.951565,-0.630693,0.156417,-0.454456,-3.431950,-1.827002,-1.046521,-0.919929,-0.814124,-2.581693,-1.475599,-2.406929,-5.347628,-5.896183,-5.121099,-2.300697,-1.416269,-1.943413,-4.772697,-5.690666,-3.697801,-1.504677,-1.063051,-1.382211,-1.830336,-1.843995,-0.858758,-1.481982,-4.552716,-3.202074,-2.357721,-2.244218,-1.996084,-1.963084,-2.186912,-3.408915,-2.337950,-2.574313,-3.217209,-2.355604,-1.631322,-2.254828,-3.360111,-2.763896,-2.839737,-2.559090,-2.258664,-2.348695,-2.271744,-3.720209,-2.689101,-3.087320,-3.429871,-3.463345,-3.302910,-3.626377,-3.421813,-3.379054,-4.112266,-3.434208,-2.965900,-3.242002,-4.486514,-5.232445,-3.802939,-3.880741
-2.710167,-2.693478,-2.660108,-2.612725,-2.552948,-2.500988,-2.462442,-2.440127,-2.435362,-2.459271,-2.505206,-2.566834,-2.630433,-2.667107,-2.669720,-2.658835,-2.639878,-2.629651,-2.599033,-2.484522,-2.264880,-1.997632,-1.751476,-1.560085,-1.447222,-1.359729,-1.254849,-1.118306,-0.952131,-0.829109,-0.717511,0.143310,0.877582,-0.473665,-0.344976,-0.732472,-1.206459,-1.576953,-1.754529,-1.723878,-1.633385,-1.535382,-1.326836,-0.963147,-0.691231,-0.690383,0.375055,-1.195821,-0.459079,-0.845357,-1.169226,-1.362903,-1.678233,-2.227343,-1.617241,-0.692962,-1.733078,-0.746778,-1.338107,-2.302749,-3.431892,-0.534867,-0.085108,-0.488018,-1.712588,-3.044475,-4.030308,-4.193317,-3.163146,-0.370760,-0.044715,-0.708052,-2.886308,-2.858727,-3.603564,-4.139985,-5.077671,-4.604477,-3.587773,-1.137055,-0.320447,-0.827933,-3.345673,-2.392370,-1.800148,-1.263206,-0.989752,-1.471261,-2.688639,-3.248867,-5.221599,-5.668902,-4.627222,-3.281729,-1.719573,-1.899326,-3.746857,-5.382143,-4.117795,-2.252180,-1.599196,-2.541851,-2.703910,-2.495789,-1.445657,-2.009046,-4.740335,-3.446041,-2.739157,-3.513852,-2.370392,-2.914954,-3.061518,-3.786233,-3.541559,-4.257638,-4.369525,-2.811180,-2.384822,-3.338606,-4.974746,-5.151316,-4.560270,-3.263779,-2.718651,-5.494063,-3.468737,-3.806290,-3.207302,-3.423898,-3.969810,-4.681479,-3.463871,-4.296946,-4.130804,-4.347163,-3.988033,-3.809918,-4.277614,-4.978851,-5.592228,-5.391748,-5.025952,-5.355051
-2.742424,-2.730250,-2.695158,-2.642720,-2.580403,-2.519580,-2.478314,-2.453833,-2.451461,-2.482394,-2.539033,-2.611796,-2.693217,-2.745839,-2.757612,-2.750016,-2.730697,-2.753841,-2.754454,-2.640852,-2.376531,-2.063939,-1.790212,-1.578093,-1.444773,-1.366651,-1.318034,-1.299084,-1.255475,-1.084553,-0.978482,0.546759,1.061527,0.494117,-0.731672,-1.305435,-1.716756,-1.931640,-1.993392,-2.023430,-1.920366,-1.626795,-1.303425,-1.030060,-0.888468,0.392482,0.864274,0.425587,-0.997206,-1.003814,-1.002437,-1.183844,-1.574806,-1.680243,-1.247165,0.358873,0.887046,0.619783,-0.496928,-1.089337,-1.305748,-0.241136,0.237529,-0.076478,-1.151418,-1.820167,-1.576872,-1.271613,-0.914168,-0.116370,0.725476,0.393477,-0.760858,-1.376577,-1.436784,-1.712721,-1.594246,-1.246863,-1.501538,-0.867050,-0.193853,-0.543930,-1.519375,-1.373931,-0.569244,-0.458152,-0.372498,-0.372263,-0.671250,-1.556011,-4.346373,-2.445287,-1.571899,-0.327776,0.044187,-0.848514,-2.124448,-3.064537,-2.923919,-2.806270,-1.478399,-1.248262,-1.386704,-2.015159,-0.967473,-1.454009,-2.410821,-1.546037,-1.259112,-1.495283,-1.535630,-1.775834,-2.389013,-2.390394,-2.101594,-2.609394,-2.882565,-2.520854,-1.315192,-1.697149,-2.184684,-2.657184,-2.835478,-1.413856,-1.127038,-1.456733,-2.243331,-2.439431,-1.786267,-2.003670,-2.558534,-3.032626,-1.746652,-2.046916,-2.153062,-2.065668,-2.424974,-3.512138,-2.548553,-2.926326,-4.168725,-2.742052,-2.219625,-2.605595
-2.930707,-2.928209,-2.901452,-2.857800,-2.807813,-2.751364,-2.716568,-2.707978,-2.722338,-2.774291,-2.860811,-2.976477,-3.100121,-3.194039,-3.236305,-3.253031,-3.273865,-3.354278,-3.449121,-3.391904,-3.071475,-2.703812,-2.422565,-2.239622,-2.132856,-2.128921,-2.253622,-2.503430,-2.832169,-2.728906,-2.111361,0.492230,1.200372,0.598572,-2.507726,-3.166851,-4.095084,-5.166414,-5.279939,-8.306143,-4.650878,-3.953120,-3.926280,-3.602241,-3.045307,0.227857,1.027113,0.440700,-2.492725,-3.145109,-3.785198,-4.623574,-4.703971,-3.889003,-3.389882,0.366446,1.103490,0.445112,-3.266210,-4.246838,-3.349962,-0.187093,0.635011,0.057027,-2.918102,-4.058528,-5.637828,-4.012505,-3.180612,0.369950,1.125034,0.492902,-2.965971,-3.754106,-4.228736,-8.330666,-6.241870,-4.331111,-3.447923,-0.074933,0.713174,0.101249,-2.920212,-1.431152,-0.657907,-0.645902,-0.375947,-0.596136,-1.187115,-2.317963,-5.120550,-4.910536,-4.111671,-0.679517,0.084380,-0.538906,-3.868825,-4.268947,-3.096039,-2.224338,-1.371359,-2.518278,-1.527110,-1.267635,-0.776712,-1.352640,-4.049465,-1.898675,-1.133235,-1.297594,-1.459626,-2.270765,-2.023304,-2.112713,-2.481988,-2.689760,-2.892841,-1.245896,-0.561914,-1.245833,-3.358264,-2.277720,-1.882025,-1.618798,-1.852415,-2.349406,-3.226230,-2.172218,-1.436124,-1.742272,-2.453358,-2.073342,-1.368448,-1.784081,-2.295673,-2.215201,-2.106482,-2.107524,-1.943423,-2.303084,-3.700339,-2.925657,-2.233087,-2.685156
-3.319720,-3.345416,-3.344100,-3.312682,-3.279461,-3.261465,-3.252695,-3.276375,-3.340847,-3.450297,-3.605609,-3.816300,-4.045303,-4.284903,-4.422132,-4.509416,-4.662256,-4.946681,-5.729593,-5.552070,-4.759557,-4.316298,-4.160018,-4.174296,-4.251616,-4.593624,-5.146266,-4.945702,-4.627920,-3.710348,-2.997081,0.411759,1.186260,0.561585,-2.768337,-3.687093,-4.796501,-6.932001,-7.209084,-6.894422,-7.302450,-6.480931,-6.301037,-4.065027,-3.065793,0.177838,0.983752,0.394418,-2.762174,-3.759685,-4.311933,-7.174344,-5.714767,-4.088583,-3.353957,0.331423,1.069077,0.411850,-3.205121,-3.984736,-3.419875,-0.267116,0.561352,-0.017941,-3.011126,-4.109819,-6.542368,-3.877646,-3.181518,0.340433,1.099799,0.471431,-2.954903,-3.764381,-4.225330,-6.617970,-6.072444,-4.422441,-3.560430,-0.179666,0.604672,-0.011086,-3.185730,-1.524242,-0.705083,-0.670642,-0.469441,-0.981462,-1.281622,-2.291180,-5.172152,-4.932412,-4.385947,-0.975420,-0.213607,-0.837880,-4.196213,-5.673891,-3.378114,-1.748159,-1.137953,-1.160046,-1.507251,-1.052839,-0.527507,-1.126853,-4.444930,-2.729321,-1.902295,-2.007282,-1.509169,-1.442530,-1.644678,-1.851184,-2.582145,-2.719037,-3.013054,-2.510139,-1.895597,-2.574126,-3.159798,-2.359165,-2.015010,-2.033576,-3.399902,-2.179718,-1.848825,-3.577980,-1.815465,-2.149566,-3.386899,-2.490843,-1.869737,-2.263280,-2.730402,-2.744888,-2.284462,-2.266503,-2.609779,-3.286763,-3.626872,-2.691018,-2.164473,-2.529533
-4.024201,-4.106373,-4.160713,-4.178689,-4.200198,-4.253241,-4.309356,-4.396293,-4.608343,-4.850075,-5.243404,-5.744586,-6.342305,-8.018289,-8.103893,-8.256719,-8.130178,-7.091108,-7.012879,-6.665316,-6.748997,-7.338639,-8.588088,-8.778999,-8.431017,-7.274653,-7.445193,-6.647122,-5.795804,-3.897536,-3.043997,0.381408,1.155430,0.530237,-2.811288,-3.727200,-5.150661,-6.241302,-6.787526,-6.998960,-7.181529,-7.850583,-6.365369,-4.023826,-3.087900,0.131036,0.937142,0.347706,-2.811626,-3.802700,-4.305181,-6.806889,-5.719211,-4.117252,-3.380752,0.294842,1.033533,0.377236,-3.229025,-4.015492,-3.427938,-0.342574,0.486121,-0.093520,-3.074241,-4.174156,-6.685739,-3.891450,-3.209555,0.300241,1.063042,0.438089,-2.970127,-3.754982,-4.335715,-7.670849,-6.216879,-4.576803,-3.717451,-0.311096,0.467227,-0.153255,-3.707291,-1.647313,-0.749371,-0.703184,-0.562893,-1.873290,-1.362755,-2.288402,-5.284925,-6.093594,-4.804290,-1.351255,-0.593211,-1.219831,-4.505002,-5.448202,-3.426258,-1.513928,-1.016840,-1.225900,-1.531781,-1.052417,-0.449028,-1.055709,-4.361101,-3.085943,-2.496867,-2.740374,-1.719782,-3.037633,-1.548321,-1.709717,-2.372436,-2.564544,-3.108541,-1.727058,-1.091926,-1.813440,-3.310354,-2.777119,-2.786484,-2.323352,-2.009830,-2.318029,-1.569557,-3.084686,-2.208963,-1.877708,-2.392847,-3.425480,-3.467294,-3.423907,-3.137841,-4.646187,-3.150452,-2.626116,-2.675656,-3.204766,-3.135879,-3.013541,-2.878505,-3.637145
-5.342351,-5.585689,-5.801789,-6.022458,-6.248518,-6.398848,-6.633035,-7.140564,-8.481712,-8.422832,-7.743954,-7.888613,-7.747720,-8.787245,-8.371864,-8.437295,-8.642440,-7.807652,-8.933192,-8.206184,-7.611436,-8.401215,-10.099181,-8.509725,-8.765222,-8.550604,-6.720462,-6.943654,-5.571148,-3.921882,-3.067962,0.349390,1.124548,0.499805,-2.852361,-3.747947,-5.178322,-6.443832,-6.977417,-7.436723,-8.475518,-7.865049,-7.006195,-4.010926,-3.160831,0.085032,0.890763,0.301044,-2.861743,-3.827005,-4.383704,-6.942811,-5.854908,-4.154902,-3.410395,0.256944,0.996443,0.340933,-3.257784,-4.052969,-3.440184,-0.418340,0.410750,-0.169232,-3.142790,-4.226111,-6.425606,-3.964499,-3.211778,0.248338,1.014837,0.392642,-2.985080,-3.825975,-4.353777,-7.735023,-6.616060,-4.767515,-3.902675,-0.473575,0.297680,-0.328179,-3.948537,-1.699743,-0.799380,-0.746080,-0.636098,-1.627177,-1.377108,-2.333448,-5.228895,-5.548124,-5.161182,-1.848338,-1.099679,-1.730366,-4.872614,-5.247171,-3.505285,-1.417969,-0.990032,-2.603916,-1.621799,-1.245096,-0.488203,-1.103620,-4.285639,-2.351614,-1.539299,-1.860079,-1.715264,-1.558000,-1.508521,-1.857568,-2.183880,-2.406965,-3.189592,-2.643175,-1.795782,-2.298489,-3.160483,-3.485807,-3.372995,-2.725175,-1.863422,-1.688725,-1.714428,-3.908201,-2.453475,-2.613235,-2.466145,-3.174474,-2.871725,-3.031600,-2.467918,-3.221450,-3.267918,-3.072255,-2.968786,-2.991298,-3.203646,-4.079284,-2.720150,-3.232681
-8.723137,-7.697471,-7.869053,-7.392480,-8.242377,-8.307658,-8.685356,-8.734145,-10.101068,-9.002155,-9.231785,-8.716202,-7.979920,-9.072577,-8.382627,-7.869118,-9.457816,-8.757726,-9.598152,-8.841961,-7.745701,-9.758619,-7.503827,-8.152902,-8.949355,-9.416870,-6.888247,-7.016234,-5.640974,-3.953827,-3.098049,0.318603,1.093728,0.468946,-2.884481,-3.782282,-5.174901,-6.483720,-6.742121,-6.959765,-7.983377,-7.566669,-7.153900,-4.049370,-3.213637,0.038743,0.844175,0.254812,-2.907389,-3.871454,-4.490376,-6.879867,-5.745650,-4.185102,-3.441859,0.216927,0.957645,0.303132,-3.287835,-4.070740,-3.484902,-0.493812,0.336087,-0.243316,-3.234042,-4.315524,-6.613037,-4.006435,-3.262349,0.185094,0.954654,0.335203,-3.017949,-3.876787,-4.369566,-7.005339,-6.546734,-4.965863,-4.118414,-0.672647,0.090953,-0.541117,-3.699486,-1.695857,-0.854364,-0.796618,-0.692178,-1.034105,-1.354169,-2.419674,-5.347908,-6.328019,-5.753891,-2.576758,-1.862517,-2.507105,-5.539085,-6.608761,-3.657017,-1.420779,-0.997178,-1.683500,-1.634895,-1.651055,-0.627213,-1.250860,-4.345376,-1.932651,-1.132612,-1.430408,-1.823274,-1.746644,-1.637465,-2.306624,-2.093959,-2.409410,-3.168738,-2.322064,-1.782458,-2.569994,-3.336620,-2.737595,-2.666385,-3.482759,-2.695531,-2.988613,-2.271719,-2.816197,-2.151902,-2.450007,-3.202042,-3.610286,-2.541217,-3.051810,-4.456334,-3.805460,-2.795720,-2.730160,-2.833794,-3.191795,-3.345301,-3.959865,-3.593397,-4.125636
-8.181224,-8.210149,-8.221817,-7.726336,-8.091894,-10.273478,-10.434993,-10.172771,-8.881278,-9.496193,-9.424404,-9.984887,-9.102774,-8.623922,-8.291015,-9.575584,-8.482157,-8.743722,-8.868707,-9.573917,-9.812174,-7.771127,-7.713542,-8.591982,-10.424014,-8.438183,-8.301023,-7.054667,-5.755509,-3.992323,-3.130662,0.288586,1.062904,0.437726,-2.904083,-3.821670,-5.187321,-6.352840,-6.660073,-6.914344,-7.552094,-7.812685,-6.866199,-4.125006,-3.241935,-0.008013,0.797701,0.208268,-2.948571,-3.938087,-4.579825,-7.471920,-5.915011,-4.229294,-3.475540,0.175982,0.917317,0.263465,-3.322512,-4.108452,-3.529131,-0.569074,0.260776,-0.319071,-3.296974,-4.364965,-6.987808,-4.054843,-3.328955,0.109902,0.882337,0.265821,-3.065424,-3.925488,-4.475249,-7.430396,-6.814535,-5.241622,-4.397601,-0.909852,-0.159667,-0.801918,-3.717829,-1.717538,-0.907236,-0.849432,-0.754135,-0.880182,-1.357044,-2.490934,-5.302140,-6.572557,-6.878072,-3.737872,-3.482542,-4.637527,-5.904766,-6.031274,-3.650004,-1.505995,-1.067741,-1.299443,-1.652014,-2.079083,-0.882195,-1.505347,-5.069623,-1.800357,-0.958478,-1.276647,-1.938911,-2.274482,-1.787090,-3.564023,-2.152977,-2.482593,-3.216548,-2.612107,-2.072544,-2.812830,-3.343816,-2.554360,-2.392169,-3.126596,-3.049631,-3.425356,-3.970916,-3.125916,-2.261862,-2.031017,-2.421879,-3.152943,-3.017753,-3.217549,-3.404926,-3.079261,-3.296952,-3.033732,-3.039331,-3.004046,-3.102614,-3.535266,-3.520351,-4.498687
-7.043599,-7.326143,-7.417321,-7.447605,-7.453864,-7.585677,-7.425425,-7.011065,-7.328915,-7.387983,-7.443957,-8.144442,-8.847178,-8.168429,-8.104277,-8.150742,-7.971301,-8.071215,-8.140981,-8.564095,-7.314924,-7.131951,-7.389355,-7.799074,-6.942997,-6.524622,-5.900499,-5.898083,-5.426588,-4.031886,-3.186494,0.257433,1.032014,0.407122,-2.921198,-3.847992,-4.944547,-6.262414,-8.188057,-6.997345,-8.133715,-7.275991,-6.297509,-4.278010,-3.262161,-0.054446,0.751344,0.161753,-2.992419,-4.001563,-4.588063,-8.307872,-6.021564,-4.272100,-3.511974,0.133211,0.875291,0.222161,-3.358139,-4.141700,-3.604104,-0.643805,0.185840,-0.394168,-3.365674,-4.442299,-6.805697,-4.162250,-3.367870,0.021795,0.797715,0.183921,-3.119590,-4.020391,-4.551296,-7.877264,-7.318307,-5.606762,-4.757535,-1.189278,-0.461810,-1.122913,-4.132809,-1.783924,-0.955880,-0.902349,-0.839291,-1.029768,-1.412554,-2.501324,-5.382918,-6.754635,-6.626288,-3.176429,-2.494620,-3.164502,-6.217000,-5.806704,-3.612211,-1.673434,-1.264655,-1.763914,-1.774327,-2.262553,-1.260342,-1.879464,-4.339341,-1.755638,-0.938575,-1.293610,-1.936385,-1.662450,-1.817614,-2.757476,-2.394435,-2.633469,-3.192693,-2.827914,-2.042367,-2.608514,-3.577637,-2.732087,-2.732523,-3.287884,-2.759151,-3.923609,-3.275290,-3.600162,-2.809001,-2.754354,-3.566055,-4.344397,-4.368690,-3.601976,-2.946644,-2.888156,-3.124952,-2.962111,-3.323832,-3.537191,-3.173348,-4.029075,-3.873435,-3.859767
-6.708512,-6.703898,-6.749575,-6.857411,-6.963845,-6.828476,-6.735347,-6.589494,-6.604631,-6.591221,-6.744139,-6.902368,-7.162305,-6.999557,-6.612116,-6.518643,-6.407982,-6.602362,-7.175014,-8.153499,-6.518294,-6.098122,-5.777548,-5.767810,-5.716542,-5.269770,-4.540363,-3.902996,-3.290962,-3.025962,-2.547567,0.273475,0.974730,0.399360,-2.654063,-2.997071,-3.565566,-4.578019,-5.248291,-5.799858,-6.210554,-5.913223,-5.562218,-4.332899,-3.349075,-0.100613,0.704624,0.115325,-3.039526,-3.994754,-4.575295,-10.128878,-6.042154,-4.329937,-3.559709,0.088997,0.831504,0.179027,-3.376600,-4.173085,-3.710658,-0.717316,0.111900,-0.467368,-3.461930,-4.564002,-6.492997,-4.269063,-3.449037,-0.079303,0.699842,0.089097,-3.194967,-4.081245,-4.638266,-7.776571,-7.859344,-6.039079,-5.238433,-1.501310,-0.813286,-1.512226,-5.290150,-1.857143,-1.004583,-0.957373,-0.943279,-1.563337,-1.495526,-2.488754,-5.383875,-6.029985,-6.245586,-2.680842,-1.952633,-2.598543,-6.155766,-5.595624,-3.549775,-1.934963,-1.577587,-3.609096,-1.849676,-2.310389,-1.843702,-2.427271,-5.963953,-1.887990,-1.040507,-1.428593,-2.160710,-2.832919,-1.903966,-2.226576,-2.817419,-2.826676,-3.306400,-2.344059,-1.694787,-2.375189,-3.455026,-3.447148,-3.297611,-4.237663,-3.672728,-2.722492,-2.748716,-3.215803,-2.892060,-3.434357,-3.160190,-4.168909,-3.024166,-3.643699,-4.221968,-3.321594,-3.442212,-3.962994,-3.692876,-3.645420,-3.981897,-3.693355,-3.470075,-3.949577
-6.430951,-6.460855,-6.497840,-6.522880,-6.508912,-6.446603,-6.346862,-6.244334,-6.184345,-6.173811,-6.229601,-6.334498,-6.382825,-6.279164,-6.061289,-5.903905,-5.810151,-5.936779,-6.227010,-6.391256,-5.838945,-5.361413,-5.082720,-5.115947,-5.213358,-5.258400,-4.316116,-3.317308,-2.547343,-1.724384,-1.091070,0.264396,0.679490,0.331325,-0.886828,-1.824168,-2.738824,-3.767817,-5.581082,-4.952507,-5.014171,-5.457719,-3.971322,-2.877141,-2.269531,-0.061872,0.546134,0.091095,-1.840684,-2.750849,-4.627912,-5.709616,-5.230989,-4.026860,-3.034538,0.073775,0.725109,0.152503,-2.399399,-3.423419,-4.014219,-0.789622,0.034259,-0.539497,-3.517731,-4.550855,-5.671873,-5.288081,-3.828043,-0.170346,0.570437,-0.022813,-2.879823,-3.871829,-4.951310,-7.015737,-8.780145,-6.056510,-5.353320,-1.801337,-1.165154,-1.866636,-4.843234,-1.913571,-1.056515,-1.014555,-1.046328,-3.211239,-1.570267,-2.483723,-5.707262,-7.162405,-5.837790,-2.446329,-1.727515,-2.394313,-5.848711,-5.198513,-3.460559,-2.328930,-1.978119,-1.790309,-1.838319,-2.655791,-2.624922,-3.087454,-4.773873,-2.107783,-1.275063,-1.703960,-2.222116,-2.187260,-2.027244,-2.159681,-3.237345,-3.034846,-3.285555,-2.591721,-1.923808,-2.576038,-3.444475,-3.334485,-3.200880,-2.633836,-3.027586,-3.043379,-2.930840,-4.137815,-2.871072,-3.233769,-3.661171,-3.325684,-2.793920,-3.163513,-3.228812,-3.850971,-4.226867,-4.559567,-5.806287,-4.298194,-4.792279,-4.146737,-4.690593,-4.440251
-6.339435,-6.342051,-6.366499,-6.383588,-6.356239,-6.300254,-6.209527,-6.117260,-6.056415,-6.040186,-6.064172,-6.128316,-6.155182,-6.039057,-5.885429,-5.750683,-5.645262,-5.736603,-5.901921,-5.928366,-5.585076,-5.204264,-4.965963,-5.021271,-5.239639,-6.499614,-4.519624,-3.291546,-2.440961,-1.799392,-0.871202,-0.310156,-0.154302,-0.337260,-0.848285,-1.693821,-2.618031,-3.624656,-5.003049,-4.861930,-5.063093,-5.507673,-3.870435,-2.780148,-1.403045,-0.656666,-0.421940,-0.618900,-1.270077,-2.598255,-4.505562,-4.189296,-3.958384,-3.461199,-1.514846,-0.663062,-0.381974,-0.577641,-1.390106,-3.287076,-1.888313,-0.971154,-0.734674,-0.996650,-1.728763,-2.807250,-2.881324,-2.689776,-1.646451,-0.691438,-0.494084,-0.927310,-2.310297,-2.826087,-3.130444,-3.243383,-3.374700,-3.383819,-2.788456,-2.318035,-1.920250,-1.879591,-2.443596,-3.626849,-2.220424,-1.870843,-1.714756,-2.128349,-3.132311,-5.052698,-4.471084,-4.353783,-4.224578,-2.580889,-1.963536,-2.272367,-3.821100,-4.516797,-4.484931,-3.042721,-2.505478,-2.965543,-3.393119,-2.750362,-2.461898,-2.845438,-4.168486,-2.781815,-2.477824,-3.108665,-3.102851,-3.829079,-3.560548,-3.719042,-4.553057,-5.197545,-6.432698,-3.321396,-2.672486,-3.227054,-6.565766,-4.975022,-4.479919,-3.648154,-3.592609,-4.790531,-3.531320,-4.571557,-3.785761,-4.056212,-4.445576,-4.890951,-3.806286,-4.410469,-4.749652,-5.429512,-5.626373,-4.567873,-4.376815,-5.164216,-8.170980,-5.868464,-5.673603,-6.215645
